userId,anchor_type,year_range,genre_phrase,anchor_movies
1473,recent,from the years 1964 to 1999,"genres such as Action, Adventure, Comedy, Documentary, Drama, Romance, Sci-Fi, War, Western","’Dances with Wolves’ (1990, Adventure|Drama|Western, Rating: 4.0/5), ’Dead Poets Society’ (1989, Drama, Rating: 3.0/5), ’Dr. Strangelove or: How I Learned to Stop Worrying and Love the Bomb’ (1964, Comedy|War, Rating: 4.0/5), ’Jesus' Son’ (1999, Drama, Rating: 3.5/5), ’House of Yes, The’ (1997, Comedy|Drama, Rating: 3.5/5), ’Sexy Beast’ (2000, Comedy|Crime|Drama, Rating: 3.0/5), ’Adventures of Priscilla, Queen of the Desert, The’ (1994, Comedy|Drama, Rating: 4.5/5), ’Mulholland Drive’ (2001, Crime|Drama|Film-Noir|Mystery|Thriller, Rating: 2.5/5), ’Short Cuts’ (1993, Drama, Rating: 4.0/5), ’Boys of St. Vincent, The’ (1992, Drama, Rating: 2.5/5)"
1473,top-rated,from the years 1964 to 1999,"genres such as Action, Adventure, Comedy, Documentary, Drama, Romance, Sci-Fi, War, Western","’American Movie’ (1999, Documentary, Rating: 5.0/5), ’Ice Storm, The’ (1997, Drama, Rating: 5.0/5), ’Life Is Beautiful (La Vita è bella)’ (1997, Comedy|Drama|Romance|War, Rating: 5.0/5), ’Rushmore’ (1998, Comedy|Drama, Rating: 5.0/5), ’Muriel's Wedding’ (1994, Comedy, Rating: 5.0/5), ’Adventures of Priscilla, Queen of the Desert, The’ (1994, Comedy|Drama, Rating: 4.5/5), ’Star Wars: Episode VI - Return of the Jedi’ (1983, Action|Adventure|Sci-Fi, Rating: 4.5/5), ’Dances with Wolves’ (1990, Adventure|Drama|Western, Rating: 4.0/5), ’Dr. Strangelove or: How I Learned to Stop Worrying and Love the Bomb’ (1964, Comedy|War, Rating: 4.0/5), ’Short Cuts’ (1993, Drama, Rating: 4.0/5)"
2120,recent,from the years 1960 to 2012,"genres such as Action, Adventure, Comedy, Crime, Drama, Fantasy, Film-Noir, IMAX, Mystery, Romance, Sci-Fi, Thriller, War, Western","’Aura, The (Aura, El)’ (2005, Crime|Drama|Thriller, Rating: 4.0/5), ’In the Heat of the Night’ (1967, Drama|Mystery, Rating: 4.5/5), ’Matrix Reloaded, The’ (2003, Action|Adventure|Sci-Fi|Thriller|IMAX, Rating: 4.0/5), ’Goonies, The’ (1985, Action|Adventure|Children|Comedy|Fantasy, Rating: 3.0/5), ’Django Unchained’ (2012, Action|Drama|Western, Rating: 4.5/5), ’Da Vinci Code, The’ (2006, Drama|Mystery|Thriller, Rating: 3.5/5), ’Highlander’ (1986, Action|Adventure|Fantasy, Rating: 4.0/5), ’Intouchables’ (2011, Comedy|Drama, Rating: 4.5/5), ’Wallace & Gromit in The Curse of the Were-Rabbit’ (2005, Adventure|Animation|Children|Comedy, Rating: 3.5/5), ’Trou, Le (Hole, The) (Night Watch, The)’ (1960, Crime|Film-Noir, Rating: 4.5/5)"
2120,top-rated,from the years 1960 to 2012,"genres such as Action, Adventure, Comedy, Crime, Drama, Fantasy, Film-Noir, IMAX, Mystery, Romance, Sci-Fi, Thriller, War, Western","’Dinner Game, The (Dîner de cons, Le)’ (1998, Comedy, Rating: 5.0/5), ’Matrix, The’ (1999, Action|Sci-Fi|Thriller, Rating: 5.0/5), ’2001: A Space Odyssey’ (1968, Adventure|Drama|Sci-Fi, Rating: 5.0/5), ’Life Is Beautiful (La Vita è bella)’ (1997, Comedy|Drama|Romance|War, Rating: 5.0/5), ’Amelie (Fabuleux destin d'Amélie Poulain, Le)’ (2001, Comedy|Romance, Rating: 5.0/5), ’Forrest Gump’ (1994, Comedy|Drama|Romance|War, Rating: 5.0/5), ’In the Heat of the Night’ (1967, Drama|Mystery, Rating: 4.5/5), ’Django Unchained’ (2012, Action|Drama|Western, Rating: 4.5/5), ’Intouchables’ (2011, Comedy|Drama, Rating: 4.5/5), ’Trou, Le (Hole, The) (Night Watch, The)’ (1960, Crime|Film-Noir, Rating: 4.5/5)"
2349,recent,from the years 1962 to 2008,"genres such as Action, Adventure, Animation, Children, Comedy, Crime, Drama, Fantasy, IMAX, Romance, Sci-Fi, Thriller","’Simpsons Movie, The’ (2007, Animation|Comedy, Rating: 5.0/5), ’Remains of the Day, The’ (1993, Drama|Romance, Rating: 5.0/5), ’Howards End’ (1992, Drama, Rating: 4.0/5), ’Get Smart’ (2008, Action|Comedy, Rating: 4.0/5), ’Leatherheads’ (2008, Comedy|Drama|Romance, Rating: 4.0/5), ’8 Seconds’ (1994, Drama, Rating: 4.0/5), ’Indiana Jones and the Kingdom of the Crystal Skull’ (2008, Action|Adventure|Comedy|Sci-Fi, Rating: 4.0/5), ’River Wild, The’ (1994, Action|Thriller, Rating: 3.5/5), ’Reign of Fire’ (2002, Action|Adventure|Fantasy, Rating: 1.0/5), ’Dark Knight, The’ (2008, Action|Crime|Drama|IMAX, Rating: 4.5/5)"
2349,top-rated,from the years 1962 to 2008,"genres such as Action, Adventure, Animation, Children, Comedy, Crime, Drama, Fantasy, IMAX, Romance, Sci-Fi, Thriller","’Simpsons Movie, The’ (2007, Animation|Comedy, Rating: 5.0/5), ’Remains of the Day, The’ (1993, Drama|Romance, Rating: 5.0/5), ’Shrek the Halls’ (2007, Adventure|Animation|Comedy|Fantasy, Rating: 5.0/5), ’WALL·E’ (2008, Adventure|Animation|Children|Romance|Sci-Fi, Rating: 5.0/5), ’Miss Pettigrew Lives for a Day’ (2008, Comedy|Romance, Rating: 5.0/5), ’Sum of All Fears, The’ (2002, Drama|Thriller, Rating: 5.0/5), ’Holy Guests (Ha-Ushpizin)’ (2004, Drama, Rating: 5.0/5), ’Muppets From Space’ (1999, Children|Comedy, Rating: 5.0/5), ’Mr. Hobbs Takes a Vacation’ (1962, Comedy, Rating: 5.0/5), ’Juno’ (2007, Comedy|Drama|Romance, Rating: 5.0/5)"
2827,recent,from the years 1972 to 1997,"genres such as Action, Adventure, Comedy, Crime, Drama, Mystery, Romance, Sci-Fi, Thriller","’Big Squeeze, The’ (1996, Comedy|Drama, Rating: 3.0/5), ’Ghosts of Mississippi’ (1996, Drama, Rating: 3.0/5), ’Private Parts’ (1997, Comedy|Drama, Rating: 4.0/5), ’Chamber, The’ (1996, Drama, Rating: 3.0/5), ’Godfather, The’ (1972, Crime|Drama, Rating: 4.0/5), ’Jack’ (1996, Comedy|Drama, Rating: 3.0/5), ’Jerry Maguire’ (1996, Drama|Romance, Rating: 5.0/5), ’Star Wars: Episode VI - Return of the Jedi’ (1983, Action|Adventure|Sci-Fi, Rating: 4.0/5), ’Up Close and Personal’ (1996, Drama|Romance, Rating: 3.0/5), ’Tin Cup’ (1996, Comedy|Drama|Romance, Rating: 3.0/5)"
2827,top-rated,from the years 1972 to 1997,"genres such as Action, Adventure, Comedy, Crime, Drama, Mystery, Romance, Sci-Fi, Thriller","’Jerry Maguire’ (1996, Drama|Romance, Rating: 5.0/5), ’Primal Fear’ (1996, Crime|Drama|Mystery|Thriller, Rating: 5.0/5), ’Private Parts’ (1997, Comedy|Drama, Rating: 4.0/5), ’Godfather, The’ (1972, Crime|Drama, Rating: 4.0/5), ’Star Wars: Episode VI - Return of the Jedi’ (1983, Action|Adventure|Sci-Fi, Rating: 4.0/5), ’Star Wars: Episode IV - A New Hope’ (1977, Action|Adventure|Sci-Fi, Rating: 4.0/5), ’Dead Man Walking’ (1995, Crime|Drama, Rating: 4.0/5), ’Leaving Las Vegas’ (1995, Drama|Romance, Rating: 4.0/5), ’Mr. Holland's Opus’ (1995, Drama, Rating: 4.0/5), ’Big Squeeze, The’ (1996, Comedy|Drama, Rating: 3.0/5)"
3288,recent,from the years 1960 to 2003,"genres such as Action, Adventure, Children, Comedy, Crime, Drama, Fantasy, Romance, Thriller, War, Western","’House of Sand and Fog’ (2003, Drama, Rating: 5.0/5), ’Old Yeller’ (1957, Children|Drama, Rating: 3.5/5), ’Bridget Jones's Diary’ (2001, Comedy|Drama|Romance, Rating: 4.0/5), ’Steel Magnolias’ (1989, Drama, Rating: 4.0/5), ’Score, The’ (2001, Action|Drama, Rating: 4.0/5), ’E.T. the Extra-Terrestrial’ (1982, Children|Drama|Sci-Fi, Rating: 3.5/5), ’Simon Birch’ (1998, Drama, Rating: 3.0/5), ’Karate Kid, The’ (1984, Drama, Rating: 3.5/5), ’Philadelphia’ (1993, Drama, Rating: 5.0/5), ’Glory’ (1989, Drama|War, Rating: 4.0/5)"
3288,top-rated,from the years 1960 to 2003,"genres such as Action, Adventure, Children, Comedy, Crime, Drama, Fantasy, Romance, Thriller, War, Western","’House of Sand and Fog’ (2003, Drama, Rating: 5.0/5), ’Philadelphia’ (1993, Drama, Rating: 5.0/5), ’Life as a House’ (2001, Drama, Rating: 5.0/5), ’Training Day’ (2001, Crime|Drama|Thriller, Rating: 5.0/5), ’Swiss Family Robinson’ (1960, Adventure|Children, Rating: 5.0/5), ’Legends of the Fall’ (1994, Drama|Romance|War|Western, Rating: 5.0/5), ’This Boy's Life’ (1993, Drama, Rating: 5.0/5), ’Boys Don't Cry’ (1999, Drama, Rating: 5.0/5), ’Edward Scissorhands’ (1990, Drama|Fantasy|Romance, Rating: 5.0/5), ’Pirates of the Caribbean: The Curse of the Black Pearl’ (2003, Action|Adventure|Comedy|Fantasy, Rating: 5.0/5)"
4394,recent,from the years 1932 to 1997,"genres such as Action, Adventure, Children, Comedy, Crime, Drama, Fantasy, Mystery, Romance, Sci-Fi, Thriller, War","’Poltergeist’ (1982, Horror|Thriller, Rating: 2.0/5), ’Dick Tracy’ (1990, Action|Crime, Rating: 3.0/5), ’Die Hard: With a Vengeance’ (1995, Action|Crime|Thriller, Rating: 3.0/5), ’Star Trek: Generations’ (1994, Adventure|Drama|Sci-Fi, Rating: 4.0/5), ’Coneheads’ (1993, Comedy|Sci-Fi, Rating: 3.0/5), ’Ghost’ (1990, Comedy|Drama|Fantasy|Romance|Thriller, Rating: 4.0/5), ’Star Trek VI: The Undiscovered Country’ (1991, Action|Mystery|Sci-Fi, Rating: 1.0/5), ’Quest for Camelot’ (1998, Adventure|Animation|Children|Fantasy|Musical, Rating: 3.0/5), ’Weird Science’ (1985, Comedy|Fantasy|Sci-Fi, Rating: 4.0/5), ’2010: The Year We Make Contact’ (1984, Sci-Fi, Rating: 4.0/5)"
4394,top-rated,from the years 1932 to 1997,"genres such as Action, Adventure, Children, Comedy, Crime, Drama, Fantasy, Mystery, Romance, Sci-Fi, Thriller, War","’Thomas Crown Affair, The’ (1968, Crime|Drama|Romance|Thriller, Rating: 5.0/5), ’Dolores Claiborne’ (1995, Drama|Thriller, Rating: 5.0/5), ’Swiss Family Robinson’ (1960, Adventure|Children, Rating: 5.0/5), ’Soylent Green’ (1973, Drama|Mystery|Sci-Fi|Thriller, Rating: 5.0/5), ’Cocoon’ (1985, Comedy|Sci-Fi, Rating: 5.0/5), ’Nick of Time’ (1995, Action|Thriller, Rating: 5.0/5), ’Contact’ (1997, Drama|Sci-Fi, Rating: 5.0/5), ’Logan's Run’ (1976, Action|Adventure|Sci-Fi, Rating: 5.0/5), ’Farewell to Arms, A’ (1932, Romance|War, Rating: 5.0/5), ’Star Trek III: The Search for Spock’ (1984, Action|Adventure|Sci-Fi, Rating: 5.0/5)"
4494,recent,from the years 1939 to 1998,"genres such as Comedy, Drama, Mystery, Romance, War","’Postman, The’ (1997, Action|Adventure|Drama|Sci-Fi, Rating: 3.0/5), ’We're No Angels’ (1989, Comedy|Crime, Rating: 3.0/5), ’Mary Shelley's Frankenstein (Frankenstein)’ (1994, Drama|Horror|Sci-Fi, Rating: 3.0/5), ’54’ (1998, Drama, Rating: 4.0/5), ’Mary Reilly’ (1996, Drama|Horror|Thriller, Rating: 3.0/5), ’Craft, The’ (1996, Drama|Fantasy|Horror|Thriller, Rating: 2.0/5), ’Being Human’ (1993, Drama, Rating: 3.0/5), ’Scarlet Letter, The’ (1995, Drama|Romance, Rating: 3.0/5), ’Dangerous Minds’ (1995, Drama, Rating: 3.0/5), ’Little Buddha’ (1993, Drama, Rating: 3.0/5)"
4494,top-rated,from the years 1939 to 1998,"genres such as Comedy, Drama, Mystery, Romance, War","’English Patient, The’ (1996, Drama|Romance|War, Rating: 5.0/5), ’Grace of My Heart’ (1996, Comedy|Drama, Rating: 5.0/5), ’To Live (Huozhe)’ (1994, Drama, Rating: 5.0/5), ’Guess Who's Coming to Dinner’ (1967, Drama, Rating: 5.0/5), ’Doctor Zhivago’ (1965, Drama|Romance|War, Rating: 5.0/5), ’Gone with the Wind’ (1939, Drama|Romance|War, Rating: 5.0/5), ’Man for All Seasons, A’ (1966, Drama, Rating: 5.0/5), ’Gandhi’ (1982, Drama, Rating: 5.0/5), ’Good Will Hunting’ (1997, Drama|Romance, Rating: 5.0/5), ’In the Heat of the Night’ (1967, Drama|Mystery, Rating: 5.0/5)"
6731,recent,from the years 1990 to 2003,"genres such as Action, Adventure, Animation, Children, Comedy, Crime, Drama, IMAX, Musical, Mystery, Romance, Sci-Fi, Thriller, War, Western","’Striking Distance’ (1993, Action|Crime, Rating: 4.0/5), ’Tears of the Sun’ (2003, Action|Drama|Thriller, Rating: 2.0/5), ’xXx’ (2002, Action|Crime|Thriller, Rating: 4.5/5), ’Babe’ (1995, Children|Drama, Rating: 3.5/5), ’Lion King, The’ (1994, Adventure|Animation|Children|Drama|Musical|IMAX, Rating: 4.5/5), ’Twister’ (1996, Action|Adventure|Romance|Thriller, Rating: 4.0/5), ’Toy Story’ (1995, Adventure|Animation|Children|Comedy|Fantasy, Rating: 3.5/5), ’Crimson Tide’ (1995, Drama|Thriller|War, Rating: 5.0/5), ’Clear and Present Danger’ (1994, Action|Crime|Drama|Thriller, Rating: 3.5/5), ’Dances with Wolves’ (1990, Adventure|Drama|Western, Rating: 5.0/5)"
6731,top-rated,from the years 1990 to 2003,"genres such as Action, Adventure, Animation, Children, Comedy, Crime, Drama, IMAX, Musical, Mystery, Romance, Sci-Fi, Thriller, War, Western","’Crimson Tide’ (1995, Drama|Thriller|War, Rating: 5.0/5), ’Dances with Wolves’ (1990, Adventure|Drama|Western, Rating: 5.0/5), ’Contact’ (1997, Drama|Sci-Fi, Rating: 5.0/5), ’Robin Hood: Men in Tights’ (1993, Comedy, Rating: 5.0/5), ’Net, The’ (1995, Action|Crime|Thriller, Rating: 5.0/5), ’Matrix Reloaded, The’ (2003, Action|Adventure|Sci-Fi|Thriller|IMAX, Rating: 5.0/5), ’Speed’ (1994, Action|Romance|Thriller, Rating: 5.0/5), ’As Good as It Gets’ (1997, Comedy|Drama|Romance, Rating: 5.0/5), ’Game, The’ (1997, Drama|Mystery|Thriller, Rating: 5.0/5), ’Other People's Money’ (1991, Comedy|Drama|Romance, Rating: 5.0/5)"
6916,recent,from the years 1982 to 2011,"genres such as Action, Adventure, Animation, Children, Comedy, Crime, Drama, Fantasy, Horror, IMAX, Mystery, Romance, Sci-Fi, Thriller, War","’13 Assassins (Jûsan-nin no shikaku)’ (2010, Action, Rating: 4.0/5), ’Limitless’ (2011, Sci-Fi|Thriller, Rating: 4.0/5), ’Watchmen’ (2009, Action|Drama|Mystery|Sci-Fi|Thriller|IMAX, Rating: 4.5/5), ’Prestige, The’ (2006, Drama|Mystery|Sci-Fi|Thriller, Rating: 4.5/5), ’X-Men’ (2000, Action|Adventure|Sci-Fi, Rating: 4.0/5), ’X2: X-Men United’ (2003, Action|Adventure|Sci-Fi|Thriller, Rating: 3.5/5), ’Eternal Sunshine of the Spotless Mind’ (2004, Drama|Romance|Sci-Fi, Rating: 4.0/5), ’District 9’ (2009, Mystery|Sci-Fi|Thriller, Rating: 4.0/5), ’Snatch’ (2000, Comedy|Crime|Thriller, Rating: 4.5/5), ’Pandorum’ (2009, Horror|Sci-Fi|Thriller, Rating: 3.5/5)"
6916,top-rated,from the years 1982 to 2011,"genres such as Action, Adventure, Animation, Children, Comedy, Crime, Drama, Fantasy, Horror, IMAX, Mystery, Romance, Sci-Fi, Thriller, War","’Conan the Barbarian’ (1982, Action|Adventure|Fantasy, Rating: 5.0/5), ’Moon’ (2009, Drama|Mystery|Sci-Fi|Thriller, Rating: 5.0/5), ’Kung Fu Hustle (Gong fu)’ (2004, Action|Comedy, Rating: 5.0/5), ’Up’ (2009, Adventure|Animation|Children|Drama, Rating: 5.0/5), ’Battlestar Galactica’ (2003, Drama|Sci-Fi|War, Rating: 5.0/5), ’Band of Brothers’ (2001, Action|Drama|War, Rating: 5.0/5), ’Ghostbusters (a.k.a. Ghost Busters)’ (1984, Action|Comedy|Sci-Fi, Rating: 5.0/5), ’Die Hard’ (1988, Action|Crime|Thriller, Rating: 5.0/5), ’Aliens’ (1986, Action|Adventure|Horror|Sci-Fi, Rating: 5.0/5), ’Akira’ (1988, Action|Adventure|Animation|Sci-Fi, Rating: 5.0/5)"
7601,recent,from the years 1988 to 2014,"genres such as Action, Adventure, Animation, Children, Comedy, Crime, Drama, Fantasy, IMAX, Sci-Fi, Thriller","’Big Hero 6’ (2014, Action|Animation|Comedy, Rating: 4.0/5), ’Interstellar’ (2014, Sci-Fi|IMAX, Rating: 4.5/5), ’Most Wanted Man, A’ (2014, Thriller, Rating: 4.0/5), ’Gone Girl’ (2014, Drama|Thriller, Rating: 5.0/5), ’Die Hard’ (1988, Action|Crime|Thriller, Rating: 5.0/5), ’Girl with the Dragon Tattoo, The’ (2011, Drama|Thriller, Rating: 4.5/5), ’The Lego Movie’ (2014, Action|Adventure|Animation|Children|Comedy|Fantasy, Rating: 4.5/5), ’Gravity’ (2013, Action|Sci-Fi|IMAX, Rating: 5.0/5), ’X-Men: Days of Future Past’ (2014, Action|Adventure|Sci-Fi, Rating: 5.0/5), ’Guardians of the Galaxy’ (2014, Action|Adventure|Sci-Fi, Rating: 4.5/5)"
7601,top-rated,from the years 1988 to 2014,"genres such as Action, Adventure, Animation, Children, Comedy, Crime, Drama, Fantasy, IMAX, Sci-Fi, Thriller","’Gone Girl’ (2014, Drama|Thriller, Rating: 5.0/5), ’Die Hard’ (1988, Action|Crime|Thriller, Rating: 5.0/5), ’Gravity’ (2013, Action|Sci-Fi|IMAX, Rating: 5.0/5), ’X-Men: Days of Future Past’ (2014, Action|Adventure|Sci-Fi, Rating: 5.0/5), ’Rush’ (2013, Action|Drama, Rating: 5.0/5), ’Day of the Doctor, The’ (2013, Adventure|Drama|Sci-Fi, Rating: 5.0/5), ’Edge of Tomorrow’ (2014, Action|Sci-Fi|IMAX, Rating: 5.0/5), ’Dawn of the Planet of the Apes’ (2014, Sci-Fi, Rating: 5.0/5), ’Way, Way Back, The’ (2013, Comedy|Drama, Rating: 5.0/5), ’Despicable Me’ (2010, Animation|Children|Comedy|Crime, Rating: 5.0/5)"
7835,recent,from the years 1962 to 2006,"genres such as Action, Adventure, Comedy, Crime, Drama, Fantasy, Mystery, Romance, Sci-Fi, Thriller, War","’Cube’ (1997, Horror|Mystery|Sci-Fi|Thriller, Rating: 3.0/5), ’Pan's Labyrinth (Laberinto del fauno, El)’ (2006, Drama|Fantasy|Thriller, Rating: 4.5/5), ’Little Miss Sunshine’ (2006, Adventure|Comedy|Drama, Rating: 5.0/5), ’Departed, The’ (2006, Crime|Drama|Thriller, Rating: 3.0/5), ’Raising Arizona’ (1987, Comedy, Rating: 2.5/5), ’Alfie’ (1966, Comedy|Drama|Romance, Rating: 3.5/5), ’Wallace & Gromit in The Curse of the Were-Rabbit’ (2005, Adventure|Animation|Children|Comedy, Rating: 3.5/5), ’Very Long Engagement, A (Un long dimanche de fiançailles)’ (2004, Drama|Mystery|Romance|War, Rating: 4.0/5), ’Princess Blade, The (Shura Yukihime)’ (2001, Action|Sci-Fi, Rating: 3.5/5), ’Sommersby’ (1993, Drama|Mystery|Romance, Rating: 3.0/5)"
7835,top-rated,from the years 1962 to 2006,"genres such as Action, Adventure, Comedy, Crime, Drama, Fantasy, Mystery, Romance, Sci-Fi, Thriller, War","’Little Miss Sunshine’ (2006, Adventure|Comedy|Drama, Rating: 5.0/5), ’Fight Club’ (1999, Action|Crime|Drama|Thriller, Rating: 5.0/5), ’Memento’ (2000, Mystery|Thriller, Rating: 5.0/5), ’Matrix, The’ (1999, Action|Sci-Fi|Thriller, Rating: 5.0/5), ’Das Experiment (Experiment, The)’ (2001, Drama|Thriller, Rating: 5.0/5), ’Godfather, The’ (1972, Crime|Drama, Rating: 5.0/5), ’Apocalypse Now’ (1979, Action|Drama|War, Rating: 5.0/5), ’Pan's Labyrinth (Laberinto del fauno, El)’ (2006, Drama|Fantasy|Thriller, Rating: 4.5/5), ’Manchurian Candidate, The’ (1962, Crime|Thriller|War, Rating: 4.5/5), ’City of God (Cidade de Deus)’ (2002, Action|Adventure|Crime|Drama|Thriller, Rating: 4.5/5)"
8448,recent,from the years 1974 to 1999,"genres such as Adventure, Comedy, Crime, Drama, Fantasy, Horror, Romance, Thriller, War","’Dirty Dancing’ (1987, Drama|Musical|Romance, Rating: 3.0/5), ’Top Gun’ (1986, Action|Romance, Rating: 3.0/5), ’Splash’ (1984, Comedy|Fantasy|Romance, Rating: 4.0/5), ’Pretty in Pink’ (1986, Comedy|Drama|Romance, Rating: 4.0/5), ’Peggy Sue Got Married’ (1986, Comedy|Drama, Rating: 3.0/5), ’Star Wars: Episode VI - Return of the Jedi’ (1983, Action|Adventure|Sci-Fi, Rating: 3.0/5), ’Desperately Seeking Susan’ (1985, Comedy|Drama|Romance, Rating: 3.0/5), ’Cinema Paradiso (Nuovo cinema Paradiso)’ (1989, Drama, Rating: 4.0/5), ’When Harry Met Sally...’ (1989, Comedy|Romance, Rating: 4.0/5), ’Purple Rose of Cairo, The’ (1985, Comedy|Drama|Fantasy|Romance, Rating: 4.0/5)"
8448,top-rated,from the years 1974 to 1999,"genres such as Adventure, Comedy, Crime, Drama, Fantasy, Horror, Romance, Thriller, War","’Color Purple, The’ (1985, Drama, Rating: 5.0/5), ’Straight Story, The’ (1999, Adventure|Drama, Rating: 5.0/5), ’Schindler's List’ (1993, Drama|War, Rating: 5.0/5), ’Silence of the Lambs, The’ (1991, Crime|Horror|Thriller, Rating: 5.0/5), ’Godfather: Part II, The’ (1974, Crime|Drama, Rating: 5.0/5), ’Splash’ (1984, Comedy|Fantasy|Romance, Rating: 4.0/5), ’Pretty in Pink’ (1986, Comedy|Drama|Romance, Rating: 4.0/5), ’Cinema Paradiso (Nuovo cinema Paradiso)’ (1989, Drama, Rating: 4.0/5), ’When Harry Met Sally...’ (1989, Comedy|Romance, Rating: 4.0/5), ’Purple Rose of Cairo, The’ (1985, Comedy|Drama|Fantasy|Romance, Rating: 4.0/5)"
9664,recent,from the years 1968 to 2007,"genres such as Action, Adventure, Animation, Comedy, Drama, Fantasy, Horror, IMAX, Romance, Sci-Fi, War","’Alien: Resurrection’ (1997, Action|Horror|Sci-Fi, Rating: 3.5/5), ’Aliens’ (1986, Action|Adventure|Horror|Sci-Fi, Rating: 4.5/5), ’Alien’ (1979, Horror|Sci-Fi, Rating: 4.0/5), ’Alice in Wonderland’ (1951, Adventure|Animation|Children|Fantasy|Musical, Rating: 3.5/5), ’Ali G Indahouse’ (2002, Comedy, Rating: 3.5/5), ’Akira’ (1988, Action|Adventure|Animation|Sci-Fi, Rating: 4.5/5), ’Aladdin’ (1992, Adventure|Animation|Children|Comedy|Musical, Rating: 3.5/5), ’Airplane!’ (1980, Comedy, Rating: 4.0/5), ’Airplane II: The Sequel’ (1982, Comedy, Rating: 4.0/5), ’Air Force One’ (1997, Action|Thriller, Rating: 3.5/5)"
9664,top-rated,from the years 1968 to 2007,"genres such as Action, Adventure, Animation, Comedy, Drama, Fantasy, Horror, IMAX, Romance, Sci-Fi, War","’Aliens’ (1986, Action|Adventure|Horror|Sci-Fi, Rating: 4.5/5), ’Akira’ (1988, Action|Adventure|Animation|Sci-Fi, Rating: 4.5/5), ’2001: A Space Odyssey’ (1968, Adventure|Drama|Sci-Fi, Rating: 4.5/5), ’Delicatessen’ (1991, Comedy|Drama|Romance, Rating: 4.5/5), ’Ghostbusters II’ (1989, Comedy|Fantasy|Sci-Fi, Rating: 4.5/5), ’Alien’ (1979, Horror|Sci-Fi, Rating: 4.0/5), ’Airplane!’ (1980, Comedy, Rating: 4.0/5), ’Airplane II: The Sequel’ (1982, Comedy, Rating: 4.0/5), ’Adventures of Priscilla, Queen of the Desert, The’ (1994, Comedy|Drama, Rating: 4.0/5), ’300’ (2007, Action|Fantasy|War|IMAX, Rating: 4.0/5)"
9761,recent,from the years 1977 to 1996,"genres such as Action, Adventure, Comedy, Crime, Documentary, Drama, Mystery, Sci-Fi, Thriller, War","’Bitter Moon’ (1992, Drama|Film-Noir|Romance, Rating: 3.0/5), ’Basketball Diaries, The’ (1995, Drama, Rating: 4.0/5), ’Kids’ (1995, Drama, Rating: 3.0/5), ’Man of the House’ (1995, Comedy, Rating: 3.0/5), ’Jade’ (1995, Thriller, Rating: 3.0/5), ’Kiss of Death’ (1995, Crime|Drama|Thriller, Rating: 3.0/5), ’Down Periscope’ (1996, Comedy, Rating: 4.0/5), ’War, The’ (1994, Adventure|Drama|War, Rating: 3.0/5), ’Strange Days’ (1995, Action|Crime|Drama|Mystery|Sci-Fi|Thriller, Rating: 3.0/5), ’Lord of Illusions’ (1995, Horror, Rating: 1.0/5)"
9761,top-rated,from the years 1977 to 1996,"genres such as Action, Adventure, Comedy, Crime, Documentary, Drama, Mystery, Sci-Fi, Thriller, War","’True Romance’ (1993, Crime|Thriller, Rating: 5.0/5), ’Hoop Dreams’ (1994, Documentary, Rating: 5.0/5), ’Usual Suspects, The’ (1995, Crime|Mystery|Thriller, Rating: 5.0/5), ’Braveheart’ (1995, Action|Drama|War, Rating: 5.0/5), ’Shawshank Redemption, The’ (1994, Crime|Drama, Rating: 5.0/5), ’Pulp Fiction’ (1994, Comedy|Crime|Drama|Thriller, Rating: 5.0/5), ’Basketball Diaries, The’ (1995, Drama, Rating: 4.0/5), ’Down Periscope’ (1996, Comedy, Rating: 4.0/5), ’Exotica’ (1994, Drama, Rating: 4.0/5), ’Star Wars: Episode IV - A New Hope’ (1977, Action|Adventure|Sci-Fi, Rating: 4.0/5)"
9919,recent,from the years 1980 to 2014,"genres such as Action, Adventure, Animation, Children, Comedy, Crime, Drama, Romance, Thriller","’Frank’ (2014, Comedy|Drama|Mystery, Rating: 3.5/5), ’Bug's Life, A’ (1998, Adventure|Animation|Children|Comedy, Rating: 4.5/5), ’Speed’ (1994, Action|Romance|Thriller, Rating: 4.0/5), ’Into the Wild’ (2007, Action|Adventure|Drama, Rating: 5.0/5), ’Calvary’ (2014, Comedy|Drama, Rating: 5.0/5), ’Cube’ (1997, Horror|Mystery|Sci-Fi|Thriller, Rating: 3.5/5), ’Heat’ (1995, Action|Crime|Thriller, Rating: 4.5/5), ’Bucket List, The’ (2007, Comedy|Drama, Rating: 3.5/5), ’Project X’ (2012, Comedy, Rating: 1.5/5), ’Boyhood’ (2014, Drama, Rating: 5.0/5)"
9919,top-rated,from the years 1980 to 2014,"genres such as Action, Adventure, Animation, Children, Comedy, Crime, Drama, Romance, Thriller","’Into the Wild’ (2007, Action|Adventure|Drama, Rating: 5.0/5), ’Calvary’ (2014, Comedy|Drama, Rating: 5.0/5), ’Boyhood’ (2014, Drama, Rating: 5.0/5), ’Lost in Translation’ (2003, Comedy|Drama|Romance, Rating: 5.0/5), ’Whiplash’ (2014, Drama, Rating: 5.0/5), ’Juno’ (2007, Comedy|Drama|Romance, Rating: 5.0/5), ’Birdman’ (2014, Comedy|Drama, Rating: 5.0/5), ’Point Break’ (1991, Action|Crime|Thriller, Rating: 5.0/5), ’Airplane!’ (1980, Comedy, Rating: 5.0/5), ’Pineapple Express’ (2008, Action|Comedy|Crime, Rating: 5.0/5)"
10196,recent,from the years 1997 to 2012,"genres such as Action, Adventure, Animation, Children, Comedy, Crime, Drama, Fantasy, Horror, IMAX, Musical, Mystery, Romance, Sci-Fi, Thriller, War","’Game, The’ (1997, Drama|Mystery|Thriller, Rating: 5.0/5), ’Big Fish’ (2003, Drama|Fantasy|Romance, Rating: 3.5/5), ’X-Men’ (2000, Action|Adventure|Sci-Fi, Rating: 4.0/5), ’V for Vendetta’ (2006, Action|Sci-Fi|Thriller|IMAX, Rating: 4.5/5), ’Walk the Line’ (2005, Drama|Musical|Romance, Rating: 4.5/5), ’Cast Away’ (2000, Drama, Rating: 5.0/5), ’Spider-Man 2’ (2004, Action|Adventure|Sci-Fi|IMAX, Rating: 4.0/5), ’Despicable Me’ (2010, Animation|Children|Comedy|Crime, Rating: 4.0/5), ’Skyfall’ (2012, Action|Adventure|Thriller|IMAX, Rating: 4.0/5), ’Eternal Sunshine of the Spotless Mind’ (2004, Drama|Romance|Sci-Fi, Rating: 5.0/5)"
10196,top-rated,from the years 1997 to 2012,"genres such as Action, Adventure, Animation, Children, Comedy, Crime, Drama, Fantasy, Horror, IMAX, Musical, Mystery, Romance, Sci-Fi, Thriller, War","’Game, The’ (1997, Drama|Mystery|Thriller, Rating: 5.0/5), ’Cast Away’ (2000, Drama, Rating: 5.0/5), ’Eternal Sunshine of the Spotless Mind’ (2004, Drama|Romance|Sci-Fi, Rating: 5.0/5), ’Illusionist, The’ (2006, Drama|Fantasy|Mystery|Romance, Rating: 5.0/5), ’Last Samurai, The’ (2003, Action|Adventure|Drama|War, Rating: 5.0/5), ’28 Days Later’ (2002, Action|Horror|Sci-Fi, Rating: 5.0/5), ’Machinist, The (Maquinista, El)’ (2004, Mystery|Thriller, Rating: 5.0/5), ’(500) Days of Summer’ (2009, Comedy|Drama|Romance, Rating: 5.0/5), ’Hot Fuzz’ (2007, Action|Comedy|Crime|Mystery, Rating: 5.0/5), ’In Bruges’ (2008, Comedy|Crime|Drama|Thriller, Rating: 5.0/5)"
10753,recent,from the years 1992 to 1995,"genres such as Action, Animation, Children, Comedy, Crime, Documentary, Drama, Fantasy, Musical, Mystery, Romance, Sci-Fi, Thriller, War","’While You Were Sleeping’ (1995, Comedy|Romance, Rating: 5.0/5), ’Widows' Peak’ (1994, Drama, Rating: 4.0/5), ’To Die For’ (1995, Comedy|Drama|Thriller, Rating: 4.0/5), ’Pocahontas’ (1995, Animation|Children|Drama|Musical|Romance, Rating: 5.0/5), ’Usual Suspects, The’ (1995, Crime|Mystery|Thriller, Rating: 5.0/5), ’Rob Roy’ (1995, Action|Drama|Romance|War, Rating: 5.0/5), ’Net, The’ (1995, Action|Crime|Thriller, Rating: 4.0/5), ’Something to Talk About’ (1995, Comedy|Drama|Romance, Rating: 4.0/5), ’Strange Days’ (1995, Action|Crime|Drama|Mystery|Sci-Fi|Thriller, Rating: 4.0/5), ’To Wong Foo, Thanks for Everything! Julie Newmar’ (1995, Comedy, Rating: 5.0/5)"
10753,top-rated,from the years 1992 to 1995,"genres such as Action, Animation, Children, Comedy, Crime, Documentary, Drama, Fantasy, Musical, Mystery, Romance, Sci-Fi, Thriller, War","’While You Were Sleeping’ (1995, Comedy|Romance, Rating: 5.0/5), ’Pocahontas’ (1995, Animation|Children|Drama|Musical|Romance, Rating: 5.0/5), ’Usual Suspects, The’ (1995, Crime|Mystery|Thriller, Rating: 5.0/5), ’Rob Roy’ (1995, Action|Drama|Romance|War, Rating: 5.0/5), ’To Wong Foo, Thanks for Everything! Julie Newmar’ (1995, Comedy, Rating: 5.0/5), ’Hoop Dreams’ (1994, Documentary, Rating: 5.0/5), ’Little Women’ (1994, Drama, Rating: 5.0/5), ’Little Princess, A’ (1995, Children|Drama, Rating: 5.0/5), ’Like Water for Chocolate (Como agua para chocolate)’ (1992, Drama|Fantasy|Romance, Rating: 5.0/5), ’Pulp Fiction’ (1994, Comedy|Crime|Drama|Thriller, Rating: 5.0/5)"
10882,recent,from the years 1953 to 1998,"genres such as Action, Adventure, Animation, Children, Comedy, Drama, Fantasy, Musical, Romance, Thriller","’Free Willy 3: The Rescue’ (1997, Adventure|Children|Drama, Rating: 2.0/5), ’Howard the Duck’ (1986, Adventure|Comedy|Sci-Fi, Rating: 2.0/5), ’Baby... Secret of the Lost Legend’ (1985, Adventure|Sci-Fi, Rating: 2.0/5), ’Free Willy 2: The Adventure Home’ (1995, Adventure|Children|Drama, Rating: 2.0/5), ’Herbie Goes Bananas’ (1980, Adventure|Children|Comedy, Rating: 2.0/5), ’Congo’ (1995, Action|Adventure|Mystery|Sci-Fi, Rating: 3.0/5), ’Crocodile Dundee II’ (1988, Action|Adventure|Comedy, Rating: 3.0/5), ’Free Willy’ (1993, Adventure|Children|Drama, Rating: 2.0/5), ’Hook’ (1991, Adventure|Comedy|Fantasy, Rating: 4.0/5), ’Conan the Barbarian’ (1982, Action|Adventure|Fantasy, Rating: 3.0/5)"
10882,top-rated,from the years 1953 to 1998,"genres such as Action, Adventure, Animation, Children, Comedy, Drama, Fantasy, Musical, Romance, Thriller","’Prince of Tides, The’ (1991, Drama|Romance, Rating: 5.0/5), ’Mask of Zorro, The’ (1998, Action|Comedy|Romance, Rating: 5.0/5), ’Speed’ (1994, Action|Romance|Thriller, Rating: 5.0/5), ’Graduate, The’ (1967, Comedy|Drama|Romance, Rating: 5.0/5), ’Murder in the First’ (1995, Drama|Thriller, Rating: 5.0/5), ’In the Line of Fire’ (1993, Action|Thriller, Rating: 5.0/5), ’Doors, The’ (1991, Drama, Rating: 5.0/5), ’Tommy’ (1975, Drama|Musical, Rating: 5.0/5), ’Peter Pan’ (1953, Animation|Children|Fantasy|Musical, Rating: 5.0/5), ’Brighton Beach Memoirs’ (1986, Comedy, Rating: 5.0/5)"
10899,recent,from the years 1992 to 2011,"genres such as Action, Adventure, Animation, Children, Comedy, Crime, Drama, Fantasy, IMAX, Romance, Sci-Fi, Thriller","’Rio’ (2011, Adventure|Animation|Children|Comedy, Rating: 4.0/5), ’Something Borrowed’ (2011, Comedy|Drama|Romance, Rating: 4.0/5), ’Death Race’ (2008, Action|Adventure|Sci-Fi|Thriller, Rating: 4.0/5), ’Last Holiday’ (2006, Comedy, Rating: 3.5/5), ’Post Grad’ (2009, Comedy, Rating: 3.5/5), ’Wild Hogs’ (2007, Adventure|Comedy, Rating: 4.5/5), ’Wedding Planner, The’ (2001, Comedy|Romance, Rating: 4.5/5), ’Rumor Has It...’ (2005, Comedy|Drama|Romance, Rating: 4.0/5), ’Raise Your Voice’ (2004, Romance, Rating: 3.5/5), ’Fast & Furious (Fast and the Furious 4, The)’ (2009, Action|Crime|Drama|Thriller, Rating: 4.0/5)"
10899,top-rated,from the years 1992 to 2011,"genres such as Action, Adventure, Animation, Children, Comedy, Crime, Drama, Fantasy, IMAX, Romance, Sci-Fi, Thriller","’Home Alone 2: Lost in New York’ (1992, Children|Comedy, Rating: 5.0/5), ’When in Rome’ (2010, Comedy|Romance, Rating: 5.0/5), ’Monster-in-Law’ (2005, Comedy|Romance, Rating: 5.0/5), ’Maid in Manhattan’ (2002, Comedy|Romance, Rating: 5.0/5), ’Paul Blart: Mall Cop’ (2009, Action|Comedy|Crime, Rating: 5.0/5), ’Avatar’ (2009, Action|Adventure|Sci-Fi|IMAX, Rating: 5.0/5), ’Ratatouille’ (2007, Animation|Children|Drama, Rating: 5.0/5), ’Shark Tale’ (2004, Animation|Children|Comedy, Rating: 5.0/5), ’Cars 2’ (2011, Adventure|Animation|Children|Comedy|IMAX, Rating: 5.0/5), ’Santa Clause 3: The Escape Clause, The’ (2006, Comedy|Fantasy, Rating: 5.0/5)"
12677,recent,from the years 1976 to 1995,"genres such as Adventure, Animation, Children, Comedy, Crime, Drama, Fantasy, Horror, IMAX, Mystery, Romance, Sci-Fi, Thriller","’Toy Story’ (1995, Adventure|Animation|Children|Comedy|Fantasy, Rating: 4.0/5), ’Bridges of Madison County, The’ (1995, Drama|Romance, Rating: 3.0/5), ’First Knight’ (1995, Action|Drama|Romance, Rating: 3.0/5), ’Waterworld’ (1995, Action|Adventure|Sci-Fi, Rating: 1.0/5), ’Stargate’ (1994, Action|Adventure|Sci-Fi, Rating: 2.0/5), ’Mortal Kombat’ (1995, Action|Adventure|Fantasy, Rating: 1.0/5), ’Don Juan DeMarco’ (1995, Comedy|Drama|Romance, Rating: 2.0/5), ’Junior’ (1994, Comedy|Sci-Fi, Rating: 1.0/5), ’Mask, The’ (1994, Action|Comedy|Crime|Fantasy, Rating: 3.0/5), ’True Romance’ (1993, Crime|Thriller, Rating: 2.0/5)"
12677,top-rated,from the years 1976 to 1995,"genres such as Adventure, Animation, Children, Comedy, Crime, Drama, Fantasy, Horror, IMAX, Mystery, Romance, Sci-Fi, Thriller","’Sense and Sensibility’ (1995, Drama|Romance, Rating: 5.0/5), ’Taxi Driver’ (1976, Crime|Drama|Thriller, Rating: 5.0/5), ’Twelve Monkeys (a.k.a. 12 Monkeys)’ (1995, Mystery|Sci-Fi|Thriller, Rating: 5.0/5), ’Usual Suspects, The’ (1995, Crime|Mystery|Thriller, Rating: 5.0/5), ’Get Shorty’ (1995, Comedy|Crime|Thriller, Rating: 5.0/5), ’Babe’ (1995, Children|Drama, Rating: 5.0/5), ’Fugitive, The’ (1993, Thriller, Rating: 5.0/5), ’Silence of the Lambs, The’ (1991, Crime|Horror|Thriller, Rating: 5.0/5), ’Shawshank Redemption, The’ (1994, Crime|Drama, Rating: 5.0/5), ’Apollo 13’ (1995, Adventure|Drama|IMAX, Rating: 5.0/5)"
13248,recent,from the years 1991 to 1995,"genres such as Action, Adventure, Crime, Drama, Horror, Mystery, Sci-Fi, Thriller, War","’Seven (a.k.a. Se7en)’ (1995, Mystery|Thriller, Rating: 4.0/5), ’Braveheart’ (1995, Action|Drama|War, Rating: 5.0/5), ’Natural Born Killers’ (1994, Action|Crime|Thriller, Rating: 2.0/5), ’Quiz Show’ (1994, Drama, Rating: 4.0/5), ’GoldenEye’ (1995, Action|Adventure|Thriller, Rating: 4.0/5), ’Net, The’ (1995, Action|Crime|Thriller, Rating: 5.0/5), ’Waterworld’ (1995, Action|Adventure|Sci-Fi, Rating: 3.0/5), ’Interview with the Vampire: The Vampire Chronicles’ (1994, Drama|Horror, Rating: 3.0/5), ’Crimson Tide’ (1995, Drama|Thriller|War, Rating: 5.0/5), ’Outbreak’ (1995, Action|Drama|Sci-Fi|Thriller, Rating: 5.0/5)"
13248,top-rated,from the years 1991 to 1995,"genres such as Action, Adventure, Crime, Drama, Horror, Mystery, Sci-Fi, Thriller, War","’Braveheart’ (1995, Action|Drama|War, Rating: 5.0/5), ’Net, The’ (1995, Action|Crime|Thriller, Rating: 5.0/5), ’Crimson Tide’ (1995, Drama|Thriller|War, Rating: 5.0/5), ’Outbreak’ (1995, Action|Drama|Sci-Fi|Thriller, Rating: 5.0/5), ’Fugitive, The’ (1993, Thriller, Rating: 5.0/5), ’Silence of the Lambs, The’ (1991, Crime|Horror|Thriller, Rating: 5.0/5), ’Stargate’ (1994, Action|Adventure|Sci-Fi, Rating: 5.0/5), ’Shawshank Redemption, The’ (1994, Crime|Drama, Rating: 5.0/5), ’Star Trek: Generations’ (1994, Adventure|Drama|Sci-Fi, Rating: 5.0/5), ’Clear and Present Danger’ (1994, Action|Crime|Drama|Thriller, Rating: 5.0/5)"
13736,recent,from the years 1954 to 1995,"genres such as Action, Adventure, Comedy, Drama, Fantasy, Horror, Romance, Sci-Fi, War","’Star Trek VI: The Undiscovered Country’ (1991, Action|Mystery|Sci-Fi, Rating: 2.0/5), ’When Harry Met Sally...’ (1989, Comedy|Romance, Rating: 4.0/5), ’20,000 Leagues Under the Sea’ (1954, Adventure|Drama|Sci-Fi, Rating: 4.0/5), ’Unforgiven’ (1992, Drama|Western, Rating: 3.0/5), ’Waterworld’ (1995, Action|Adventure|Sci-Fi, Rating: 4.0/5), ’Congo’ (1995, Action|Adventure|Mystery|Sci-Fi, Rating: 3.0/5), ’Cliffhanger’ (1993, Action|Adventure|Thriller, Rating: 3.0/5), ’Addams Family Values’ (1993, Children|Comedy|Fantasy, Rating: 3.0/5), ’Rising Sun’ (1993, Action|Drama|Mystery, Rating: 3.0/5), ’Weekend at Bernie's’ (1989, Comedy, Rating: 3.0/5)"
13736,top-rated,from the years 1954 to 1995,"genres such as Action, Adventure, Comedy, Drama, Fantasy, Horror, Romance, Sci-Fi, War","’Aliens’ (1986, Action|Adventure|Horror|Sci-Fi, Rating: 5.0/5), ’Highlander’ (1986, Action|Adventure|Fantasy, Rating: 5.0/5), ’Star Wars: Episode VI - Return of the Jedi’ (1983, Action|Adventure|Sci-Fi, Rating: 5.0/5), ’Star Wars: Episode V - The Empire Strikes Back’ (1980, Action|Adventure|Sci-Fi, Rating: 5.0/5), ’Star Wars: Episode IV - A New Hope’ (1977, Action|Adventure|Sci-Fi, Rating: 5.0/5), ’Braveheart’ (1995, Action|Drama|War, Rating: 5.0/5), ’When Harry Met Sally...’ (1989, Comedy|Romance, Rating: 4.0/5), ’20,000 Leagues Under the Sea’ (1954, Adventure|Drama|Sci-Fi, Rating: 4.0/5), ’Waterworld’ (1995, Action|Adventure|Sci-Fi, Rating: 4.0/5), ’Right Stuff, The’ (1983, Drama, Rating: 4.0/5)"
14756,recent,from the years 1997 to 1998,"genres such as Adventure, Comedy, Drama, Romance, War","’In the Company of Men’ (1997, Comedy|Drama, Rating: 4.0/5), ’Seven Years in Tibet’ (1997, Adventure|Drama|War, Rating: 4.0/5), ’Jackie Brown’ (1997, Crime|Drama|Thriller, Rating: 3.0/5), ’As Good as It Gets’ (1997, Comedy|Drama|Romance, Rating: 5.0/5), ’Dangerous Beauty’ (1998, Drama, Rating: 4.0/5), ’Oscar and Lucinda (a.k.a. Oscar & Lucinda)’ (1997, Drama|Romance, Rating: 5.0/5), ’Wag the Dog’ (1997, Comedy, Rating: 5.0/5), ’Replacement Killers, The’ (1998, Action|Crime|Thriller, Rating: 1.0/5), ’G.I. Jane’ (1997, Action|Drama, Rating: 2.0/5), ’Starship Troopers’ (1997, Action|Sci-Fi, Rating: 1.0/5)"
14756,top-rated,from the years 1997 to 1998,"genres such as Adventure, Comedy, Drama, Romance, War","’As Good as It Gets’ (1997, Comedy|Drama|Romance, Rating: 5.0/5), ’Oscar and Lucinda (a.k.a. Oscar & Lucinda)’ (1997, Drama|Romance, Rating: 5.0/5), ’Wag the Dog’ (1997, Comedy, Rating: 5.0/5), ’Sweet Hereafter, The’ (1997, Drama, Rating: 5.0/5), ’Ulee's Gold’ (1997, Drama, Rating: 5.0/5), ’Mrs. Brown (a.k.a. Her Majesty, Mrs. Brown)’ (1997, Drama|Romance, Rating: 5.0/5), ’Good Will Hunting’ (1997, Drama|Romance, Rating: 5.0/5), ’Ice Storm, The’ (1997, Drama, Rating: 5.0/5), ’Tango Lesson, The’ (1997, Romance, Rating: 5.0/5), ’Mrs. Dalloway’ (1997, Drama|Romance, Rating: 5.0/5)"
14832,recent,from the years 1990 to 1996,"genres such as Action, Adventure, Animation, Children, Comedy, Drama, Fantasy, Musical, Romance, Thriller, Western","’Father of the Bride Part II’ (1995, Comedy, Rating: 3.0/5), ’Mystery Science Theater 3000: The Movie’ (1996, Comedy|Sci-Fi, Rating: 3.0/5), ’Dragonheart’ (1996, Action|Adventure|Fantasy, Rating: 4.0/5), ’Highlander III: The Sorcerer (a.k.a. Highlander: The Final Dimension)’ (1994, Action|Fantasy, Rating: 3.0/5), ’Flipper’ (1996, Adventure|Children, Rating: 3.0/5), ’Rudy’ (1993, Drama, Rating: 5.0/5), ’Black Beauty’ (1994, Adventure|Children|Drama, Rating: 4.0/5), ’Pinocchio’ (1940, Animation|Children|Fantasy|Musical, Rating: 3.0/5), ’Next Karate Kid, The’ (1994, Action|Children|Romance, Rating: 3.0/5), ’Free Willy’ (1993, Adventure|Children|Drama, Rating: 4.0/5)"
14832,top-rated,from the years 1990 to 1996,"genres such as Action, Adventure, Animation, Children, Comedy, Drama, Fantasy, Musical, Romance, Thriller, Western","’Rudy’ (1993, Drama, Rating: 5.0/5), ’Secret Garden, The’ (1993, Children|Drama, Rating: 5.0/5), ’Dances with Wolves’ (1990, Adventure|Drama|Western, Rating: 5.0/5), ’Dragonheart’ (1996, Action|Adventure|Fantasy, Rating: 4.0/5), ’Black Beauty’ (1994, Adventure|Children|Drama, Rating: 4.0/5), ’Free Willy’ (1993, Adventure|Children|Drama, Rating: 4.0/5), ’Free Willy 2: The Adventure Home’ (1995, Adventure|Children|Drama, Rating: 4.0/5), ’Three Musketeers, The’ (1993, Action|Adventure|Comedy|Romance, Rating: 4.0/5), ’Ghost’ (1990, Comedy|Drama|Fantasy|Romance|Thriller, Rating: 4.0/5), ’Pocahontas’ (1995, Animation|Children|Drama|Musical|Romance, Rating: 4.0/5)"
15395,recent,from the years 1991 to 1995,"genres such as Action, Adventure, Comedy, Crime, Drama, Horror, Mystery, Romance, Sci-Fi, Thriller, War","’Ace Ventura: When Nature Calls’ (1995, Comedy, Rating: 3.0/5), ’Disclosure’ (1994, Drama|Thriller, Rating: 3.0/5), ’Mask, The’ (1994, Action|Comedy|Crime|Fantasy, Rating: 3.0/5), ’Speed’ (1994, Action|Romance|Thriller, Rating: 3.0/5), ’Terminator 2: Judgment Day’ (1991, Action|Sci-Fi, Rating: 5.0/5), ’Babe’ (1995, Children|Drama, Rating: 3.0/5), ’Seven (a.k.a. Se7en)’ (1995, Mystery|Thriller, Rating: 5.0/5), ’Addams Family Values’ (1993, Children|Comedy|Fantasy, Rating: 3.0/5), ’Braveheart’ (1995, Action|Drama|War, Rating: 4.0/5), ’Natural Born Killers’ (1994, Action|Crime|Thriller, Rating: 3.0/5)"
15395,top-rated,from the years 1991 to 1995,"genres such as Action, Adventure, Comedy, Crime, Drama, Horror, Mystery, Romance, Sci-Fi, Thriller, War","’Terminator 2: Judgment Day’ (1991, Action|Sci-Fi, Rating: 5.0/5), ’Seven (a.k.a. Se7en)’ (1995, Mystery|Thriller, Rating: 5.0/5), ’Forrest Gump’ (1994, Comedy|Drama|Romance|War, Rating: 5.0/5), ’Pulp Fiction’ (1994, Comedy|Crime|Drama|Thriller, Rating: 5.0/5), ’Braveheart’ (1995, Action|Drama|War, Rating: 4.0/5), ’Jurassic Park’ (1993, Action|Adventure|Sci-Fi|Thriller, Rating: 4.0/5), ’Waterworld’ (1995, Action|Adventure|Sci-Fi, Rating: 4.0/5), ’Crimson Tide’ (1995, Drama|Thriller|War, Rating: 4.0/5), ’Fugitive, The’ (1993, Thriller, Rating: 4.0/5), ’Silence of the Lambs, The’ (1991, Crime|Horror|Thriller, Rating: 4.0/5)"
15795,recent,from the years 1941 to 2008,"genres such as Action, Adventure, Animation, Children, Comedy, Crime, Drama, Fantasy, Film-Noir, Horror, Mystery, Romance, Sci-Fi, Thriller","’Let the Right One In (Låt den rätte komma in)’ (2008, Drama|Fantasy|Horror|Romance, Rating: 4.5/5), ’American Beauty’ (1999, Comedy|Drama, Rating: 3.5/5), ’Back to the Future’ (1985, Adventure|Comedy|Sci-Fi, Rating: 4.0/5), ’Raiders of the Lost Ark (Indiana Jones and the Raiders of the Lost Ark)’ (1981, Action|Adventure, Rating: 5.0/5), ’Ace Ventura: Pet Detective’ (1994, Comedy, Rating: 3.5/5), ’Matrix, The’ (1999, Action|Sci-Fi|Thriller, Rating: 3.5/5), ’Speed’ (1994, Action|Romance|Thriller, Rating: 3.0/5), ’Star Wars: Episode V - The Empire Strikes Back’ (1980, Action|Adventure|Sci-Fi, Rating: 5.0/5), ’Usual Suspects, The’ (1995, Crime|Mystery|Thriller, Rating: 4.5/5), ’Fargo’ (1996, Comedy|Crime|Drama|Thriller, Rating: 4.5/5)"
15795,top-rated,from the years 1941 to 2008,"genres such as Action, Adventure, Animation, Children, Comedy, Crime, Drama, Fantasy, Film-Noir, Horror, Mystery, Romance, Sci-Fi, Thriller","’Raiders of the Lost Ark (Indiana Jones and the Raiders of the Lost Ark)’ (1981, Action|Adventure, Rating: 5.0/5), ’Star Wars: Episode V - The Empire Strikes Back’ (1980, Action|Adventure|Sci-Fi, Rating: 5.0/5), ’Toy Story’ (1995, Adventure|Animation|Children|Comedy|Fantasy, Rating: 5.0/5), ’Pulp Fiction’ (1994, Comedy|Crime|Drama|Thriller, Rating: 5.0/5), ’Maltese Falcon, The’ (1941, Film-Noir|Mystery, Rating: 5.0/5), ’Army of Darkness’ (1993, Action|Adventure|Comedy|Fantasy|Horror, Rating: 5.0/5), ’Let the Right One In (Låt den rätte komma in)’ (2008, Drama|Fantasy|Horror|Romance, Rating: 4.5/5), ’Usual Suspects, The’ (1995, Crime|Mystery|Thriller, Rating: 4.5/5), ’Fargo’ (1996, Comedy|Crime|Drama|Thriller, Rating: 4.5/5), ’Twelve Monkeys (a.k.a. 12 Monkeys)’ (1995, Mystery|Sci-Fi|Thriller, Rating: 4.5/5)"
16387,recent,from the years 1974 to 2005,"genres such as Action, Adventure, Animation, Comedy, Crime, Documentary, Drama, Fantasy, Romance","’Murderball’ (2005, Documentary, Rating: 4.0/5), ’Joe Dirt’ (2001, Adventure|Comedy|Mystery|Romance, Rating: 2.0/5), ’Original Kings of Comedy, The’ (2000, Comedy|Documentary, Rating: 3.0/5), ’With a Friend Like Harry... (Harry, un ami qui vous veut du bien)’ (2000, Drama|Thriller, Rating: 3.5/5), ’Silkwood’ (1983, Drama, Rating: 3.0/5), ’I Am Sam’ (2001, Drama, Rating: 4.0/5), ’Ninja Scroll (Jûbei ninpûchô)’ (1995, Action|Adventure|Animation|Fantasy, Rating: 4.0/5), ’Searching for Bobby Fischer’ (1993, Drama, Rating: 3.5/5), ’Swingers’ (1996, Comedy|Drama, Rating: 3.0/5), ’Rounders’ (1998, Drama, Rating: 4.0/5)"
16387,top-rated,from the years 1974 to 2005,"genres such as Action, Adventure, Animation, Comedy, Crime, Documentary, Drama, Fantasy, Romance","’Scarface’ (1983, Action|Crime|Drama, Rating: 5.0/5), ’Godfather: Part II, The’ (1974, Crime|Drama, Rating: 5.0/5), ’Airplane!’ (1980, Comedy, Rating: 5.0/5), ’Crouching Tiger, Hidden Dragon (Wo hu cang long)’ (2000, Action|Drama|Romance, Rating: 5.0/5), ’Hoosiers (a.k.a. Best Shot)’ (1986, Drama|Romance, Rating: 4.5/5), ’I'm Gonna Git You Sucka’ (1988, Action|Comedy, Rating: 4.5/5), ’40-Year-Old Virgin, The’ (2005, Comedy|Romance, Rating: 4.5/5), ’Casino’ (1995, Crime|Drama, Rating: 4.5/5), ’Murderball’ (2005, Documentary, Rating: 4.0/5), ’I Am Sam’ (2001, Drama, Rating: 4.0/5)"
17498,recent,from the years 1940 to 2012,"genres such as Action, Adventure, Animation, Children, Comedy, Crime, Drama, Horror, Romance, Thriller, War, Western","’Up’ (2009, Adventure|Animation|Children|Drama, Rating: 5.0/5), ’King's Speech, The’ (2010, Drama, Rating: 4.5/5), ’Great Dictator, The’ (1940, Comedy|Drama|War, Rating: 4.0/5), ’Amadeus’ (1984, Drama, Rating: 5.0/5), ’Saving Private Ryan’ (1998, Action|Drama|War, Rating: 4.0/5), ’Django Unchained’ (2012, Action|Drama|Western, Rating: 4.5/5), ’Pulp Fiction’ (1994, Comedy|Crime|Drama|Thriller, Rating: 4.5/5), ’Silence of the Lambs, The’ (1991, Crime|Horror|Thriller, Rating: 4.5/5), ’Wallace & Gromit: A Close Shave’ (1995, Animation|Children|Comedy, Rating: 5.0/5), ’Life Is Beautiful (La Vita è bella)’ (1997, Comedy|Drama|Romance|War, Rating: 5.0/5)"
17498,top-rated,from the years 1940 to 2012,"genres such as Action, Adventure, Animation, Children, Comedy, Crime, Drama, Horror, Romance, Thriller, War, Western","’Up’ (2009, Adventure|Animation|Children|Drama, Rating: 5.0/5), ’Amadeus’ (1984, Drama, Rating: 5.0/5), ’Wallace & Gromit: A Close Shave’ (1995, Animation|Children|Comedy, Rating: 5.0/5), ’Life Is Beautiful (La Vita è bella)’ (1997, Comedy|Drama|Romance|War, Rating: 5.0/5), ’Lives of Others, The (Das leben der Anderen)’ (2006, Drama|Romance|Thriller, Rating: 5.0/5), ’King's Speech, The’ (2010, Drama, Rating: 4.5/5), ’Django Unchained’ (2012, Action|Drama|Western, Rating: 4.5/5), ’Pulp Fiction’ (1994, Comedy|Crime|Drama|Thriller, Rating: 4.5/5), ’Silence of the Lambs, The’ (1991, Crime|Horror|Thriller, Rating: 4.5/5), ’Raiders of the Lost Ark (Indiana Jones and the Raiders of the Lost Ark)’ (1981, Action|Adventure, Rating: 4.5/5)"
17576,recent,from the years 1964 to 2004,"genres such as Action, Adventure, Animation, Children, Comedy, Crime, Drama, Fantasy, Horror, IMAX, Musical, Romance, Sci-Fi, Thriller","’Chronicles of Riddick, The’ (2004, Action|Sci-Fi|Thriller, Rating: 3.0/5), ’Dodgeball: A True Underdog Story’ (2004, Comedy, Rating: 3.5/5), ’Napoleon Dynamite’ (2004, Comedy, Rating: 2.5/5), ’Mary Poppins’ (1964, Children|Comedy|Fantasy|Musical, Rating: 4.0/5), ’Harold and Kumar Go to White Castle’ (2004, Adventure|Comedy, Rating: 2.0/5), ’Eternal Sunshine of the Spotless Mind’ (2004, Drama|Romance|Sci-Fi, Rating: 4.5/5), ’Harry Potter and the Prisoner of Azkaban’ (2004, Adventure|Fantasy|IMAX, Rating: 5.0/5), ’Shaun of the Dead’ (2004, Comedy|Horror, Rating: 4.5/5), ’Lemony Snicket's A Series of Unfortunate Events’ (2004, Adventure|Children|Comedy|Fantasy, Rating: 3.0/5), ’Incredibles, The’ (2004, Action|Adventure|Animation|Children|Comedy, Rating: 4.0/5)"
17576,top-rated,from the years 1964 to 2004,"genres such as Action, Adventure, Animation, Children, Comedy, Crime, Drama, Fantasy, Horror, IMAX, Musical, Romance, Sci-Fi, Thriller","’Harry Potter and the Prisoner of Azkaban’ (2004, Adventure|Fantasy|IMAX, Rating: 5.0/5), ’Clockwork Orange, A’ (1971, Crime|Drama|Sci-Fi|Thriller, Rating: 5.0/5), ’Ghostbusters (a.k.a. Ghost Busters)’ (1984, Action|Comedy|Sci-Fi, Rating: 5.0/5), ’Willy Wonka & the Chocolate Factory’ (1971, Children|Comedy|Fantasy|Musical, Rating: 5.0/5), ’Breakfast Club, The’ (1985, Comedy|Drama, Rating: 5.0/5), ’Girls Just Want to Have Fun’ (1985, Comedy, Rating: 5.0/5), ’Muppet Movie, The’ (1979, Adventure|Children|Comedy|Musical, Rating: 5.0/5), ’Fifth Element, The’ (1997, Action|Adventure|Comedy|Sci-Fi, Rating: 5.0/5), ’Rocky Horror Picture Show, The’ (1975, Comedy|Horror|Musical|Sci-Fi, Rating: 5.0/5), ’Zoolander’ (2001, Comedy, Rating: 5.0/5)"
17990,recent,from the years 1984 to 1999,"genres such as Adventure, Animation, Children, Comedy, Crime, Drama, Fantasy, Romance, Sci-Fi","’Clueless’ (1995, Comedy|Romance, Rating: 3.0/5), ’Bulworth’ (1998, Comedy|Drama|Romance, Rating: 4.0/5), ’Life’ (1999, Comedy|Crime|Drama, Rating: 4.0/5), ’American Pie’ (1999, Comedy|Romance, Rating: 5.0/5), ’Dave’ (1993, Comedy|Romance, Rating: 3.0/5), ’Can't Hardly Wait’ (1998, Comedy|Drama|Romance, Rating: 4.0/5), ’Babe’ (1995, Children|Drama, Rating: 3.0/5), ’Bug's Life, A’ (1998, Adventure|Animation|Children|Comedy, Rating: 3.0/5), ’Crooklyn’ (1994, Comedy|Drama, Rating: 4.0/5), ’As Good as It Gets’ (1997, Comedy|Drama|Romance, Rating: 4.0/5)"
17990,top-rated,from the years 1984 to 1999,"genres such as Adventure, Animation, Children, Comedy, Crime, Drama, Fantasy, Romance, Sci-Fi","’American Pie’ (1999, Comedy|Romance, Rating: 5.0/5), ’Bulworth’ (1998, Comedy|Drama|Romance, Rating: 4.0/5), ’Life’ (1999, Comedy|Crime|Drama, Rating: 4.0/5), ’Can't Hardly Wait’ (1998, Comedy|Drama|Romance, Rating: 4.0/5), ’Crooklyn’ (1994, Comedy|Drama, Rating: 4.0/5), ’As Good as It Gets’ (1997, Comedy|Drama|Romance, Rating: 4.0/5), ’Groundhog Day’ (1993, Comedy|Fantasy|Romance, Rating: 4.0/5), ’10 Things I Hate About You’ (1999, Comedy|Romance, Rating: 4.0/5), ’NeverEnding Story, The’ (1984, Adventure|Children|Fantasy, Rating: 4.0/5), ’Transformers: The Movie’ (1986, Adventure|Animation|Children|Sci-Fi, Rating: 4.0/5)"
19828,recent,from the years 1951 to 2000,"genres such as Animation, Children, Comedy, Crime, Documentary, Drama, Film-Noir, Mystery, Romance, Sci-Fi, Thriller","’Chicken Run’ (2000, Animation|Children|Comedy, Rating: 4.0/5), ’Fargo’ (1996, Comedy|Crime|Drama|Thriller, Rating: 5.0/5), ’Clockwork Orange, A’ (1971, Crime|Drama|Sci-Fi|Thriller, Rating: 5.0/5), ’Streetcar Named Desire, A’ (1951, Drama, Rating: 5.0/5), ’Sweet Hereafter, The’ (1997, Drama, Rating: 5.0/5), ’Midnight Cowboy’ (1969, Drama, Rating: 5.0/5), ’Three Colors: Red (Trois couleurs: Rouge)’ (1994, Drama, Rating: 4.0/5), ’Touch of Evil’ (1958, Crime|Film-Noir|Thriller, Rating: 5.0/5), ’Vertigo’ (1958, Drama|Mystery|Romance|Thriller, Rating: 5.0/5), ’Richard Pryor Live on the Sunset Strip’ (1982, Comedy|Documentary, Rating: 5.0/5)"
19828,top-rated,from the years 1951 to 2000,"genres such as Animation, Children, Comedy, Crime, Documentary, Drama, Film-Noir, Mystery, Romance, Sci-Fi, Thriller","’Fargo’ (1996, Comedy|Crime|Drama|Thriller, Rating: 5.0/5), ’Clockwork Orange, A’ (1971, Crime|Drama|Sci-Fi|Thriller, Rating: 5.0/5), ’Streetcar Named Desire, A’ (1951, Drama, Rating: 5.0/5), ’Sweet Hereafter, The’ (1997, Drama, Rating: 5.0/5), ’Midnight Cowboy’ (1969, Drama, Rating: 5.0/5), ’Touch of Evil’ (1958, Crime|Film-Noir|Thriller, Rating: 5.0/5), ’Vertigo’ (1958, Drama|Mystery|Romance|Thriller, Rating: 5.0/5), ’Richard Pryor Live on the Sunset Strip’ (1982, Comedy|Documentary, Rating: 5.0/5), ’Godfather, The’ (1972, Crime|Drama, Rating: 5.0/5), ’Beauty of the Day (Belle de jour)’ (1967, Drama, Rating: 5.0/5)"
20435,recent,from the years 1968 to 2002,"genres such as Action, Adventure, Comedy, Crime, Drama, Fantasy, Horror, Mystery, Romance, Sci-Fi, Thriller","’Naked Gun: From the Files of Police Squad!, The’ (1988, Action|Comedy|Crime|Romance, Rating: 4.5/5), ’Dog Soldiers’ (2002, Action|Horror, Rating: 4.0/5), ’Omen, The’ (1976, Horror|Mystery|Thriller, Rating: 5.0/5), ’Specialist, The’ (1994, Action|Drama|Thriller, Rating: 2.0/5), ’Murder by Numbers’ (2002, Crime|Thriller, Rating: 2.0/5), ’Fear and Loathing in Las Vegas’ (1998, Adventure|Comedy|Drama, Rating: 5.0/5), ’Back to the Future’ (1985, Adventure|Comedy|Sci-Fi, Rating: 2.0/5), ’Just Visiting’ (2001, Comedy|Fantasy, Rating: 2.0/5), ’Friday the 13th Part VIII: Jason Takes Manhattan’ (1989, Horror, Rating: 1.0/5), ’Mr. Deeds’ (2002, Comedy|Romance, Rating: 3.0/5)"
20435,top-rated,from the years 1968 to 2002,"genres such as Action, Adventure, Comedy, Crime, Drama, Fantasy, Horror, Mystery, Romance, Sci-Fi, Thriller","’Omen, The’ (1976, Horror|Mystery|Thriller, Rating: 5.0/5), ’Fear and Loathing in Las Vegas’ (1998, Adventure|Comedy|Drama, Rating: 5.0/5), ’Contact’ (1997, Drama|Sci-Fi, Rating: 5.0/5), ’Airplane!’ (1980, Comedy, Rating: 5.0/5), ’Lock, Stock & Two Smoking Barrels’ (1998, Comedy|Crime|Thriller, Rating: 5.0/5), ’Planet of the Apes’ (1968, Action|Drama|Sci-Fi, Rating: 5.0/5), ’Shining, The’ (1980, Horror, Rating: 5.0/5), ’K-PAX’ (2001, Drama|Fantasy|Mystery|Sci-Fi, Rating: 5.0/5), ’Fargo’ (1996, Comedy|Crime|Drama|Thriller, Rating: 5.0/5), ’Die Hard’ (1988, Action|Crime|Thriller, Rating: 5.0/5)"
20690,recent,from the years 1993 to 1996,"genres such as Action, Adventure, Animation, Comedy, Crime, Drama, Mystery, Romance, Sci-Fi, Thriller","’Ruby in Paradise’ (1993, Drama, Rating: 3.0/5), ’Go Fish’ (1994, Drama|Romance, Rating: 4.0/5), ’Destiny Turns on the Radio’ (1995, Comedy, Rating: 3.0/5), ’Being Human’ (1993, Drama, Rating: 1.0/5), ’Jeffrey’ (1995, Comedy|Drama, Rating: 5.0/5), ’Flirting With Disaster’ (1996, Comedy, Rating: 4.0/5), ’Prophecy, The’ (1995, Fantasy|Horror|Mystery, Rating: 3.0/5), ’Speechless’ (1994, Comedy|Romance, Rating: 5.0/5), ’Mixed Nuts’ (1994, Comedy, Rating: 3.0/5), ’Clockers’ (1995, Crime|Drama|Mystery, Rating: 4.0/5)"
20690,top-rated,from the years 1993 to 1996,"genres such as Action, Adventure, Animation, Comedy, Crime, Drama, Mystery, Romance, Sci-Fi, Thriller","’Jeffrey’ (1995, Comedy|Drama, Rating: 5.0/5), ’Speechless’ (1994, Comedy|Romance, Rating: 5.0/5), ’Six Degrees of Separation’ (1993, Drama, Rating: 5.0/5), ’Wallace & Gromit: The Best of Aardman Animation’ (1996, Adventure|Animation|Comedy, Rating: 5.0/5), ’Smoke’ (1995, Comedy|Drama, Rating: 5.0/5), ’Searching for Bobby Fischer’ (1993, Drama, Rating: 5.0/5), ’Boxing Helena’ (1993, Drama|Mystery|Romance|Thriller, Rating: 5.0/5), ’Exit to Eden’ (1994, Comedy, Rating: 5.0/5), ’Tank Girl’ (1995, Action|Comedy|Sci-Fi, Rating: 5.0/5), ’Boys on the Side’ (1995, Comedy|Drama, Rating: 5.0/5)"
21322,recent,from the years 1940 to 1996,"genres such as Action, Adventure, Animation, Children, Comedy, Crime, Drama, Fantasy, Musical, Mystery, Romance, Thriller","’His Girl Friday’ (1940, Comedy|Romance, Rating: 4.0/5), ’Speed’ (1994, Action|Romance|Thriller, Rating: 4.0/5), ’Adventures of Pinocchio, The’ (1996, Adventure|Children, Rating: 4.0/5), ’Sabrina’ (1954, Comedy|Romance, Rating: 4.0/5), ’Othello’ (1995, Drama, Rating: 4.0/5), ’Clueless’ (1995, Comedy|Romance, Rating: 4.0/5), ’Quiz Show’ (1994, Drama, Rating: 4.0/5), ’Fresh’ (1994, Crime|Drama|Thriller, Rating: 4.0/5), ’Fargo’ (1996, Comedy|Crime|Drama|Thriller, Rating: 4.0/5), ’Parent Trap, The’ (1961, Children|Comedy|Romance, Rating: 4.0/5)"
21322,top-rated,from the years 1940 to 1996,"genres such as Action, Adventure, Animation, Children, Comedy, Crime, Drama, Fantasy, Musical, Mystery, Romance, Thriller","’Brady Bunch Movie, The’ (1995, Comedy, Rating: 5.0/5), ’Grease’ (1978, Comedy|Musical|Romance, Rating: 5.0/5), ’Top Gun’ (1986, Action|Romance, Rating: 5.0/5), ’Charade’ (1963, Comedy|Crime|Mystery|Romance|Thriller, Rating: 5.0/5), ’Breakfast at Tiffany's’ (1961, Drama|Romance, Rating: 5.0/5), ’Fox and the Hound, The’ (1981, Animation|Children|Drama, Rating: 5.0/5), ’Shanghai Triad (Yao a yao yao dao waipo qiao)’ (1995, Crime|Drama, Rating: 5.0/5), ’James and the Giant Peach’ (1996, Adventure|Animation|Children|Fantasy|Musical, Rating: 5.0/5), ’Heathers’ (1989, Comedy, Rating: 5.0/5), ’Affair to Remember, An’ (1957, Drama|Romance, Rating: 5.0/5)"
21982,recent,from the years 1936 to 1995,"genres such as Action, Adventure, Animation, Comedy, Crime, Drama, Film-Noir, Musical, Mystery, Romance, Sci-Fi","’He Walked by Night’ (1948, Crime|Film-Noir|Thriller, Rating: 2.0/5), ’Big Combo, The’ (1955, Film-Noir, Rating: 4.0/5), ’Body and Soul’ (1947, Drama|Film-Noir, Rating: 3.0/5), ’Harder They Fall, The’ (1956, Drama|Film-Noir, Rating: 3.0/5), ’Crossfire’ (1947, Crime|Film-Noir, Rating: 4.0/5), ’Angel Heart’ (1987, Film-Noir|Horror|Mystery|Thriller, Rating: 2.0/5), ’Traviata, La’ (1982, Drama|Musical, Rating: 4.0/5), ’Quatermass 2 (Enemy from Space)’ (1957, Sci-Fi|Thriller, Rating: 1.0/5), ’X: The Man with the X-Ray Eyes’ (1963, Sci-Fi|Thriller, Rating: 1.0/5), ’Magnificent Ambersons, The’ (1942, Drama|Romance, Rating: 4.0/5)"
21982,top-rated,from the years 1936 to 1995,"genres such as Action, Adventure, Animation, Comedy, Crime, Drama, Film-Noir, Musical, Mystery, Romance, Sci-Fi","’Citizen Kane’ (1941, Drama|Mystery, Rating: 5.0/5), ’Raiders of the Lost Ark (Indiana Jones and the Raiders of the Lost Ark)’ (1981, Action|Adventure, Rating: 5.0/5), ’Ghost in the Shell (Kôkaku kidôtai)’ (1995, Animation|Sci-Fi, Rating: 5.0/5), ’His Girl Friday’ (1940, Comedy|Romance, Rating: 5.0/5), ’Modern Times’ (1936, Comedy|Drama|Romance, Rating: 5.0/5), ’Some Like It Hot’ (1959, Comedy|Crime, Rating: 5.0/5), ’Seventh Seal, The (Sjunde inseglet, Det)’ (1957, Drama, Rating: 5.0/5), ’Man for All Seasons, A’ (1966, Drama, Rating: 5.0/5), ’Godfather: Part II, The’ (1974, Crime|Drama, Rating: 5.0/5), ’Godfather, The’ (1972, Crime|Drama, Rating: 5.0/5)"
22776,recent,from the years 1956 to 2005,"genres such as Action, Adventure, Children, Comedy, Crime, Drama, Fantasy, Horror, IMAX, Musical, Romance, Sci-Fi, Thriller, War, Western","’Kung Fu Hustle (Gong fu)’ (2004, Action|Comedy, Rating: 5.0/5), ’Chronicles of Narnia: The Lion, the Witch and the Wardrobe, The’ (2005, Adventure|Children|Fantasy, Rating: 4.0/5), ’Invasion of the Body Snatchers’ (1956, Horror|Sci-Fi|Thriller, Rating: 4.0/5), ’Batman Begins’ (2005, Action|Crime|IMAX, Rating: 4.5/5), ’Blues Brothers, The’ (1980, Action|Comedy|Musical, Rating: 5.0/5), ’Serenity’ (2005, Action|Adventure|Sci-Fi, Rating: 4.0/5), ’For a Few Dollars More (Per qualche dollaro in più)’ (1965, Action|Drama|Thriller|Western, Rating: 4.5/5), ’Fistful of Dollars, A (Per un pugno di dollari)’ (1964, Action|Western, Rating: 4.5/5), ’Dirty Dozen, The’ (1967, Action|Drama|War, Rating: 4.5/5), ’Boot, Das (Boat, The)’ (1981, Action|Drama|War, Rating: 5.0/5)"
22776,top-rated,from the years 1956 to 2005,"genres such as Action, Adventure, Children, Comedy, Crime, Drama, Fantasy, Horror, IMAX, Musical, Romance, Sci-Fi, Thriller, War, Western","’Kung Fu Hustle (Gong fu)’ (2004, Action|Comedy, Rating: 5.0/5), ’Blues Brothers, The’ (1980, Action|Comedy|Musical, Rating: 5.0/5), ’Boot, Das (Boat, The)’ (1981, Action|Drama|War, Rating: 5.0/5), ’Braveheart’ (1995, Action|Drama|War, Rating: 5.0/5), ’Last Emperor, The’ (1987, Drama, Rating: 5.0/5), ’House of Flying Daggers (Shi mian mai fu)’ (2004, Action|Drama|Romance, Rating: 5.0/5), ’Zulu’ (1964, Action|Drama|War, Rating: 5.0/5), ’Shining, The’ (1980, Horror, Rating: 5.0/5), ’Pulp Fiction’ (1994, Comedy|Crime|Drama|Thriller, Rating: 5.0/5), ’Outlaw Josey Wales, The’ (1976, Action|Adventure|Drama|Thriller|Western, Rating: 5.0/5)"
22989,recent,from the years 1942 to 2014,"genres such as Action, Adventure, Comedy, Crime, Drama, Fantasy, IMAX, Mystery, Romance, Sci-Fi, Thriller","’Flight’ (2012, Drama, Rating: 4.0/5), ’Casablanca’ (1942, Drama|Romance, Rating: 4.0/5), ’How to Marry a Millionaire’ (1953, Comedy|Drama|Romance, Rating: 5.0/5), ’Begin Again’ (2013, Comedy|Romance, Rating: 4.5/5), ’Love, Rosie’ (2014, Comedy|Romance, Rating: 5.0/5), ’Wish I Was Here’ (2014, Comedy|Drama, Rating: 4.5/5), ’Neighbors’ (2014, Comedy, Rating: 3.0/5), ’Chef’ (2014, Comedy, Rating: 4.0/5), ’Hundred-Foot Journey, The’ (2014, Drama, Rating: 4.5/5), ’Gone Girl’ (2014, Drama|Thriller, Rating: 4.5/5)"
22989,top-rated,from the years 1942 to 2014,"genres such as Action, Adventure, Comedy, Crime, Drama, Fantasy, IMAX, Mystery, Romance, Sci-Fi, Thriller","’How to Marry a Millionaire’ (1953, Comedy|Drama|Romance, Rating: 5.0/5), ’Love, Rosie’ (2014, Comedy|Romance, Rating: 5.0/5), ’Her’ (2013, Drama|Romance|Sci-Fi, Rating: 5.0/5), ’Avatar’ (2009, Action|Adventure|Sci-Fi|IMAX, Rating: 5.0/5), ’It's a Wonderful Life’ (1946, Drama|Fantasy|Romance, Rating: 5.0/5), ’Intouchables’ (2011, Comedy|Drama, Rating: 5.0/5), ’About Time’ (2013, Drama|Fantasy|Romance, Rating: 5.0/5), ’Exam’ (2009, Mystery|Thriller, Rating: 5.0/5), ’One Flew Over the Cuckoo's Nest’ (1975, Drama, Rating: 5.0/5), ’Crash’ (2004, Crime|Drama, Rating: 5.0/5)"
23638,recent,from the years 1980 to 2008,"genres such as Action, Adventure, Comedy, Crime, Drama, Fantasy, Horror, Romance, Thriller","’Bangkok Dangerous’ (2008, Action|Crime|Thriller, Rating: 3.5/5), ’Rocker, The’ (2008, Comedy, Rating: 3.5/5), ’Death Race’ (2008, Action|Adventure|Sci-Fi|Thriller, Rating: 3.5/5), ’Futurama: Bender's Game’ (2008, Action|Adventure|Animation|Comedy|Fantasy|Sci-Fi, Rating: 2.5/5), ’Dances with Wolves’ (1990, Adventure|Drama|Western, Rating: 3.5/5), ’Hellboy II: The Golden Army’ (2008, Action|Adventure|Fantasy|Sci-Fi, Rating: 3.0/5), ’Rain Man’ (1988, Drama, Rating: 3.5/5), ’Lives of Others, The (Das leben der Anderen)’ (2006, Drama|Romance|Thriller, Rating: 4.0/5), ’Forbidden Kingdom, The’ (2008, Action|Adventure|Comedy|Fantasy, Rating: 4.0/5), ’St. Trinian's’ (2007, Children|Comedy, Rating: 2.0/5)"
23638,top-rated,from the years 1980 to 2008,"genres such as Action, Adventure, Comedy, Crime, Drama, Fantasy, Horror, Romance, Thriller","’Bad Santa’ (2003, Comedy|Crime, Rating: 5.0/5), ’Shining, The’ (1980, Horror, Rating: 5.0/5), ’Shawshank Redemption, The’ (1994, Crime|Drama, Rating: 5.0/5), ’Love Me If You Dare (Jeux d'enfants)’ (2003, Drama|Romance, Rating: 4.5/5), ’Meet the Parents’ (2000, Comedy, Rating: 4.5/5), ’Leaving Las Vegas’ (1995, Drama|Romance, Rating: 4.5/5), ’Reign Over Me’ (2007, Drama, Rating: 4.5/5), ’Tie Me Up! Tie Me Down! (¡Átame!)’ (1990, Crime|Drama|Romance, Rating: 4.5/5), ’Things We Lost in the Fire’ (2007, Drama|Romance, Rating: 4.5/5), ’Shaun of the Dead’ (2004, Comedy|Horror, Rating: 4.5/5)"
23740,recent,from the years 1940 to 2010,"genres such as Action, Adventure, Animation, Children, Comedy, Crime, Drama, Fantasy, IMAX, Musical, Mystery, Romance, Sci-Fi, Thriller","’Sleeping Beauty’ (1959, Animation|Children|Musical, Rating: 4.5/5), ’Inception’ (2010, Action|Crime|Drama|Mystery|Sci-Fi|Thriller|IMAX, Rating: 4.5/5), ’Moulin Rouge’ (2001, Drama|Musical|Romance, Rating: 4.5/5), ’Pinocchio’ (1940, Animation|Children|Fantasy|Musical, Rating: 4.0/5), ’Little Mermaid, The’ (1989, Animation|Children|Comedy|Musical|Romance, Rating: 4.5/5), ’Mulan’ (1998, Adventure|Animation|Children|Comedy|Drama|Musical|Romance, Rating: 4.5/5), ’Lion King, The’ (1994, Adventure|Animation|Children|Drama|Musical|IMAX, Rating: 4.5/5), ’Beauty and the Beast’ (1991, Animation|Children|Fantasy|Musical|Romance|IMAX, Rating: 4.5/5), ’Cinderella’ (1950, Animation|Children|Fantasy|Musical|Romance, Rating: 4.5/5), ’Bambi’ (1942, Animation|Children|Drama, Rating: 4.5/5)"
23740,top-rated,from the years 1940 to 2010,"genres such as Action, Adventure, Animation, Children, Comedy, Crime, Drama, Fantasy, IMAX, Musical, Mystery, Romance, Sci-Fi, Thriller","’Fall, The’ (2006, Adventure|Drama|Fantasy, Rating: 5.0/5), ’Sleeping Beauty’ (1959, Animation|Children|Musical, Rating: 4.5/5), ’Inception’ (2010, Action|Crime|Drama|Mystery|Sci-Fi|Thriller|IMAX, Rating: 4.5/5), ’Moulin Rouge’ (2001, Drama|Musical|Romance, Rating: 4.5/5), ’Little Mermaid, The’ (1989, Animation|Children|Comedy|Musical|Romance, Rating: 4.5/5), ’Mulan’ (1998, Adventure|Animation|Children|Comedy|Drama|Musical|Romance, Rating: 4.5/5), ’Lion King, The’ (1994, Adventure|Animation|Children|Drama|Musical|IMAX, Rating: 4.5/5), ’Beauty and the Beast’ (1991, Animation|Children|Fantasy|Musical|Romance|IMAX, Rating: 4.5/5), ’Cinderella’ (1950, Animation|Children|Fantasy|Musical|Romance, Rating: 4.5/5), ’Bambi’ (1942, Animation|Children|Drama, Rating: 4.5/5)"
24499,recent,from the years 1977 to 1997,"genres such as Action, Adventure, Animation, Children, Comedy, Crime, Drama, Fantasy, Horror, Musical, Mystery, Romance, Sci-Fi, Thriller, War, Western","’Fifth Element, The’ (1997, Action|Adventure|Comedy|Sci-Fi, Rating: 4.0/5), ’Heathers’ (1989, Comedy, Rating: 4.0/5), ’Clerks’ (1994, Comedy, Rating: 4.0/5), ’Raising Arizona’ (1987, Comedy, Rating: 4.0/5), ’Jaws 3-D’ (1983, Action|Horror, Rating: 3.0/5), ’Jaws 2’ (1978, Horror|Thriller, Rating: 3.0/5), ’Prophecy, The’ (1995, Fantasy|Horror|Mystery, Rating: 4.0/5), ’Lawnmower Man, The’ (1992, Action|Horror|Sci-Fi|Thriller, Rating: 4.0/5), ’Dumbo’ (1941, Animation|Children|Drama|Musical, Rating: 3.0/5), ’Pete's Dragon’ (1977, Adventure|Animation|Children|Musical, Rating: 4.0/5)"
24499,top-rated,from the years 1977 to 1997,"genres such as Action, Adventure, Animation, Children, Comedy, Crime, Drama, Fantasy, Horror, Musical, Mystery, Romance, Sci-Fi, Thriller, War, Western","’Fox and the Hound, The’ (1981, Animation|Children|Drama, Rating: 5.0/5), ’Tombstone’ (1993, Action|Drama|Western, Rating: 5.0/5), ’From Dusk Till Dawn’ (1996, Action|Comedy|Horror|Thriller, Rating: 5.0/5), ’Legends of the Fall’ (1994, Drama|Romance|War|Western, Rating: 5.0/5), ’Dances with Wolves’ (1990, Adventure|Drama|Western, Rating: 5.0/5), ’Princess Bride, The’ (1987, Action|Adventure|Comedy|Fantasy|Romance, Rating: 5.0/5), ’Back to the Future’ (1985, Adventure|Comedy|Sci-Fi, Rating: 5.0/5), ’Grosse Pointe Blank’ (1997, Comedy|Crime|Romance, Rating: 5.0/5), ’Reservoir Dogs’ (1992, Crime|Mystery|Thriller, Rating: 5.0/5), ’Braveheart’ (1995, Action|Drama|War, Rating: 5.0/5)"
25720,recent,from the years 1962 to 1999,"genres such as Action, Adventure, Animation, Children, Comedy, Crime, Drama, Fantasy, Mystery, Romance, Sci-Fi, Thriller, War, Western","’Fabulous Baker Boys, The’ (1989, Drama|Romance, Rating: 4.0/5), ’Sting, The’ (1973, Comedy|Crime, Rating: 5.0/5), ’Tender Mercies’ (1983, Drama|Romance|Western, Rating: 5.0/5), ’Thirteenth Floor, The’ (1999, Drama|Sci-Fi|Thriller, Rating: 4.0/5), ’Thomas Crown Affair, The’ (1999, Action|Mystery, Rating: 4.0/5), ’Story of Us, The’ (1999, Comedy|Drama, Rating: 4.0/5), ’Stuart Little’ (1999, Children|Comedy|Fantasy, Rating: 4.0/5), ’Secret of Roan Inish, The’ (1994, Children|Drama|Fantasy|Mystery, Rating: 5.0/5), ’She's All That’ (1999, Comedy|Romance, Rating: 3.0/5), ’Runaway Bride’ (1999, Comedy|Romance, Rating: 4.0/5)"
25720,top-rated,from the years 1962 to 1999,"genres such as Action, Adventure, Animation, Children, Comedy, Crime, Drama, Fantasy, Mystery, Romance, Sci-Fi, Thriller, War, Western","’Sting, The’ (1973, Comedy|Crime, Rating: 5.0/5), ’Tender Mercies’ (1983, Drama|Romance|Western, Rating: 5.0/5), ’Secret of Roan Inish, The’ (1994, Children|Drama|Fantasy|Mystery, Rating: 5.0/5), ’Bug's Life, A’ (1998, Adventure|Animation|Children|Comedy, Rating: 5.0/5), ’Dances with Wolves’ (1990, Adventure|Drama|Western, Rating: 5.0/5), ’Blazing Saddles’ (1974, Comedy|Western, Rating: 5.0/5), ’Forrest Gump’ (1994, Comedy|Drama|Romance|War, Rating: 5.0/5), ’English Patient, The’ (1996, Drama|Romance|War, Rating: 5.0/5), ’Longest Day, The’ (1962, Action|Drama|War, Rating: 5.0/5), ’Patton’ (1970, Drama|War, Rating: 5.0/5)"
27199,recent,from the years 1957 to 2002,"genres such as Action, Adventure, Comedy, Crime, Documentary, Drama, Horror, Mystery, Sci-Fi, Thriller, War, Western","’Dude, Where's My Car?’ (2000, Comedy|Sci-Fi, Rating: 4.0/5), ’Eight Legged Freaks’ (2002, Action|Comedy|Horror|Sci-Fi, Rating: 3.5/5), ’Blood of Heroes, The (Salute of the Jugger, The)’ (1989, Action|Sci-Fi, Rating: 4.5/5), ’Thomas Crown Affair, The’ (1999, Action|Mystery, Rating: 4.5/5), ’Italian Job, The’ (2003, Action|Crime, Rating: 3.5/5), ’Rocky’ (1976, Drama, Rating: 3.5/5), ’Jumanji’ (1995, Adventure|Children|Fantasy, Rating: 3.0/5), ’I, Robot’ (2004, Action|Adventure|Sci-Fi|Thriller, Rating: 2.0/5), ’Léon: The Professional (a.k.a. The Professional) (Léon)’ (1994, Action|Crime|Drama|Thriller, Rating: 4.5/5), ’School of Rock’ (2003, Comedy|Musical, Rating: 1.5/5)"
27199,top-rated,from the years 1957 to 2002,"genres such as Action, Adventure, Comedy, Crime, Documentary, Drama, Horror, Mystery, Sci-Fi, Thriller, War, Western","’Lawrence of Arabia’ (1962, Adventure|Drama|War, Rating: 5.0/5), ’Bridge on the River Kwai, The’ (1957, Adventure|Drama|War, Rating: 5.0/5), ’Gremlins’ (1984, Comedy|Horror, Rating: 5.0/5), ’M*A*S*H (a.k.a. MASH)’ (1970, Comedy|Drama|War, Rating: 5.0/5), ’Wayne's World’ (1992, Comedy, Rating: 5.0/5), ’Platoon’ (1986, Drama|War, Rating: 5.0/5), ’Election’ (1999, Comedy, Rating: 5.0/5), ’This Is Spinal Tap’ (1984, Comedy, Rating: 5.0/5), ’Butch Cassidy and the Sundance Kid’ (1969, Action|Western, Rating: 5.0/5), ’Bowling for Columbine’ (2002, Documentary, Rating: 5.0/5)"
27801,recent,from the years 1956 to 1999,"genres such as Action, Adventure, Comedy, Crime, Drama, Film-Noir, Horror, Mystery, Romance, Sci-Fi, Thriller","’Star Wars: Episode IV - A New Hope’ (1977, Action|Adventure|Sci-Fi, Rating: 5.0/5), ’Big Blue, The (Grand bleu, Le)’ (1988, Adventure|Drama|Romance, Rating: 4.0/5), ’Invasion of the Body Snatchers’ (1956, Horror|Sci-Fi|Thriller, Rating: 5.0/5), ’Touch of Evil’ (1958, Crime|Film-Noir|Thriller, Rating: 4.0/5), ’Ordinary People’ (1980, Drama, Rating: 5.0/5), ’Frenzy’ (1972, Thriller, Rating: 1.0/5), ’Shakespeare in Love’ (1998, Comedy|Drama|Romance, Rating: 5.0/5), ’Blair Witch Project, The’ (1999, Drama|Horror|Thriller, Rating: 3.0/5), ’Legend of 1900, The (a.k.a. The Legend of the Pianist on the Ocean) (Leggenda del pianista sull'oceano)’ (1998, Drama, Rating: 5.0/5), ’Broken Vessels’ (1998, Drama, Rating: 4.0/5)"
27801,top-rated,from the years 1956 to 1999,"genres such as Action, Adventure, Comedy, Crime, Drama, Film-Noir, Horror, Mystery, Romance, Sci-Fi, Thriller","’Star Wars: Episode IV - A New Hope’ (1977, Action|Adventure|Sci-Fi, Rating: 5.0/5), ’Invasion of the Body Snatchers’ (1956, Horror|Sci-Fi|Thriller, Rating: 5.0/5), ’Ordinary People’ (1980, Drama, Rating: 5.0/5), ’Shakespeare in Love’ (1998, Comedy|Drama|Romance, Rating: 5.0/5), ’Legend of 1900, The (a.k.a. The Legend of the Pianist on the Ocean) (Leggenda del pianista sull'oceano)’ (1998, Drama, Rating: 5.0/5), ’Drop Dead Gorgeous’ (1999, Comedy, Rating: 5.0/5), ’Haunting, The’ (1999, Horror|Thriller, Rating: 5.0/5), ’Eyes Wide Shut’ (1999, Drama|Mystery|Thriller, Rating: 5.0/5), ’Lake Placid’ (1999, Horror|Thriller, Rating: 5.0/5), ’Star Wars: Episode I - The Phantom Menace’ (1999, Action|Adventure|Sci-Fi, Rating: 5.0/5)"
28057,recent,from the years 1939 to 1999,"genres such as Action, Adventure, Animation, Children, Comedy, Crime, Drama, Fantasy, Film-Noir, Horror, Musical, Mystery, Romance, Sci-Fi, Thriller, War, Western","’Sixth Sense, The’ (1999, Drama|Horror|Mystery, Rating: 1.0/5), ’Out of Africa’ (1985, Drama|Romance, Rating: 3.0/5), ’Dreamlife of Angels, The (Vie rêvée des anges, La)’ (1998, Drama, Rating: 4.0/5), ’Being John Malkovich’ (1999, Comedy|Drama|Fantasy, Rating: 4.0/5), ’Tender Mercies’ (1983, Drama|Romance|Western, Rating: 4.0/5), ’Talented Mr. Ripley, The’ (1999, Drama|Mystery|Thriller, Rating: 3.0/5), ’South Park: Bigger, Longer and Uncut’ (1999, Animation|Comedy|Musical, Rating: 2.0/5), ’Romy and Michele's High School Reunion’ (1997, Comedy, Rating: 4.0/5), ’Shakespeare in Love’ (1998, Comedy|Drama|Romance, Rating: 3.0/5), ’Run Lola Run (Lola rennt)’ (1998, Action|Crime, Rating: 4.0/5)"
28057,top-rated,from the years 1939 to 1999,"genres such as Action, Adventure, Animation, Children, Comedy, Crime, Drama, Fantasy, Film-Noir, Horror, Musical, Mystery, Romance, Sci-Fi, Thriller, War, Western","’Night of the Living Dead’ (1968, Horror|Sci-Fi|Thriller, Rating: 5.0/5), ’Maltese Falcon, The’ (1941, Film-Noir|Mystery, Rating: 5.0/5), ’Magnolia’ (1999, Drama, Rating: 5.0/5), ’Iron Giant, The’ (1999, Adventure|Animation|Children|Drama|Sci-Fi, Rating: 5.0/5), ’Gods and Monsters’ (1998, Drama, Rating: 5.0/5), ’Exotica’ (1994, Drama, Rating: 5.0/5), ’Elizabeth’ (1998, Drama, Rating: 5.0/5), ’Gone with the Wind’ (1939, Drama|Romance|War, Rating: 5.0/5), ’Cabaret’ (1972, Drama|Musical, Rating: 5.0/5), ’Dreamlife of Angels, The (Vie rêvée des anges, La)’ (1998, Drama, Rating: 4.0/5)"
28327,recent,from the years 1950 to 1999,"genres such as Action, Adventure, Animation, Children, Comedy, Crime, Drama, Fantasy, Musical, Romance, Sci-Fi, War","’Aladdin and the King of Thieves’ (1996, Animation|Children|Comedy|Fantasy|Musical|Romance, Rating: 4.0/5), ’Married to the Mob’ (1988, Comedy, Rating: 5.0/5), ’Addams Family Values’ (1993, Children|Comedy|Fantasy, Rating: 5.0/5), ’Grease’ (1978, Comedy|Musical|Romance, Rating: 4.0/5), ’Hercules’ (1997, Adventure|Animation|Children|Comedy|Musical, Rating: 4.0/5), ’Return of the Pink Panther, The’ (1975, Comedy|Crime, Rating: 5.0/5), ’Nutty Professor, The’ (1963, Comedy|Sci-Fi, Rating: 5.0/5), ’Lethal Weapon 2’ (1989, Action|Comedy|Crime|Drama, Rating: 4.0/5), ’Tea with Mussolini’ (1999, Comedy|Drama|War, Rating: 5.0/5), ’You've Got Mail’ (1998, Comedy|Romance, Rating: 4.0/5)"
28327,top-rated,from the years 1950 to 1999,"genres such as Action, Adventure, Animation, Children, Comedy, Crime, Drama, Fantasy, Musical, Romance, Sci-Fi, War","’Married to the Mob’ (1988, Comedy, Rating: 5.0/5), ’Addams Family Values’ (1993, Children|Comedy|Fantasy, Rating: 5.0/5), ’Return of the Pink Panther, The’ (1975, Comedy|Crime, Rating: 5.0/5), ’Nutty Professor, The’ (1963, Comedy|Sci-Fi, Rating: 5.0/5), ’Tea with Mussolini’ (1999, Comedy|Drama|War, Rating: 5.0/5), ’Romancing the Stone’ (1984, Action|Adventure|Comedy|Romance, Rating: 5.0/5), ’American President, The’ (1995, Comedy|Drama|Romance, Rating: 5.0/5), ’Dave’ (1993, Comedy|Romance, Rating: 5.0/5), ’Risky Business’ (1983, Comedy, Rating: 5.0/5), ’Born Yesterday’ (1950, Comedy, Rating: 5.0/5)"
28815,recent,from the years 1948 to 2007,"genres such as Adventure, Comedy, Crime, Drama, Fantasy, Horror, Mystery, Sci-Fi, Thriller","’Fly, The’ (1958, Horror|Mystery|Sci-Fi, Rating: 5.0/5), ’Creature from the Black Lagoon, The’ (1954, Adventure|Horror|Sci-Fi, Rating: 5.0/5), ’Abbott and Costello Meet Frankenstein’ (1948, Comedy|Horror, Rating: 5.0/5), ’Thing from Another World, The’ (1951, Horror|Sci-Fi, Rating: 5.0/5), ’Caddyshack’ (1980, Comedy, Rating: 4.5/5), ’Game, The’ (1997, Drama|Mystery|Thriller, Rating: 4.0/5), ’Trading Places’ (1983, Comedy, Rating: 4.5/5), ’Ray’ (2004, Drama, Rating: 4.0/5), ’Misery’ (1990, Drama|Horror|Thriller, Rating: 5.0/5), ’Evil Dead, The’ (1981, Fantasy|Horror|Thriller, Rating: 5.0/5)"
28815,top-rated,from the years 1948 to 2007,"genres such as Adventure, Comedy, Crime, Drama, Fantasy, Horror, Mystery, Sci-Fi, Thriller","’Fly, The’ (1958, Horror|Mystery|Sci-Fi, Rating: 5.0/5), ’Creature from the Black Lagoon, The’ (1954, Adventure|Horror|Sci-Fi, Rating: 5.0/5), ’Abbott and Costello Meet Frankenstein’ (1948, Comedy|Horror, Rating: 5.0/5), ’Thing from Another World, The’ (1951, Horror|Sci-Fi, Rating: 5.0/5), ’Misery’ (1990, Drama|Horror|Thriller, Rating: 5.0/5), ’Evil Dead, The’ (1981, Fantasy|Horror|Thriller, Rating: 5.0/5), ’National Lampoon's Vacation’ (1983, Comedy, Rating: 5.0/5), ’Zodiac’ (2007, Crime|Drama|Thriller, Rating: 5.0/5), ’Dead Poets Society’ (1989, Drama, Rating: 5.0/5), ’Donnie Brasco’ (1997, Crime|Drama, Rating: 5.0/5)"
28817,recent,from the years 1976 to 1996,"genres such as Action, Adventure, Animation, Children, Comedy, Crime, Drama, Fantasy, Horror, Romance, Sci-Fi, Thriller, War","’Jumanji’ (1995, Adventure|Children|Fantasy, Rating: 3.0/5), ’Mortal Kombat’ (1995, Action|Adventure|Fantasy, Rating: 3.0/5), ’Die Hard’ (1988, Action|Crime|Thriller, Rating: 3.0/5), ’Léon: The Professional (a.k.a. The Professional) (Léon)’ (1994, Action|Crime|Drama|Thriller, Rating: 5.0/5), ’Truth About Cats & Dogs, The’ (1996, Comedy|Romance, Rating: 4.0/5), ’Nell’ (1994, Drama, Rating: 4.0/5), ’Taxi Driver’ (1976, Crime|Drama|Thriller, Rating: 5.0/5), ’Sleepless in Seattle’ (1993, Comedy|Drama|Romance, Rating: 3.0/5), ’Philadelphia’ (1993, Drama, Rating: 5.0/5), ’Independence Day (a.k.a. ID4)’ (1996, Action|Adventure|Sci-Fi|Thriller, Rating: 4.0/5)"
28817,top-rated,from the years 1976 to 1996,"genres such as Action, Adventure, Animation, Children, Comedy, Crime, Drama, Fantasy, Horror, Romance, Sci-Fi, Thriller, War","’Léon: The Professional (a.k.a. The Professional) (Léon)’ (1994, Action|Crime|Drama|Thriller, Rating: 5.0/5), ’Taxi Driver’ (1976, Crime|Drama|Thriller, Rating: 5.0/5), ’Philadelphia’ (1993, Drama, Rating: 5.0/5), ’Toy Story’ (1995, Adventure|Animation|Children|Comedy|Fantasy, Rating: 5.0/5), ’Silence of the Lambs, The’ (1991, Crime|Horror|Thriller, Rating: 5.0/5), ’Schindler's List’ (1993, Drama|War, Rating: 5.0/5), ’Interview with the Vampire: The Vampire Chronicles’ (1994, Drama|Horror, Rating: 5.0/5), ’Speed’ (1994, Action|Romance|Thriller, Rating: 5.0/5), ’Terminator 2: Judgment Day’ (1991, Action|Sci-Fi, Rating: 5.0/5), ’Braveheart’ (1995, Action|Drama|War, Rating: 5.0/5)"
29062,recent,from the years 1940 to 2010,"genres such as Action, Adventure, Animation, Children, Comedy, Crime, Drama, Fantasy, IMAX, Musical, Romance, Sci-Fi, Thriller, War","’Despicable Me’ (2010, Animation|Children|Comedy|Crime, Rating: 4.5/5), ’Bolt’ (2008, Action|Adventure|Animation|Children|Comedy, Rating: 4.0/5), ’Kung Fu Panda’ (2008, Action|Animation|Children|Comedy|IMAX, Rating: 4.0/5), ’Fantasia’ (1940, Animation|Children|Fantasy|Musical, Rating: 4.0/5), ’Futurama: The Beast with a Billion Backs’ (2008, Action|Animation|Comedy|Romance|Sci-Fi, Rating: 4.0/5), ’Elephants Dream’ (2006, Animation|Fantasy|Sci-Fi, Rating: 4.0/5), ’Futurama: Into the Wild Green Yonder’ (2009, Action|Animation|Comedy|Sci-Fi, Rating: 4.0/5), ’Shrek Forever After (a.k.a. Shrek: The Final Chapter)’ (2010, Adventure|Animation|Children|Comedy|Fantasy|IMAX, Rating: 4.0/5), ’Megamind’ (2010, Action|Animation|Children|Comedy|Sci-Fi|IMAX, Rating: 4.0/5), ’Up’ (2009, Adventure|Animation|Children|Drama, Rating: 4.0/5)"
29062,top-rated,from the years 1940 to 2010,"genres such as Action, Adventure, Animation, Children, Comedy, Crime, Drama, Fantasy, IMAX, Musical, Romance, Sci-Fi, Thriller, War","’Band of Brothers’ (2001, Action|Drama|War, Rating: 5.0/5), ’King's Speech, The’ (2010, Drama, Rating: 5.0/5), ’Diving Bell and the Butterfly, The (Scaphandre et le papillon, Le)’ (2007, Drama, Rating: 5.0/5), ’Godfather, The’ (1972, Crime|Drama, Rating: 5.0/5), ’Hunger’ (2008, Drama, Rating: 5.0/5), ’Into the Wild’ (2007, Action|Adventure|Drama, Rating: 5.0/5), ’Simpsons Movie, The’ (2007, Animation|Comedy, Rating: 5.0/5), ’Control’ (2007, Drama, Rating: 5.0/5), ’City of God (Cidade de Deus)’ (2002, Action|Adventure|Crime|Drama|Thriller, Rating: 5.0/5), ’Last King of Scotland, The’ (2006, Drama|Thriller, Rating: 5.0/5)"
29934,recent,from the years 1962 to 2008,"genres such as Action, Adventure, Comedy, Crime, Documentary, Drama, Mystery, Romance, Sci-Fi, Thriller, War, Western","’Valkyrie’ (2008, Drama|Thriller|War, Rating: 3.5/5), ’Milk’ (2008, Drama, Rating: 4.0/5), ’Fight Club’ (1999, Action|Crime|Drama|Thriller, Rating: 3.0/5), ’Kick-Ass’ (2010, Action|Comedy, Rating: 2.5/5), ’Clique, The’ (2008, Comedy, Rating: 1.0/5), ’Tyson’ (2008, Documentary, Rating: 3.5/5), ’Lady in the Lake’ (1947, Crime|Drama|Film-Noir|Mystery|Romance, Rating: 2.5/5), ’Roots’ (1977, Drama|War, Rating: 3.5/5), ’Open Water 2: Adrift’ (2006, Drama|Thriller, Rating: 1.5/5), ’Doing Time on Maple Drive’ (1992, Drama, Rating: 3.0/5)"
29934,top-rated,from the years 1962 to 2008,"genres such as Action, Adventure, Comedy, Crime, Documentary, Drama, Mystery, Romance, Sci-Fi, Thriller, War, Western","’Gran Torino’ (2008, Crime|Drama, Rating: 5.0/5), ’Glengarry Glen Ross’ (1992, Drama, Rating: 5.0/5), ’To Kill a Mockingbird’ (1962, Drama, Rating: 5.0/5), ’Saving Private Ryan’ (1998, Action|Drama|War, Rating: 5.0/5), ’Star Wars: Episode IV - A New Hope’ (1977, Action|Adventure|Sci-Fi, Rating: 5.0/5), ’Religulous’ (2008, Comedy|Documentary, Rating: 4.5/5), ’Rustlers' Rhapsody’ (1985, Comedy|Western, Rating: 4.5/5), ’Dangerous Liaisons’ (1988, Drama|Romance, Rating: 4.5/5), ’Blue Velvet’ (1986, Drama|Mystery|Thriller, Rating: 4.5/5), ’American Graffiti’ (1973, Comedy|Drama, Rating: 4.5/5)"
30036,recent,from the years 1977 to 1996,"genres such as Action, Adventure, Comedy, Crime, Documentary, Drama, Mystery, Romance, Sci-Fi, Thriller, Western","’What Happened Was...’ (1994, Comedy|Drama|Romance|Thriller, Rating: 4.0/5), ’Horseman on the Roof, The (Hussard sur le toit, Le)’ (1995, Drama|Romance, Rating: 3.0/5), ’Coup de torchon (Clean Slate)’ (1981, Crime, Rating: 4.0/5), ’Lone Star’ (1996, Drama|Mystery|Western, Rating: 5.0/5), ’Month by the Lake, A’ (1995, Comedy|Drama|Romance, Rating: 4.0/5), ’Unforgettable’ (1996, Mystery|Sci-Fi|Thriller, Rating: 3.0/5), ’I Shot Andy Warhol’ (1996, Drama, Rating: 4.0/5), ’Cold Comfort Farm’ (1995, Comedy, Rating: 3.0/5), ’Tom & Viv’ (1994, Drama, Rating: 3.0/5), ’Blue in the Face’ (1995, Comedy|Drama, Rating: 4.0/5)"
30036,top-rated,from the years 1977 to 1996,"genres such as Action, Adventure, Comedy, Crime, Documentary, Drama, Mystery, Romance, Sci-Fi, Thriller, Western","’Lone Star’ (1996, Drama|Mystery|Western, Rating: 5.0/5), ’My Family’ (1995, Drama, Rating: 5.0/5), ’Once Were Warriors’ (1994, Crime|Drama, Rating: 5.0/5), ’Before Sunrise’ (1995, Drama|Romance, Rating: 5.0/5), ’Crumb’ (1994, Documentary, Rating: 5.0/5), ’Exotica’ (1994, Drama, Rating: 5.0/5), ’Smoke’ (1995, Comedy|Drama, Rating: 5.0/5), ’Star Wars: Episode IV - A New Hope’ (1977, Action|Adventure|Sci-Fi, Rating: 5.0/5), ’Postman, The (Postino, Il)’ (1994, Comedy|Drama|Romance, Rating: 5.0/5), ’Fargo’ (1996, Comedy|Crime|Drama|Thriller, Rating: 5.0/5)"
31400,recent,from the years 1977 to 2003,"genres such as Action, Adventure, Animation, Children, Comedy, Crime, Drama, Fantasy, Romance, Sci-Fi, Thriller, Western","’Net, The’ (1995, Action|Crime|Thriller, Rating: 3.5/5), ’Pirates of the Caribbean: The Curse of the Black Pearl’ (2003, Action|Adventure|Comedy|Fantasy, Rating: 4.5/5), ’Insomnia’ (2002, Action|Crime|Drama|Mystery|Thriller, Rating: 3.5/5), ’Superman’ (1978, Action|Adventure|Sci-Fi, Rating: 2.5/5), ’Maverick’ (1994, Adventure|Comedy|Western, Rating: 4.5/5), ’While You Were Sleeping’ (1995, Comedy|Romance, Rating: 4.0/5), ’Face/Off’ (1997, Action|Crime|Drama|Thriller, Rating: 4.0/5), ’Rain Man’ (1988, Drama, Rating: 4.5/5), ’Jaws’ (1975, Action|Horror, Rating: 3.5/5), ’When Harry Met Sally...’ (1989, Comedy|Romance, Rating: 3.5/5)"
31400,top-rated,from the years 1977 to 2003,"genres such as Action, Adventure, Animation, Children, Comedy, Crime, Drama, Fantasy, Romance, Sci-Fi, Thriller, Western","’Raiders of the Lost Ark (Indiana Jones and the Raiders of the Lost Ark)’ (1981, Action|Adventure, Rating: 5.0/5), ’Pirates of the Caribbean: The Curse of the Black Pearl’ (2003, Action|Adventure|Comedy|Fantasy, Rating: 4.5/5), ’Maverick’ (1994, Adventure|Comedy|Western, Rating: 4.5/5), ’Rain Man’ (1988, Drama, Rating: 4.5/5), ’Die Hard’ (1988, Action|Crime|Thriller, Rating: 4.5/5), ’Close Encounters of the Third Kind’ (1977, Adventure|Drama|Sci-Fi, Rating: 4.5/5), ’High Fidelity’ (2000, Comedy|Drama|Romance, Rating: 4.5/5), ’Shrek’ (2001, Adventure|Animation|Children|Comedy|Fantasy|Romance, Rating: 4.5/5), ’Lost World: Jurassic Park, The’ (1997, Action|Adventure|Sci-Fi|Thriller, Rating: 4.5/5), ’Fight Club’ (1999, Action|Crime|Drama|Thriller, Rating: 4.5/5)"
31600,recent,from the years 1985 to 2000,"genres such as Action, Adventure, Children, Comedy, Crime, Drama, Fantasy, Film-Noir, Musical, Mystery, Romance, Sci-Fi, Thriller","’Groundhog Day’ (1993, Comedy|Fantasy|Romance, Rating: 5.0/5), ’Being John Malkovich’ (1999, Comedy|Drama|Fantasy, Rating: 4.5/5), ’Clan of the Cave Bear, The’ (1986, Adventure|Drama|Fantasy, Rating: 2.0/5), ’Care Bears Movie, The’ (1985, Animation|Children|Fantasy, Rating: 3.5/5), ’Boy Who Could Fly, The’ (1986, Drama|Fantasy, Rating: 2.0/5), ’Splash’ (1984, Comedy|Fantasy|Romance, Rating: 3.5/5), ’Legend’ (1985, Adventure|Fantasy|Romance, Rating: 3.0/5), ’Brazil’ (1985, Fantasy|Sci-Fi, Rating: 5.0/5), ’Beetlejuice’ (1988, Comedy|Fantasy, Rating: 5.0/5), ’Ladyhawke’ (1985, Adventure|Fantasy|Romance, Rating: 2.5/5)"
31600,top-rated,from the years 1985 to 2000,"genres such as Action, Adventure, Children, Comedy, Crime, Drama, Fantasy, Film-Noir, Musical, Mystery, Romance, Sci-Fi, Thriller","’Groundhog Day’ (1993, Comedy|Fantasy|Romance, Rating: 5.0/5), ’Brazil’ (1985, Fantasy|Sci-Fi, Rating: 5.0/5), ’Beetlejuice’ (1988, Comedy|Fantasy, Rating: 5.0/5), ’Billy Elliot’ (2000, Drama, Rating: 5.0/5), ’Princess Bride, The’ (1987, Action|Adventure|Comedy|Fantasy|Romance, Rating: 5.0/5), ’Big Lebowski, The’ (1998, Comedy|Crime, Rating: 5.0/5), ’Babe’ (1995, Children|Drama, Rating: 5.0/5), ’L.A. Confidential’ (1997, Crime|Film-Noir|Mystery|Thriller, Rating: 5.0/5), ’Moonwalker’ (1988, Musical, Rating: 5.0/5), ’Little Princess, A’ (1995, Children|Drama, Rating: 5.0/5)"
31692,recent,from the years 1987 to 2001,"genres such as Action, Adventure, Children, Comedy, Crime, Drama, Fantasy, Film-Noir, Horror, Mystery, Romance, Sci-Fi, Thriller","’Harry Potter and the Sorcerer's Stone (a.k.a. Harry Potter and the Philosopher's Stone)’ (2001, Adventure|Children|Fantasy, Rating: 5.0/5), ’Body, The’ (2001, Drama|Sci-Fi, Rating: 3.0/5), ’Knight's Tale, A’ (2001, Action|Comedy|Romance, Rating: 2.0/5), ’Angel Eyes’ (2001, Romance|Thriller, Rating: 4.0/5), ’L.A. Confidential’ (1997, Crime|Film-Noir|Mystery|Thriller, Rating: 4.0/5), ’High Fidelity’ (2000, Comedy|Drama|Romance, Rating: 4.0/5), ’Gift, The’ (2000, Thriller, Rating: 3.0/5), ’Ever After: A Cinderella Story’ (1998, Comedy|Drama|Romance, Rating: 3.0/5), ’Fatal Attraction’ (1987, Drama|Thriller, Rating: 4.0/5), ’Deconstructing Harry’ (1997, Comedy|Drama, Rating: 3.0/5)"
31692,top-rated,from the years 1987 to 2001,"genres such as Action, Adventure, Children, Comedy, Crime, Drama, Fantasy, Film-Noir, Horror, Mystery, Romance, Sci-Fi, Thriller","’Harry Potter and the Sorcerer's Stone (a.k.a. Harry Potter and the Philosopher's Stone)’ (2001, Adventure|Children|Fantasy, Rating: 5.0/5), ’Amores Perros (Love's a Bitch)’ (2000, Drama|Thriller, Rating: 5.0/5), ’Bridget Jones's Diary’ (2001, Comedy|Drama|Romance, Rating: 5.0/5), ’Cinema Paradiso (Nuovo cinema Paradiso)’ (1989, Drama, Rating: 5.0/5), ’Devil's Advocate, The’ (1997, Drama|Mystery|Thriller, Rating: 5.0/5), ’Matrix, The’ (1999, Action|Sci-Fi|Thriller, Rating: 5.0/5), ’Kids’ (1995, Drama, Rating: 5.0/5), ’Sleepy Hollow’ (1999, Fantasy|Horror|Mystery|Romance, Rating: 5.0/5), ’Blair Witch Project, The’ (1999, Drama|Horror|Thriller, Rating: 5.0/5), ’Awakenings’ (1990, Drama|Mystery, Rating: 5.0/5)"
31964,recent,from the years 1974 to 2003,"genres such as Action, Adventure, Animation, Children, Comedy, Crime, Drama, Fantasy, Horror, Musical, Mystery, Romance, Sci-Fi, Thriller","’Truly, Madly, Deeply’ (1991, Drama|Romance, Rating: 3.5/5), ’Gorillas in the Mist’ (1988, Drama, Rating: 3.0/5), ’Three Men and a Baby’ (1987, Comedy, Rating: 2.5/5), ’Three Men and a Little Lady’ (1990, Comedy|Romance, Rating: 2.5/5), ’Madness of King George, The’ (1994, Comedy|Drama, Rating: 4.0/5), ’Mary Shelley's Frankenstein (Frankenstein)’ (1994, Drama|Horror|Sci-Fi, Rating: 3.0/5), ’Operation Dumbo Drop’ (1995, Action|Adventure|Comedy|War, Rating: 2.0/5), ’People vs. Larry Flynt, The’ (1996, Comedy|Drama, Rating: 3.0/5), ’George of the Jungle’ (1997, Children|Comedy, Rating: 2.0/5), ’Fried Green Tomatoes’ (1991, Comedy|Crime|Drama, Rating: 4.0/5)"
31964,top-rated,from the years 1974 to 2003,"genres such as Action, Adventure, Animation, Children, Comedy, Crime, Drama, Fantasy, Horror, Musical, Mystery, Romance, Sci-Fi, Thriller","’Bend It Like Beckham’ (2002, Comedy|Drama|Romance, Rating: 5.0/5), ’21 Grams’ (2003, Crime|Drama|Mystery|Romance|Thriller, Rating: 5.0/5), ’Stigmata’ (1999, Drama|Thriller, Rating: 5.0/5), ’Aladdin’ (1992, Adventure|Animation|Children|Comedy|Musical, Rating: 5.0/5), ’Shrek’ (2001, Adventure|Animation|Children|Comedy|Fantasy|Romance, Rating: 5.0/5), ’Star Wars: Episode V - The Empire Strikes Back’ (1980, Action|Adventure|Sci-Fi, Rating: 5.0/5), ’Royal Tenenbaums, The’ (2001, Comedy|Drama, Rating: 5.0/5), ’Shining, The’ (1980, Horror, Rating: 5.0/5), ’Godfather: Part II, The’ (1974, Crime|Drama, Rating: 5.0/5), ’Mystic River’ (2003, Crime|Drama|Mystery, Rating: 5.0/5)"
32746,recent,from the years 1976 to 2006,"genres such as Action, Adventure, Comedy, Crime, Drama, Mystery, Sci-Fi, Thriller","’Amelie (Fabuleux destin d'Amélie Poulain, Le)’ (2001, Comedy|Romance, Rating: 3.0/5), ’Lord of the Rings: The Two Towers, The’ (2002, Adventure|Fantasy, Rating: 0.5/5), ’Fargo’ (1996, Comedy|Crime|Drama|Thriller, Rating: 4.0/5), ’Departed, The’ (2006, Crime|Drama|Thriller, Rating: 4.0/5), ’Apocalypse Now’ (1979, Action|Drama|War, Rating: 3.0/5), ’Taxi Driver’ (1976, Crime|Drama|Thriller, Rating: 4.0/5), ’Celebration, The (Festen)’ (1998, Drama, Rating: 4.5/5), ’Blade Runner’ (1982, Action|Sci-Fi|Thriller, Rating: 1.0/5), ’Lord of the Rings: The Fellowship of the Ring, The’ (2001, Adventure|Fantasy, Rating: 0.5/5), ’Cinema Paradiso (Nuovo cinema Paradiso)’ (1989, Drama, Rating: 3.5/5)"
32746,top-rated,from the years 1976 to 2006,"genres such as Action, Adventure, Comedy, Crime, Drama, Mystery, Sci-Fi, Thriller","’Goodfellas’ (1990, Crime|Drama, Rating: 5.0/5), ’Shawshank Redemption, The’ (1994, Crime|Drama, Rating: 5.0/5), ’Celebration, The (Festen)’ (1998, Drama, Rating: 4.5/5), ’Memento’ (2000, Mystery|Thriller, Rating: 4.5/5), ’Matrix, The’ (1999, Action|Sci-Fi|Thriller, Rating: 4.5/5), ’City of God (Cidade de Deus)’ (2002, Action|Adventure|Crime|Drama|Thriller, Rating: 4.5/5), ’Fargo’ (1996, Comedy|Crime|Drama|Thriller, Rating: 4.0/5), ’Departed, The’ (2006, Crime|Drama|Thriller, Rating: 4.0/5), ’Taxi Driver’ (1976, Crime|Drama|Thriller, Rating: 4.0/5), ’American History X’ (1998, Crime|Drama, Rating: 4.0/5)"
33151,recent,from the years 1991 to 1995,"genres such as Action, Adventure, Animation, Children, Comedy, Crime, Drama, Horror, IMAX, Musical, Mystery, Romance, Sci-Fi, Thriller","’Four Weddings and a Funeral’ (1994, Comedy|Romance, Rating: 4.0/5), ’Bridges of Madison County, The’ (1995, Drama|Romance, Rating: 3.0/5), ’Don Juan DeMarco’ (1995, Comedy|Drama|Romance, Rating: 3.0/5), ’Nine Months’ (1995, Comedy|Romance, Rating: 3.0/5), ’Lion King, The’ (1994, Adventure|Animation|Children|Drama|Musical|IMAX, Rating: 4.0/5), ’Nell’ (1994, Drama, Rating: 3.0/5), ’Usual Suspects, The’ (1995, Crime|Mystery|Thriller, Rating: 4.0/5), ’Beverly Hills Cop III’ (1994, Action|Comedy|Crime|Thriller, Rating: 4.0/5), ’Get Shorty’ (1995, Comedy|Crime|Thriller, Rating: 5.0/5), ’Santa Clause, The’ (1994, Comedy|Drama|Fantasy, Rating: 1.0/5)"
33151,top-rated,from the years 1991 to 1995,"genres such as Action, Adventure, Animation, Children, Comedy, Crime, Drama, Horror, IMAX, Musical, Mystery, Romance, Sci-Fi, Thriller","’Get Shorty’ (1995, Comedy|Crime|Thriller, Rating: 5.0/5), ’Shawshank Redemption, The’ (1994, Crime|Drama, Rating: 5.0/5), ’Pulp Fiction’ (1994, Comedy|Crime|Drama|Thriller, Rating: 5.0/5), ’Four Weddings and a Funeral’ (1994, Comedy|Romance, Rating: 4.0/5), ’Lion King, The’ (1994, Adventure|Animation|Children|Drama|Musical|IMAX, Rating: 4.0/5), ’Usual Suspects, The’ (1995, Crime|Mystery|Thriller, Rating: 4.0/5), ’Beverly Hills Cop III’ (1994, Action|Comedy|Crime|Thriller, Rating: 4.0/5), ’Silence of the Lambs, The’ (1991, Crime|Horror|Thriller, Rating: 4.0/5), ’Outbreak’ (1995, Action|Drama|Sci-Fi|Thriller, Rating: 4.0/5), ’Stargate’ (1994, Action|Adventure|Sci-Fi, Rating: 4.0/5)"
33492,recent,from the years 1994 to 2004,"genres such as Action, Adventure, Animation, Children, Comedy, Crime, Drama, Fantasy, IMAX, Romance, Sci-Fi, Thriller, War","’I, Robot’ (2004, Action|Adventure|Sci-Fi|Thriller, Rating: 4.0/5), ’Life Is Beautiful (La Vita è bella)’ (1997, Comedy|Drama|Romance|War, Rating: 4.5/5), ’Matrix Reloaded, The’ (2003, Action|Adventure|Sci-Fi|Thriller|IMAX, Rating: 4.5/5), ’Mummy, The’ (1999, Action|Adventure|Comedy|Fantasy|Horror|Thriller, Rating: 3.5/5), ’Honey, I Shrunk the Kids’ (1989, Adventure|Children|Comedy|Fantasy|Sci-Fi, Rating: 2.0/5), ’Run Lola Run (Lola rennt)’ (1998, Action|Crime, Rating: 3.0/5), ’Bridget Jones's Diary’ (2001, Comedy|Drama|Romance, Rating: 1.5/5), ’Gattaca’ (1997, Drama|Sci-Fi|Thriller, Rating: 4.0/5), ’Stargate’ (1994, Action|Adventure|Sci-Fi, Rating: 4.0/5), ’Bourne Supremacy, The’ (2004, Action|Crime|Thriller, Rating: 4.5/5)"
33492,top-rated,from the years 1994 to 2004,"genres such as Action, Adventure, Animation, Children, Comedy, Crime, Drama, Fantasy, IMAX, Romance, Sci-Fi, Thriller, War","’Forrest Gump’ (1994, Comedy|Drama|Romance|War, Rating: 5.0/5), ’Monsters, Inc.’ (2001, Adventure|Animation|Children|Comedy|Fantasy, Rating: 5.0/5), ’Matrix, The’ (1999, Action|Sci-Fi|Thriller, Rating: 5.0/5), ’Life Is Beautiful (La Vita è bella)’ (1997, Comedy|Drama|Romance|War, Rating: 4.5/5), ’Matrix Reloaded, The’ (2003, Action|Adventure|Sci-Fi|Thriller|IMAX, Rating: 4.5/5), ’Bourne Supremacy, The’ (2004, Action|Crime|Thriller, Rating: 4.5/5), ’Valentin (Valentín)’ (2002, Drama, Rating: 4.5/5), ’Requiem for a Dream’ (2000, Drama, Rating: 4.5/5), ’Pianist, The’ (2002, Drama|War, Rating: 4.5/5), ’City of God (Cidade de Deus)’ (2002, Action|Adventure|Crime|Drama|Thriller, Rating: 4.5/5)"
35351,recent,from the years 1944 to 1999,"genres such as Action, Adventure, Comedy, Crime, Drama, Film-Noir, Horror, Mystery, Romance, Sci-Fi, Thriller","’Beautiful Mind, A’ (2001, Drama|Romance, Rating: 3.5/5), ’No Way Out’ (1987, Drama|Mystery|Thriller, Rating: 3.5/5), ’Time After Time’ (1979, Sci-Fi|Thriller, Rating: 3.0/5), ’Planet of the Apes’ (1968, Action|Drama|Sci-Fi, Rating: 3.0/5), ’Star Wars: Episode VI - Return of the Jedi’ (1983, Action|Adventure|Sci-Fi, Rating: 1.5/5), ’Zero Effect’ (1998, Comedy|Mystery|Thriller, Rating: 1.5/5), ’Scanner Darkly, A’ (2006, Animation|Drama|Mystery|Sci-Fi|Thriller, Rating: 2.0/5), ’Quiet Earth, The’ (1985, Drama|Mystery|Sci-Fi, Rating: 3.5/5), ’Ghostbusters (a.k.a. Ghost Busters)’ (1984, Action|Comedy|Sci-Fi, Rating: 5.0/5), ’Night of the Living Dead’ (1968, Horror|Sci-Fi|Thriller, Rating: 4.5/5)"
35351,top-rated,from the years 1944 to 1999,"genres such as Action, Adventure, Comedy, Crime, Drama, Film-Noir, Horror, Mystery, Romance, Sci-Fi, Thriller","’Ghostbusters (a.k.a. Ghost Busters)’ (1984, Action|Comedy|Sci-Fi, Rating: 5.0/5), ’Rear Window’ (1954, Mystery|Thriller, Rating: 5.0/5), ’Repo Man’ (1984, Comedy|Sci-Fi, Rating: 5.0/5), ’Chinatown’ (1974, Crime|Film-Noir|Mystery|Thriller, Rating: 5.0/5), ’Sunset Blvd. (a.k.a. Sunset Boulevard)’ (1950, Drama|Film-Noir|Romance, Rating: 5.0/5), ’Double Indemnity’ (1944, Crime|Drama|Film-Noir, Rating: 5.0/5), ’Animal House’ (1978, Comedy, Rating: 5.0/5), ’Virgin Suicides, The’ (1999, Drama|Romance, Rating: 5.0/5), ’Taxi Driver’ (1976, Crime|Drama|Thriller, Rating: 5.0/5), ’Raiders of the Lost Ark (Indiana Jones and the Raiders of the Lost Ark)’ (1981, Action|Adventure, Rating: 5.0/5)"
35528,recent,from the years 1959 to 2000,"genres such as Action, Adventure, Comedy, Crime, Drama, Romance, Sci-Fi, Thriller, War","’Fugitive, The’ (1993, Thriller, Rating: 4.0/5), ’Contact’ (1997, Drama|Sci-Fi, Rating: 5.0/5), ’Nurse Betty’ (2000, Comedy|Crime|Drama|Romance|Thriller, Rating: 4.0/5), ’Dogma’ (1999, Adventure|Comedy|Fantasy, Rating: 3.0/5), ’Scent of a Woman’ (1992, Drama, Rating: 4.0/5), ’Mars Attacks!’ (1996, Action|Comedy|Sci-Fi, Rating: 3.0/5), ’Robin Hood: Prince of Thieves’ (1991, Adventure|Drama, Rating: 2.0/5), ’Happy Gilmore’ (1996, Comedy, Rating: 4.0/5), ’Good Morning, Vietnam’ (1987, Comedy|Drama|War, Rating: 3.0/5), ’Meet the Parents’ (2000, Comedy, Rating: 5.0/5)"
35528,top-rated,from the years 1959 to 2000,"genres such as Action, Adventure, Comedy, Crime, Drama, Romance, Sci-Fi, Thriller, War","’Contact’ (1997, Drama|Sci-Fi, Rating: 5.0/5), ’Meet the Parents’ (2000, Comedy, Rating: 5.0/5), ’Jerk, The’ (1979, Comedy, Rating: 5.0/5), ’Boogie Nights’ (1997, Drama, Rating: 5.0/5), ’Indiana Jones and the Last Crusade’ (1989, Action|Adventure, Rating: 5.0/5), ’One Flew Over the Cuckoo's Nest’ (1975, Drama, Rating: 5.0/5), ’Ben-Hur’ (1959, Action|Adventure|Drama, Rating: 5.0/5), ’Requiem for a Dream’ (2000, Drama, Rating: 5.0/5), ’Boot, Das (Boat, The)’ (1981, Action|Drama|War, Rating: 5.0/5), ’Fight Club’ (1999, Action|Crime|Drama|Thriller, Rating: 5.0/5)"
37348,recent,from the years 1985 to 2000,"genres such as Action, Adventure, Children, Comedy, Crime, Drama, Fantasy, Horror, Mystery, Romance, Sci-Fi, Thriller","’High Fidelity’ (2000, Comedy|Drama|Romance, Rating: 4.0/5), ’Naked Gun 2 1/2: The Smell of Fear, The’ (1991, Comedy, Rating: 3.0/5), ’White Men Can't Jump’ (1992, Comedy|Drama, Rating: 4.0/5), ’Boogie Nights’ (1997, Drama, Rating: 4.0/5), ’Six Degrees of Separation’ (1993, Drama, Rating: 4.0/5), ’Breaking the Waves’ (1996, Drama|Mystery, Rating: 3.0/5), ’Erin Brockovich’ (2000, Drama, Rating: 4.0/5), ’My Dog Skip’ (1999, Children|Drama, Rating: 4.0/5), ’X-Men’ (2000, Action|Adventure|Sci-Fi, Rating: 4.0/5), ’Jacob's Ladder’ (1990, Horror|Mystery, Rating: 4.0/5)"
37348,top-rated,from the years 1985 to 2000,"genres such as Action, Adventure, Children, Comedy, Crime, Drama, Fantasy, Horror, Mystery, Romance, Sci-Fi, Thriller","’Back to the Future’ (1985, Adventure|Comedy|Sci-Fi, Rating: 5.0/5), ’Seven (a.k.a. Se7en)’ (1995, Mystery|Thriller, Rating: 5.0/5), ’Being John Malkovich’ (1999, Comedy|Drama|Fantasy, Rating: 5.0/5), ’Sixth Sense, The’ (1999, Drama|Horror|Mystery, Rating: 5.0/5), ’Hunt for Red October, The’ (1990, Action|Adventure|Thriller, Rating: 5.0/5), ’Clerks’ (1994, Comedy, Rating: 5.0/5), ’Swingers’ (1996, Comedy|Drama, Rating: 5.0/5), ’Homegrown’ (1998, Comedy|Thriller, Rating: 5.0/5), ’Babe’ (1995, Children|Drama, Rating: 5.0/5), ’Run Lola Run (Lola rennt)’ (1998, Action|Crime, Rating: 5.0/5)"
37393,recent,from the years 1982 to 1999,"genres such as Action, Adventure, Comedy, Crime, Drama, Fantasy, Romance, Sci-Fi, Thriller, War, Western","’Lawnmower Man, The’ (1992, Action|Horror|Sci-Fi|Thriller, Rating: 3.0/5), ’Mummy, The’ (1999, Action|Adventure|Comedy|Fantasy|Horror|Thriller, Rating: 3.0/5), ’Star Trek V: The Final Frontier’ (1989, Action|Sci-Fi, Rating: 3.0/5), ’Young Guns’ (1988, Action|Comedy|Western, Rating: 4.0/5), ’Conan the Barbarian’ (1982, Action|Adventure|Fantasy, Rating: 3.0/5), ’Dick Tracy’ (1990, Action|Crime, Rating: 4.0/5), ’Single White Female’ (1992, Drama|Thriller, Rating: 4.0/5), ’Batman Returns’ (1992, Action|Crime, Rating: 3.0/5), ’First Blood (Rambo: First Blood)’ (1982, Action|Adventure|Drama|Thriller, Rating: 5.0/5), ’World Is Not Enough, The’ (1999, Action|Adventure|Thriller, Rating: 4.0/5)"
37393,top-rated,from the years 1982 to 1999,"genres such as Action, Adventure, Comedy, Crime, Drama, Fantasy, Romance, Sci-Fi, Thriller, War, Western","’First Blood (Rambo: First Blood)’ (1982, Action|Adventure|Drama|Thriller, Rating: 5.0/5), ’Backdraft’ (1991, Action|Drama, Rating: 5.0/5), ’Men in Black (a.k.a. MIB)’ (1997, Action|Comedy|Sci-Fi, Rating: 5.0/5), ’Highlander’ (1986, Action|Adventure|Fantasy, Rating: 5.0/5), ’Star Trek: First Contact’ (1996, Action|Adventure|Sci-Fi|Thriller, Rating: 5.0/5), ’Jurassic Park’ (1993, Action|Adventure|Sci-Fi|Thriller, Rating: 5.0/5), ’Braveheart’ (1995, Action|Drama|War, Rating: 5.0/5), ’Glory’ (1989, Drama|War, Rating: 5.0/5), ’Princess Bride, The’ (1987, Action|Adventure|Comedy|Fantasy|Romance, Rating: 5.0/5), ’Matrix, The’ (1999, Action|Sci-Fi|Thriller, Rating: 5.0/5)"
37546,recent,from the years 1959 to 1999,"genres such as Adventure, Animation, Children, Comedy, Crime, Drama, Fantasy, Musical, Romance, Sci-Fi, War","’Pocahontas’ (1995, Animation|Children|Drama|Musical|Romance, Rating: 4.0/5), ’Hunchback of Notre Dame, The’ (1996, Animation|Children|Drama|Musical|Romance, Rating: 4.0/5), ’James and the Giant Peach’ (1996, Adventure|Animation|Children|Fantasy|Musical, Rating: 4.0/5), ’American Tail, An’ (1986, Adventure|Animation|Children|Comedy, Rating: 4.0/5), ’Parent Trap, The’ (1998, Children|Comedy|Romance, Rating: 3.0/5), ’Flight of the Navigator’ (1986, Adventure|Children|Sci-Fi, Rating: 4.0/5), ’NeverEnding Story, The’ (1984, Adventure|Children|Fantasy, Rating: 4.0/5), ’Jungle Book, The’ (1967, Animation|Children|Comedy|Musical, Rating: 4.0/5), ’Shaggy Dog, The’ (1959, Children|Comedy, Rating: 4.0/5), ’Sword in the Stone, The’ (1963, Animation|Children|Fantasy|Musical, Rating: 4.0/5)"
37546,top-rated,from the years 1959 to 1999,"genres such as Adventure, Animation, Children, Comedy, Crime, Drama, Fantasy, Musical, Romance, Sci-Fi, War","’Muppet Treasure Island’ (1996, Adventure|Children|Comedy|Musical, Rating: 5.0/5), ’Muppet Christmas Carol, The’ (1992, Children|Comedy|Musical, Rating: 5.0/5), ’Muppets From Space’ (1999, Children|Comedy, Rating: 5.0/5), ’Muppet Movie, The’ (1979, Adventure|Children|Comedy|Musical, Rating: 5.0/5), ’Great Muppet Caper, The’ (1981, Children|Comedy, Rating: 5.0/5), ’Muppets Take Manhattan, The’ (1984, Children|Comedy|Musical, Rating: 5.0/5), ’Patch Adams’ (1998, Comedy|Drama, Rating: 5.0/5), ’Lean on Me’ (1989, Drama, Rating: 5.0/5), ’Seven Years in Tibet’ (1997, Adventure|Drama|War, Rating: 5.0/5), ’American History X’ (1998, Crime|Drama, Rating: 5.0/5)"
38064,recent,from the years 1941 to 2009,"genres such as Action, Adventure, Comedy, Crime, Documentary, Drama, Film-Noir, Mystery, Romance, Thriller, War","’Frozen River’ (2008, Drama, Rating: 4.5/5), ’Magdalene Sisters, The’ (2002, Drama, Rating: 4.5/5), ’Boys Don't Cry’ (1999, Drama, Rating: 5.0/5), ’Brothers Bloom, The’ (2008, Adventure|Comedy|Crime|Romance, Rating: 4.0/5), ’42 Up’ (1998, Documentary, Rating: 4.0/5), ’Love in the Afternoon’ (1957, Comedy|Romance, Rating: 5.0/5), ’Juno’ (2007, Comedy|Drama|Romance, Rating: 5.0/5), ’(500) Days of Summer’ (2009, Comedy|Drama|Romance, Rating: 5.0/5), ’Cocoon’ (1985, Comedy|Sci-Fi, Rating: 3.0/5), ’Goldfinger’ (1964, Action|Adventure|Thriller, Rating: 3.0/5)"
38064,top-rated,from the years 1941 to 2009,"genres such as Action, Adventure, Comedy, Crime, Documentary, Drama, Film-Noir, Mystery, Romance, Thriller, War","’Boys Don't Cry’ (1999, Drama, Rating: 5.0/5), ’Love in the Afternoon’ (1957, Comedy|Romance, Rating: 5.0/5), ’Juno’ (2007, Comedy|Drama|Romance, Rating: 5.0/5), ’(500) Days of Summer’ (2009, Comedy|Drama|Romance, Rating: 5.0/5), ’Witness’ (1985, Drama|Romance|Thriller, Rating: 5.0/5), ’Maltese Falcon, The’ (1941, Film-Noir|Mystery, Rating: 5.0/5), ’Crying Game, The’ (1992, Drama|Romance|Thriller, Rating: 5.0/5), ’Boot, Das (Boat, The)’ (1981, Action|Drama|War, Rating: 5.0/5), ’Sting, The’ (1973, Comedy|Crime, Rating: 5.0/5), ’Frozen River’ (2008, Drama, Rating: 4.5/5)"
38982,recent,from the years 1967 to 1999,"genres such as Action, Adventure, Animation, Comedy, Crime, Drama, Fantasy, Film-Noir, Sci-Fi, Thriller, Western","’Tombstone’ (1993, Action|Drama|Western, Rating: 5.0/5), ’Jungle Book, The’ (1994, Adventure|Children|Romance, Rating: 1.0/5), ’Hudsucker Proxy, The’ (1994, Comedy, Rating: 4.0/5), ’Miller's Crossing’ (1990, Crime|Drama|Film-Noir|Thriller, Rating: 5.0/5), ’Bonnie and Clyde’ (1967, Crime|Drama, Rating: 5.0/5), ’Run Lola Run (Lola rennt)’ (1998, Action|Crime, Rating: 5.0/5), ’Affliction’ (1997, Drama, Rating: 4.0/5), ’Magnolia’ (1999, Drama, Rating: 5.0/5), ’Women, The’ (1939, Comedy, Rating: 3.0/5), ’Babe’ (1995, Children|Drama, Rating: 3.0/5)"
38982,top-rated,from the years 1967 to 1999,"genres such as Action, Adventure, Animation, Comedy, Crime, Drama, Fantasy, Film-Noir, Sci-Fi, Thriller, Western","’Tombstone’ (1993, Action|Drama|Western, Rating: 5.0/5), ’Miller's Crossing’ (1990, Crime|Drama|Film-Noir|Thriller, Rating: 5.0/5), ’Bonnie and Clyde’ (1967, Crime|Drama, Rating: 5.0/5), ’Run Lola Run (Lola rennt)’ (1998, Action|Crime, Rating: 5.0/5), ’Magnolia’ (1999, Drama, Rating: 5.0/5), ’Young Frankenstein’ (1974, Comedy|Fantasy, Rating: 5.0/5), ’Akira’ (1988, Action|Adventure|Animation|Sci-Fi, Rating: 5.0/5), ’Face/Off’ (1997, Action|Crime|Drama|Thriller, Rating: 5.0/5), ’Drunken Master (Jui kuen)’ (1978, Action|Comedy, Rating: 5.0/5), ’Blade Runner’ (1982, Action|Sci-Fi|Thriller, Rating: 5.0/5)"
40103,recent,from the years 1989 to 1998,"genres such as Comedy, Drama, Romance","’Peter Pan’ (1953, Animation|Children|Fantasy|Musical, Rating: 1.0/5), ’Muppet Movie, The’ (1979, Adventure|Children|Comedy|Musical, Rating: 1.0/5), ’Muppet Treasure Island’ (1996, Adventure|Children|Comedy|Musical, Rating: 1.5/5), ’Welcome to the Dollhouse’ (1995, Comedy|Drama, Rating: 4.0/5), ’Three Colors: Blue (Trois couleurs: Bleu)’ (1993, Drama, Rating: 4.0/5), ’Sliding Doors’ (1998, Drama|Romance, Rating: 4.5/5), ’G.I. Jane’ (1997, Action|Drama, Rating: 1.0/5), ’From Russia with Love’ (1963, Action|Adventure|Thriller, Rating: 1.5/5), ’Chariots of Fire’ (1981, Drama, Rating: 2.0/5), ’Being There’ (1979, Comedy|Drama, Rating: 0.5/5)"
40103,top-rated,from the years 1989 to 1998,"genres such as Comedy, Drama, Romance","’Sliding Doors’ (1998, Drama|Romance, Rating: 4.5/5), ’Welcome to the Dollhouse’ (1995, Comedy|Drama, Rating: 4.0/5), ’Three Colors: Blue (Trois couleurs: Bleu)’ (1993, Drama, Rating: 4.0/5), ’Waking Ned Devine (a.k.a. Waking Ned)’ (1998, Comedy, Rating: 4.0/5), ’Sex, Lies, and Videotape’ (1989, Drama, Rating: 4.0/5), ’Pretty in Pink’ (1986, Comedy|Drama|Romance, Rating: 3.5/5), ’Chariots of Fire’ (1981, Drama, Rating: 2.0/5), ’Circle of Friends’ (1995, Drama|Romance, Rating: 2.0/5), ’Alice in Wonderland’ (1951, Adventure|Animation|Children|Fantasy|Musical, Rating: 2.0/5), ’Muppet Treasure Island’ (1996, Adventure|Children|Comedy|Musical, Rating: 1.5/5)"
40638,recent,from the years 1996 to 1998,"genres such as Comedy, Crime, Drama, Horror, Musical, Mystery, Romance, Thriller, War","’Beautician and the Beast, The’ (1997, Comedy|Romance, Rating: 1.0/5), ’For Richer or Poorer’ (1997, Comedy, Rating: 2.0/5), ’Newton Boys, The’ (1998, Crime|Drama, Rating: 2.0/5), ’Mouse Hunt’ (1997, Children|Comedy, Rating: 3.0/5), ’Great Expectations’ (1998, Drama|Romance, Rating: 4.0/5), ’Volcano’ (1997, Action|Drama|Thriller, Rating: 1.0/5), ’Event Horizon’ (1997, Horror|Sci-Fi|Thriller, Rating: 3.0/5), ’Spawn’ (1997, Action|Adventure|Sci-Fi|Thriller, Rating: 1.0/5), ’Flubber’ (1997, Children|Comedy|Fantasy, Rating: 2.0/5), ’Dante's Peak’ (1997, Action|Thriller, Rating: 1.0/5)"
40638,top-rated,from the years 1996 to 1998,"genres such as Comedy, Crime, Drama, Horror, Musical, Mystery, Romance, Thriller, War","’Kiss the Girls’ (1997, Crime|Drama|Mystery|Thriller, Rating: 5.0/5), ’Scream 2’ (1997, Comedy|Horror|Mystery|Thriller, Rating: 5.0/5), ’Scream’ (1996, Comedy|Horror|Mystery|Thriller, Rating: 5.0/5), ’English Patient, The’ (1996, Drama|Romance|War, Rating: 5.0/5), ’Titanic’ (1997, Drama|Romance, Rating: 5.0/5), ’Great Expectations’ (1998, Drama|Romance, Rating: 4.0/5), ’Evita’ (1996, Drama|Musical, Rating: 4.0/5), ’In & Out’ (1997, Comedy, Rating: 4.0/5), ’Wings of the Dove, The’ (1997, Drama|Romance, Rating: 4.0/5), ’Rainmaker, The’ (1997, Drama, Rating: 4.0/5)"
40812,recent,from the years 1972 to 1996,"genres such as Comedy, Crime, Documentary, Drama, Mystery, Romance, Thriller, War","’Burnt by the Sun (Utomlyonnye solntsem)’ (1994, Drama, Rating: 5.0/5), ’Swimming with Sharks’ (1995, Comedy|Drama, Rating: 3.0/5), ’Muriel's Wedding’ (1994, Comedy, Rating: 4.0/5), ’In the Name of the Father’ (1993, Drama, Rating: 3.0/5), ’Schindler's List’ (1993, Drama|War, Rating: 5.0/5), ’Fish Called Wanda, A’ (1988, Comedy|Crime, Rating: 4.0/5), ’Bronx Tale, A’ (1993, Drama, Rating: 4.0/5), ’Reservoir Dogs’ (1992, Crime|Mystery|Thriller, Rating: 4.0/5), ’Crumb’ (1994, Documentary, Rating: 5.0/5), ’Natural Born Killers’ (1994, Action|Crime|Thriller, Rating: 3.0/5)"
40812,top-rated,from the years 1972 to 1996,"genres such as Comedy, Crime, Documentary, Drama, Mystery, Romance, Thriller, War","’Burnt by the Sun (Utomlyonnye solntsem)’ (1994, Drama, Rating: 5.0/5), ’Schindler's List’ (1993, Drama|War, Rating: 5.0/5), ’Crumb’ (1994, Documentary, Rating: 5.0/5), ’Remains of the Day, The’ (1993, Drama|Romance, Rating: 5.0/5), ’Taxi Driver’ (1976, Crime|Drama|Thriller, Rating: 5.0/5), ’Bullets Over Broadway’ (1994, Comedy, Rating: 5.0/5), ’Usual Suspects, The’ (1995, Crime|Mystery|Thriller, Rating: 5.0/5), ’Secrets & Lies’ (1996, Drama, Rating: 5.0/5), ’Flirting With Disaster’ (1996, Comedy, Rating: 5.0/5), ’Godfather, The’ (1972, Crime|Drama, Rating: 5.0/5)"
42154,recent,from the years 1982 to 2005,"genres such as Action, Adventure, Animation, Children, Comedy, Drama, Fantasy, Horror, Musical, Sci-Fi, Thriller","’Ferngully: The Last Rainforest’ (1992, Animation|Children|Comedy|Musical, Rating: 5.0/5), ’Nausicaä of the Valley of the Wind (Kaze no tani no Naushika)’ (1984, Adventure|Animation|Drama|Fantasy|Sci-Fi, Rating: 5.0/5), ’Timecrimes (Cronocrímenes, Los)’ (2007, Sci-Fi|Thriller, Rating: 3.5/5), ’Brothers Grimm, The’ (2005, Comedy|Fantasy|Horror|Thriller, Rating: 5.0/5), ’Ghost in the Shell (Kôkaku kidôtai)’ (1995, Animation|Sci-Fi, Rating: 5.0/5), ’Emperor's New Clothes, The’ (2001, Comedy, Rating: 0.5/5), ’Sleepy Hollow’ (1999, Fantasy|Horror|Mystery|Romance, Rating: 3.0/5), ’Hell in the Pacific’ (1968, Drama|War, Rating: 0.5/5), ’Scanner Darkly, A’ (2006, Animation|Drama|Mystery|Sci-Fi|Thriller, Rating: 2.5/5), ’Blade Runner’ (1982, Action|Sci-Fi|Thriller, Rating: 5.0/5)"
42154,top-rated,from the years 1982 to 2005,"genres such as Action, Adventure, Animation, Children, Comedy, Drama, Fantasy, Horror, Musical, Sci-Fi, Thriller","’Ferngully: The Last Rainforest’ (1992, Animation|Children|Comedy|Musical, Rating: 5.0/5), ’Nausicaä of the Valley of the Wind (Kaze no tani no Naushika)’ (1984, Adventure|Animation|Drama|Fantasy|Sci-Fi, Rating: 5.0/5), ’Brothers Grimm, The’ (2005, Comedy|Fantasy|Horror|Thriller, Rating: 5.0/5), ’Ghost in the Shell (Kôkaku kidôtai)’ (1995, Animation|Sci-Fi, Rating: 5.0/5), ’Blade Runner’ (1982, Action|Sci-Fi|Thriller, Rating: 5.0/5), ’Gattaca’ (1997, Drama|Sci-Fi|Thriller, Rating: 5.0/5), ’eXistenZ’ (1999, Action|Sci-Fi|Thriller, Rating: 5.0/5), ’American Beauty’ (1999, Comedy|Drama, Rating: 5.0/5), ’Dragonheart’ (1996, Action|Adventure|Fantasy, Rating: 5.0/5), ’Nightmare Before Christmas, The’ (1993, Animation|Children|Fantasy|Musical, Rating: 5.0/5)"
42442,recent,from the years 1950 to 1994,"genres such as Animation, Children, Comedy, Drama, Fantasy, Musical, Romance, Sci-Fi, Thriller, War","’Dances with Wolves’ (1990, Adventure|Drama|Western, Rating: 3.0/5), ’Cinderella’ (1950, Animation|Children|Fantasy|Musical|Romance, Rating: 4.0/5), ’Mary Poppins’ (1964, Children|Comedy|Fantasy|Musical, Rating: 4.0/5), ’Sound of Music, The’ (1965, Musical|Romance, Rating: 4.0/5), ’Cobb’ (1994, Drama, Rating: 4.0/5), ’Sophie's Choice’ (1982, Drama, Rating: 4.0/5), ’Platoon’ (1986, Drama|War, Rating: 3.0/5), ’Crying Game, The’ (1992, Drama|Romance|Thriller, Rating: 4.0/5), ’Aladdin and the King of Thieves’ (1996, Animation|Children|Comedy|Fantasy|Musical|Romance, Rating: 3.0/5), ’E.T. the Extra-Terrestrial’ (1982, Children|Drama|Sci-Fi, Rating: 4.0/5)"
42442,top-rated,from the years 1950 to 1994,"genres such as Animation, Children, Comedy, Drama, Fantasy, Musical, Romance, Sci-Fi, Thriller, War","’Angels in the Outfield’ (1994, Children|Comedy, Rating: 5.0/5), ’Renaissance Man’ (1994, Comedy|Drama, Rating: 5.0/5), ’When a Man Loves a Woman’ (1994, Drama|Romance, Rating: 5.0/5), ’Schindler's List’ (1993, Drama|War, Rating: 5.0/5), ’Sleepless in Seattle’ (1993, Comedy|Drama|Romance, Rating: 5.0/5), ’Quiz Show’ (1994, Drama, Rating: 5.0/5), ’Firm, The’ (1993, Drama|Thriller, Rating: 5.0/5), ’Forrest Gump’ (1994, Comedy|Drama|Romance|War, Rating: 5.0/5), ’Cinderella’ (1950, Animation|Children|Fantasy|Musical|Romance, Rating: 4.0/5), ’Mary Poppins’ (1964, Children|Comedy|Fantasy|Musical, Rating: 4.0/5)"
44326,recent,from the years 1972 to 1997,"genres such as Action, Adventure, Animation, Comedy, Crime, Drama, Horror, Mystery, Sci-Fi, Thriller","’Relic, The’ (1997, Horror|Thriller, Rating: 4.0/5), ’Island of Dr. Moreau, The’ (1996, Sci-Fi|Thriller, Rating: 2.0/5), ’Scream’ (1996, Comedy|Horror|Mystery|Thriller, Rating: 5.0/5), ’Craft, The’ (1996, Drama|Fantasy|Horror|Thriller, Rating: 2.0/5), ’Thinner’ (1996, Horror|Thriller, Rating: 4.0/5), ’Fear’ (1996, Thriller, Rating: 3.0/5), ’Trainspotting’ (1996, Comedy|Crime|Drama, Rating: 3.0/5), ’Sleepers’ (1996, Thriller, Rating: 5.0/5), ’Freeway’ (1996, Comedy|Crime|Drama|Thriller, Rating: 4.0/5), ’Liar Liar’ (1997, Comedy, Rating: 5.0/5)"
44326,top-rated,from the years 1972 to 1997,"genres such as Action, Adventure, Animation, Comedy, Crime, Drama, Horror, Mystery, Sci-Fi, Thriller","’Scream’ (1996, Comedy|Horror|Mystery|Thriller, Rating: 5.0/5), ’Sleepers’ (1996, Thriller, Rating: 5.0/5), ’Liar Liar’ (1997, Comedy, Rating: 5.0/5), ’Private Parts’ (1997, Comedy|Drama, Rating: 5.0/5), ’Eye for an Eye’ (1996, Drama|Thriller, Rating: 5.0/5), ’Black Sheep’ (1996, Comedy, Rating: 5.0/5), ’Beavis and Butt-Head Do America’ (1996, Adventure|Animation|Comedy|Crime, Rating: 5.0/5), ’Screamers’ (1995, Action|Sci-Fi|Thriller, Rating: 5.0/5), ’Godfather, The’ (1972, Crime|Drama, Rating: 5.0/5), ’Bio-Dome’ (1996, Comedy, Rating: 5.0/5)"
45254,recent,from the years 1984 to 2003,"genres such as Action, Adventure, Animation, Children, Comedy, Crime, Documentary, Drama, Fantasy, IMAX, Romance, Sci-Fi, Thriller","’Spirited Away (Sen to Chihiro no kamikakushi)’ (2001, Adventure|Animation|Fantasy, Rating: 5.0/5), ’Run Lola Run (Lola rennt)’ (1998, Action|Crime, Rating: 4.5/5), ’Sliding Doors’ (1998, Drama|Romance, Rating: 5.0/5), ’Malibu's Most Wanted’ (2003, Comedy|Crime, Rating: 3.0/5), ’NeverEnding Story III, The’ (1994, Adventure|Children|Fantasy, Rating: 3.5/5), ’NeverEnding Story II: The Next Chapter, The’ (1990, Adventure|Children|Fantasy, Rating: 3.5/5), ’NeverEnding Story, The’ (1984, Adventure|Children|Fantasy, Rating: 5.0/5), ’Bend It Like Beckham’ (2002, Comedy|Drama|Romance, Rating: 5.0/5), ’Harry Potter and the Sorcerer's Stone (a.k.a. Harry Potter and the Philosopher's Stone)’ (2001, Adventure|Children|Fantasy, Rating: 4.0/5), ’Harry Potter and the Chamber of Secrets’ (2002, Adventure|Fantasy, Rating: 4.0/5)"
45254,top-rated,from the years 1984 to 2003,"genres such as Action, Adventure, Animation, Children, Comedy, Crime, Documentary, Drama, Fantasy, IMAX, Romance, Sci-Fi, Thriller","’Spirited Away (Sen to Chihiro no kamikakushi)’ (2001, Adventure|Animation|Fantasy, Rating: 5.0/5), ’Sliding Doors’ (1998, Drama|Romance, Rating: 5.0/5), ’NeverEnding Story, The’ (1984, Adventure|Children|Fantasy, Rating: 5.0/5), ’Bend It Like Beckham’ (2002, Comedy|Drama|Romance, Rating: 5.0/5), ’Lord of the Rings: The Two Towers, The’ (2002, Adventure|Fantasy, Rating: 5.0/5), ’Lord of the Rings: The Fellowship of the Ring, The’ (2001, Adventure|Fantasy, Rating: 5.0/5), ’Bowling for Columbine’ (2002, Documentary, Rating: 5.0/5), ’Matrix Reloaded, The’ (2003, Action|Adventure|Sci-Fi|Thriller|IMAX, Rating: 5.0/5), ’Matrix, The’ (1999, Action|Sci-Fi|Thriller, Rating: 5.0/5), ’Frida’ (2002, Drama|Romance, Rating: 5.0/5)"
47844,recent,from the years 1947 to 2002,"genres such as Adventure, Children, Comedy, Crime, Drama, Fantasy, Romance, Sci-Fi, Thriller, War","’Far from Heaven’ (2002, Drama|Romance, Rating: 4.0/5), ’Tootsie’ (1982, Comedy|Romance, Rating: 4.5/5), ’Hours, The’ (2002, Drama|Romance, Rating: 4.5/5), ’Bread and Tulips (Pane e tulipani)’ (2000, Comedy|Drama|Romance, Rating: 4.5/5), ’Atlantic City’ (1980, Crime|Drama|Romance, Rating: 4.0/5), ’Mostly Martha (Bella Martha)’ (2001, Comedy|Drama|Romance, Rating: 3.5/5), ’Fortune Cookie, The’ (1966, Comedy|Drama|Romance, Rating: 2.0/5), ’Postman, The (Postino, Il)’ (1994, Comedy|Drama|Romance, Rating: 4.5/5), ’Like Water for Chocolate (Como agua para chocolate)’ (1992, Drama|Fantasy|Romance, Rating: 5.0/5), ’Manhattan’ (1979, Comedy|Drama|Romance, Rating: 4.0/5)"
47844,top-rated,from the years 1947 to 2002,"genres such as Adventure, Children, Comedy, Crime, Drama, Fantasy, Romance, Sci-Fi, Thriller, War","’Like Water for Chocolate (Como agua para chocolate)’ (1992, Drama|Fantasy|Romance, Rating: 5.0/5), ’Annie Hall’ (1977, Comedy|Romance, Rating: 5.0/5), ’Bishop's Wife, The’ (1947, Comedy|Drama|Romance, Rating: 5.0/5), ’E.T. the Extra-Terrestrial’ (1982, Children|Drama|Sci-Fi, Rating: 5.0/5), ’Sleeper’ (1973, Comedy|Sci-Fi, Rating: 5.0/5), ’King of Hearts’ (1966, Comedy|Drama|War, Rating: 5.0/5), ’Fargo’ (1996, Comedy|Crime|Drama|Thriller, Rating: 5.0/5), ’Lord of the Rings: The Two Towers, The’ (2002, Adventure|Fantasy, Rating: 5.0/5), ’Secretary’ (2002, Comedy|Drama|Romance, Rating: 5.0/5), ’Adaptation’ (2002, Comedy|Drama|Romance, Rating: 5.0/5)"
48970,recent,from the years 1960 to 2004,"genres such as Comedy, Crime, Drama, Mystery, Romance, War","’21 Grams’ (2003, Crime|Drama|Mystery|Romance|Thriller, Rating: 3.0/5), ’Maria Full of Grace (Maria, Llena eres de gracia)’ (2004, Crime|Drama, Rating: 3.5/5), ’Secretary’ (2002, Comedy|Drama|Romance, Rating: 3.5/5), ’Pianist, The’ (2002, Drama|War, Rating: 4.0/5), ’Door in the Floor, The’ (2004, Drama, Rating: 4.0/5), ’Shattered Glass’ (2003, Crime|Drama, Rating: 4.0/5), ’Mystic River’ (2003, Crime|Drama|Mystery, Rating: 4.0/5), ’Kill Bill: Vol. 1’ (2003, Action|Crime|Thriller, Rating: 0.5/5), ’Road to Perdition’ (2002, Crime|Drama, Rating: 3.0/5), ’Magdalene Sisters, The’ (2002, Drama, Rating: 3.0/5)"
48970,top-rated,from the years 1960 to 2004,"genres such as Comedy, Crime, Drama, Mystery, Romance, War","’Gosford Park’ (2001, Comedy|Drama|Mystery, Rating: 5.0/5), ’Garden State’ (2004, Comedy|Drama|Romance, Rating: 5.0/5), ’Amelie (Fabuleux destin d'Amélie Poulain, Le)’ (2001, Comedy|Romance, Rating: 5.0/5), ’Saved!’ (2004, Comedy|Drama, Rating: 5.0/5), ’Bend It Like Beckham’ (2002, Comedy|Drama|Romance, Rating: 5.0/5), ’Shawshank Redemption, The’ (1994, Crime|Drama, Rating: 5.0/5), ’Gettysburg’ (1993, Drama|War, Rating: 5.0/5), ’Hours, The’ (2002, Drama|Romance, Rating: 5.0/5), ’Ocean's Eleven (a.k.a. Ocean's 11)’ (1960, Comedy|Crime, Rating: 5.0/5), ’In America’ (2002, Drama|Romance, Rating: 5.0/5)"
50366,recent,from the years 1991 to 1996,"genres such as Action, Adventure, Animation, Children, Comedy, Crime, Documentary, Drama, Mystery, Romance, Sci-Fi, Thriller, War","’Love & Human Remains’ (1993, Comedy|Drama, Rating: 4.0/5), ’Mulholland Falls’ (1996, Crime|Drama|Thriller, Rating: 3.0/5), ’Anne Frank Remembered’ (1995, Documentary, Rating: 4.0/5), ’Burnt by the Sun (Utomlyonnye solntsem)’ (1994, Drama, Rating: 3.0/5), ’Wallace & Gromit: A Close Shave’ (1995, Animation|Children|Comedy, Rating: 5.0/5), ’Richie Rich’ (1994, Children|Comedy, Rating: 3.0/5), ’Pinocchio’ (1940, Animation|Children|Fantasy|Musical, Rating: 3.0/5), ’Reality Bites’ (1994, Comedy|Drama|Romance, Rating: 3.0/5), ’Sliver’ (1993, Thriller, Rating: 3.0/5), ’Down Periscope’ (1996, Comedy, Rating: 3.0/5)"
50366,top-rated,from the years 1991 to 1996,"genres such as Action, Adventure, Animation, Children, Comedy, Crime, Documentary, Drama, Mystery, Romance, Sci-Fi, Thriller, War","’Wallace & Gromit: A Close Shave’ (1995, Animation|Children|Comedy, Rating: 5.0/5), ’Kids’ (1995, Drama, Rating: 5.0/5), ’Wallace & Gromit: The Best of Aardman Animation’ (1996, Adventure|Animation|Comedy, Rating: 5.0/5), ’Strange Days’ (1995, Action|Crime|Drama|Mystery|Sci-Fi|Thriller, Rating: 5.0/5), ’In the Line of Fire’ (1993, Action|Thriller, Rating: 5.0/5), ’Hackers’ (1995, Action|Adventure|Crime|Thriller, Rating: 5.0/5), ’Twister’ (1996, Action|Adventure|Romance|Thriller, Rating: 5.0/5), ’Schindler's List’ (1993, Drama|War, Rating: 5.0/5), ’Speed’ (1994, Action|Romance|Thriller, Rating: 5.0/5), ’Terminator 2: Judgment Day’ (1991, Action|Sci-Fi, Rating: 5.0/5)"
51683,recent,from the years 1986 to 1999,"genres such as Adventure, Animation, Children, Comedy, Drama, Fantasy, Musical, Romance","’Austin Powers: The Spy Who Shagged Me’ (1999, Action|Adventure|Comedy, Rating: 2.0/5), ’RoboCop’ (1987, Action|Crime|Drama|Sci-Fi|Thriller, Rating: 2.0/5), ’Metropolitan’ (1990, Comedy, Rating: 3.0/5), ’Fletch’ (1985, Comedy|Crime|Mystery, Rating: 3.0/5), ’Color of Money, The’ (1986, Drama, Rating: 3.0/5), ’Superman IV: The Quest for Peace’ (1987, Action|Adventure|Sci-Fi, Rating: 1.0/5), ’Natural Born Killers’ (1994, Action|Crime|Thriller, Rating: 1.0/5), ’King Kong’ (1933, Action|Adventure|Fantasy|Horror, Rating: 2.0/5), ’Superman II’ (1980, Action|Sci-Fi, Rating: 2.0/5), ’Superman III’ (1983, Action|Adventure|Sci-Fi, Rating: 2.0/5)"
51683,top-rated,from the years 1986 to 1999,"genres such as Adventure, Animation, Children, Comedy, Drama, Fantasy, Musical, Romance","’Harriet the Spy’ (1996, Children|Comedy, Rating: 5.0/5), ’Antz’ (1998, Adventure|Animation|Children|Comedy|Fantasy, Rating: 5.0/5), ’Everyone Says I Love You’ (1996, Comedy|Musical|Romance, Rating: 5.0/5), ’Dogma’ (1999, Adventure|Comedy|Fantasy, Rating: 5.0/5), ’Six Degrees of Separation’ (1993, Drama, Rating: 5.0/5), ’Some Kind of Wonderful’ (1987, Drama|Romance, Rating: 5.0/5), ’Dead Poets Society’ (1989, Drama, Rating: 5.0/5), ’Smoke’ (1995, Comedy|Drama, Rating: 5.0/5), ’Mighty Aphrodite’ (1995, Comedy|Drama|Romance, Rating: 5.0/5), ’Pretty in Pink’ (1986, Comedy|Drama|Romance, Rating: 5.0/5)"
51879,recent,from the years 1982 to 1995,"genres such as Action, Adventure, Comedy, Crime, Drama, Romance, Sci-Fi, Thriller","’Net, The’ (1995, Action|Crime|Thriller, Rating: 3.0/5), ’To Die For’ (1995, Comedy|Drama|Thriller, Rating: 3.0/5), ’Get Shorty’ (1995, Comedy|Crime|Thriller, Rating: 4.0/5), ’Basketball Diaries, The’ (1995, Drama, Rating: 5.0/5), ’GoldenEye’ (1995, Action|Adventure|Thriller, Rating: 3.0/5), ’Dave’ (1993, Comedy|Romance, Rating: 3.0/5), ’Underneath’ (1995, Mystery|Thriller, Rating: 3.0/5), ’Mrs. Parker and the Vicious Circle’ (1994, Drama, Rating: 4.0/5), ’Blink’ (1994, Thriller, Rating: 3.0/5), ’Higher Learning’ (1995, Drama, Rating: 3.0/5)"
51879,top-rated,from the years 1982 to 1995,"genres such as Action, Adventure, Comedy, Crime, Drama, Romance, Sci-Fi, Thriller","’Basketball Diaries, The’ (1995, Drama, Rating: 5.0/5), ’Blade Runner’ (1982, Action|Sci-Fi|Thriller, Rating: 5.0/5), ’Six Degrees of Separation’ (1993, Drama, Rating: 5.0/5), ’Short Cuts’ (1993, Drama, Rating: 5.0/5), ’Ref, The’ (1994, Comedy, Rating: 5.0/5), ’Searching for Bobby Fischer’ (1993, Drama, Rating: 5.0/5), ’Hackers’ (1995, Action|Adventure|Crime|Thriller, Rating: 5.0/5), ’Hudsucker Proxy, The’ (1994, Comedy, Rating: 5.0/5), ’Circle of Friends’ (1995, Drama|Romance, Rating: 5.0/5), ’Clerks’ (1994, Comedy, Rating: 5.0/5)"
53671,recent,from the years 1941 to 2001,"genres such as Action, Comedy, Crime, Drama, Film-Noir, Mystery, Romance, Thriller, War, Western","’Appointment with Death’ (1988, Crime|Mystery, Rating: 3.0/5), ’Congo’ (1995, Action|Adventure|Mystery|Sci-Fi, Rating: 1.0/5), ’Rising Sun’ (1993, Action|Drama|Mystery, Rating: 3.0/5), ’Event Horizon’ (1997, Horror|Sci-Fi|Thriller, Rating: 2.0/5), ’Man Who Knew Too Little, The’ (1997, Comedy|Crime|Thriller, Rating: 4.0/5), ’January Man, The’ (1989, Comedy|Crime|Mystery|Thriller, Rating: 4.0/5), ’Client, The’ (1994, Drama|Mystery|Thriller, Rating: 3.0/5), ’Snake Eyes’ (1998, Action|Crime|Mystery|Thriller, Rating: 3.0/5), ’Without a Clue’ (1988, Comedy|Mystery, Rating: 4.0/5), ’Conspiracy Theory’ (1997, Drama|Mystery|Romance|Thriller, Rating: 4.0/5)"
53671,top-rated,from the years 1941 to 2001,"genres such as Action, Comedy, Crime, Drama, Film-Noir, Mystery, Romance, Thriller, War, Western","’Spellbound’ (1945, Mystery|Romance|Thriller, Rating: 5.0/5), ’Vertigo’ (1958, Drama|Mystery|Romance|Thriller, Rating: 5.0/5), ’Maltese Falcon, The’ (1941, Film-Noir|Mystery, Rating: 5.0/5), ’Rear Window’ (1954, Mystery|Thriller, Rating: 5.0/5), ’Chinatown’ (1974, Crime|Film-Noir|Mystery|Thriller, Rating: 5.0/5), ’Memento’ (2000, Mystery|Thriller, Rating: 5.0/5), ’Gosford Park’ (2001, Comedy|Drama|Mystery, Rating: 5.0/5), ’Black Hawk Down’ (2001, Action|Drama|War, Rating: 5.0/5), ’Rocky’ (1976, Drama, Rating: 5.0/5), ’Tombstone’ (1993, Action|Drama|Western, Rating: 5.0/5)"
54172,recent,from the years 1991 to 1995,"genres such as Action, Comedy, Crime, Drama, Horror, Musical, Romance, Thriller, War","’Toy Story’ (1995, Adventure|Animation|Children|Comedy|Fantasy, Rating: 3.0/5), ’Tie That Binds, The’ (1995, Thriller, Rating: 3.0/5), ’Trial by Jury’ (1994, Crime|Drama|Thriller, Rating: 3.0/5), ’Jade’ (1995, Thriller, Rating: 3.0/5), ’Just Cause’ (1995, Mystery|Thriller, Rating: 3.0/5), ’Copycat’ (1995, Crime|Drama|Horror|Mystery|Thriller, Rating: 3.0/5), ’Silence of the Lambs, The’ (1991, Crime|Horror|Thriller, Rating: 5.0/5), ’Crimson Tide’ (1995, Drama|Thriller|War, Rating: 4.0/5), ’Net, The’ (1995, Action|Crime|Thriller, Rating: 5.0/5), ’Quick and the Dead, The’ (1995, Action|Thriller|Western, Rating: 3.0/5)"
54172,top-rated,from the years 1991 to 1995,"genres such as Action, Comedy, Crime, Drama, Horror, Musical, Romance, Thriller, War","’Silence of the Lambs, The’ (1991, Crime|Horror|Thriller, Rating: 5.0/5), ’Net, The’ (1995, Action|Crime|Thriller, Rating: 5.0/5), ’Speed’ (1994, Action|Romance|Thriller, Rating: 5.0/5), ’Speechless’ (1994, Comedy|Romance, Rating: 5.0/5), ’Sleepless in Seattle’ (1993, Comedy|Drama|Romance, Rating: 5.0/5), ’American President, The’ (1995, Comedy|Drama|Romance, Rating: 5.0/5), ’Philadelphia’ (1993, Drama, Rating: 5.0/5), ’Waiting to Exhale’ (1995, Comedy|Drama|Romance, Rating: 5.0/5), ’What's Love Got to Do with It?’ (1993, Drama|Musical, Rating: 5.0/5), ’Forrest Gump’ (1994, Comedy|Drama|Romance|War, Rating: 5.0/5)"
54358,recent,from the years 1933 to 2005,"genres such as Action, Adventure, Animation, Comedy, Crime, Drama, Fantasy, Musical, Romance, Sci-Fi, Thriller, War","’Metropolis’ (1927, Drama|Sci-Fi, Rating: 3.5/5), ’Team America: World Police’ (2004, Action|Adventure|Animation|Comedy, Rating: 4.5/5), ’Top Secret!’ (1984, Comedy, Rating: 3.5/5), ’Hudsucker Proxy, The’ (1994, Comedy, Rating: 4.0/5), ’Jerk, The’ (1979, Comedy, Rating: 5.0/5), ’Forgetting Sarah Marshall’ (2008, Comedy|Romance, Rating: 0.5/5), ’American Splendor’ (2003, Comedy|Drama, Rating: 2.5/5), ’WALL·E’ (2008, Adventure|Animation|Children|Romance|Sci-Fi, Rating: 3.0/5), ’Jungle Fever’ (1991, Drama|Romance, Rating: 3.5/5), ’Sleeper’ (1973, Comedy|Sci-Fi, Rating: 3.5/5)"
54358,top-rated,from the years 1933 to 2005,"genres such as Action, Adventure, Animation, Comedy, Crime, Drama, Fantasy, Musical, Romance, Sci-Fi, Thriller, War","’Jerk, The’ (1979, Comedy, Rating: 5.0/5), ’Black Cat, White Cat (Crna macka, beli macor)’ (1998, Comedy|Romance, Rating: 5.0/5), ’Brokeback Mountain’ (2005, Drama|Romance, Rating: 5.0/5), ’Natural Born Killers’ (1994, Action|Crime|Thriller, Rating: 5.0/5), ’Dr. Strangelove or: How I Learned to Stop Worrying and Love the Bomb’ (1964, Comedy|War, Rating: 5.0/5), ’South Park: Bigger, Longer and Uncut’ (1999, Animation|Comedy|Musical, Rating: 5.0/5), ’Duck Soup’ (1933, Comedy|Musical|War, Rating: 5.0/5), ’Adaptation’ (2002, Comedy|Drama|Romance, Rating: 5.0/5), ’Groundhog Day’ (1993, Comedy|Fantasy|Romance, Rating: 5.0/5), ’Truman Show, The’ (1998, Comedy|Drama|Sci-Fi, Rating: 5.0/5)"
54449,recent,from the years 1959 to 2001,"genres such as Action, Adventure, Comedy, Crime, Drama, Horror, Mystery, Romance, Sci-Fi, Thriller","’Ghost World’ (2001, Comedy|Drama, Rating: 3.0/5), ’Blade II’ (2002, Action|Horror|Thriller, Rating: 3.0/5), ’North by Northwest’ (1959, Action|Adventure|Mystery|Romance|Thriller, Rating: 5.0/5), ’Ferris Bueller's Day Off’ (1986, Comedy, Rating: 5.0/5), ’Back to School’ (1986, Comedy, Rating: 3.0/5), ’Strangers on a Train’ (1951, Crime|Drama|Film-Noir|Thriller, Rating: 3.0/5), ’Beautiful Mind, A’ (2001, Drama|Romance, Rating: 4.0/5), ’Bone Collector, The’ (1999, Thriller, Rating: 4.0/5), ’Moulin Rouge’ (2001, Drama|Musical|Romance, Rating: 2.0/5), ’Black Hawk Down’ (2001, Action|Drama|War, Rating: 3.0/5)"
54449,top-rated,from the years 1959 to 2001,"genres such as Action, Adventure, Comedy, Crime, Drama, Horror, Mystery, Romance, Sci-Fi, Thriller","’North by Northwest’ (1959, Action|Adventure|Mystery|Romance|Thriller, Rating: 5.0/5), ’Ferris Bueller's Day Off’ (1986, Comedy, Rating: 5.0/5), ’Swingers’ (1996, Comedy|Drama, Rating: 5.0/5), ’Christmas Vacation (National Lampoon's Christmas Vacation)’ (1989, Comedy, Rating: 5.0/5), ’Others, The’ (2001, Drama|Horror|Mystery|Thriller, Rating: 5.0/5), ’Bridget Jones's Diary’ (2001, Comedy|Drama|Romance, Rating: 5.0/5), ’Traffic’ (2000, Crime|Drama|Thriller, Rating: 5.0/5), ’Crouching Tiger, Hidden Dragon (Wo hu cang long)’ (2000, Action|Drama|Romance, Rating: 5.0/5), ’Unbreakable’ (2000, Drama|Sci-Fi, Rating: 5.0/5), ’Almost Famous’ (2000, Drama, Rating: 5.0/5)"
54666,recent,from the years 1993 to 1996,"genres such as Action, Adventure, Comedy, Crime, Drama, Mystery, Romance, Sci-Fi, Thriller, War, Western","’Down Periscope’ (1996, Comedy, Rating: 4.0/5), ’Trainspotting’ (1996, Comedy|Crime|Drama, Rating: 4.0/5), ’Jury Duty’ (1995, Comedy, Rating: 2.0/5), ’So I Married an Axe Murderer’ (1993, Comedy|Romance|Thriller, Rating: 3.0/5), ’Money Train’ (1995, Action|Comedy|Crime|Drama|Thriller, Rating: 3.0/5), ’Strange Days’ (1995, Action|Crime|Drama|Mystery|Sci-Fi|Thriller, Rating: 4.0/5), ’Seven (a.k.a. Se7en)’ (1995, Mystery|Thriller, Rating: 3.0/5), ’Beverly Hills Cop III’ (1994, Action|Comedy|Crime|Thriller, Rating: 4.0/5), ’Crimson Tide’ (1995, Drama|Thriller|War, Rating: 5.0/5), ’Clear and Present Danger’ (1994, Action|Crime|Drama|Thriller, Rating: 4.0/5)"
54666,top-rated,from the years 1993 to 1996,"genres such as Action, Adventure, Comedy, Crime, Drama, Mystery, Romance, Sci-Fi, Thriller, War, Western","’Crimson Tide’ (1995, Drama|Thriller|War, Rating: 5.0/5), ’Rock, The’ (1996, Action|Adventure|Thriller, Rating: 5.0/5), ’Maverick’ (1994, Adventure|Comedy|Western, Rating: 5.0/5), ’Mission: Impossible’ (1996, Action|Adventure|Mystery|Thriller, Rating: 5.0/5), ’Heat’ (1995, Action|Crime|Thriller, Rating: 5.0/5), ’Broken Arrow’ (1996, Action|Adventure|Thriller, Rating: 5.0/5), ’Birdcage, The’ (1996, Comedy, Rating: 5.0/5), ’American President, The’ (1995, Comedy|Drama|Romance, Rating: 5.0/5), ’Dave’ (1993, Comedy|Romance, Rating: 5.0/5), ’Disclosure’ (1994, Drama|Thriller, Rating: 5.0/5)"
55129,recent,from the years 1971 to 1999,"genres such as Action, Adventure, Animation, Children, Comedy, Crime, Drama, Fantasy, Romance, Sci-Fi, Thriller","’Clockwork Orange, A’ (1971, Crime|Drama|Sci-Fi|Thriller, Rating: 5.0/5), ’My Cousin Vinny’ (1992, Comedy, Rating: 5.0/5), ’True Lies’ (1994, Action|Adventure|Comedy|Romance|Thriller, Rating: 5.0/5), ’Big Lebowski, The’ (1998, Comedy|Crime, Rating: 5.0/5), ’Grosse Pointe Blank’ (1997, Comedy|Crime|Romance, Rating: 5.0/5), ’Full Monty, The’ (1997, Comedy|Drama, Rating: 3.0/5), ’Kolya (Kolja)’ (1996, Comedy|Drama, Rating: 3.0/5), ’Forrest Gump’ (1994, Comedy|Drama|Romance|War, Rating: 3.0/5), ’Rosencrantz and Guildenstern Are Dead’ (1990, Comedy|Drama, Rating: 3.0/5), ’Groundhog Day’ (1993, Comedy|Fantasy|Romance, Rating: 5.0/5)"
55129,top-rated,from the years 1971 to 1999,"genres such as Action, Adventure, Animation, Children, Comedy, Crime, Drama, Fantasy, Romance, Sci-Fi, Thriller","’Clockwork Orange, A’ (1971, Crime|Drama|Sci-Fi|Thriller, Rating: 5.0/5), ’My Cousin Vinny’ (1992, Comedy, Rating: 5.0/5), ’True Lies’ (1994, Action|Adventure|Comedy|Romance|Thriller, Rating: 5.0/5), ’Big Lebowski, The’ (1998, Comedy|Crime, Rating: 5.0/5), ’Grosse Pointe Blank’ (1997, Comedy|Crime|Romance, Rating: 5.0/5), ’Groundhog Day’ (1993, Comedy|Fantasy|Romance, Rating: 5.0/5), ’Wallace & Gromit: A Close Shave’ (1995, Animation|Children|Comedy, Rating: 5.0/5), ’Wallace & Gromit: The Wrong Trousers’ (1993, Animation|Children|Comedy|Crime, Rating: 5.0/5), ’Grand Day Out with Wallace and Gromit, A’ (1989, Adventure|Animation|Children|Comedy|Sci-Fi, Rating: 5.0/5), ’Toy Story 2’ (1999, Adventure|Animation|Children|Comedy|Fantasy, Rating: 5.0/5)"
55450,recent,from the years 1980 to 2000,"genres such as Action, Adventure, Animation, Children, Comedy, Drama, Fantasy, Horror, Mystery, Sci-Fi, Thriller","’Predator 2’ (1990, Action|Sci-Fi|Thriller, Rating: 3.0/5), ’Ninth Gate, The’ (1999, Fantasy|Horror|Mystery|Thriller, Rating: 4.0/5), ’Final Destination’ (2000, Drama|Thriller, Rating: 4.0/5), ’Dinosaur’ (2000, Adventure|Animation|Children, Rating: 4.0/5), ’World Is Not Enough, The’ (1999, Action|Adventure|Thriller, Rating: 4.0/5), ’Stuart Little’ (1999, Children|Comedy|Fantasy, Rating: 4.0/5), ’House on Haunted Hill’ (1999, Horror|Thriller, Rating: 3.0/5), ’Star Wars: Episode I - The Phantom Menace’ (1999, Action|Adventure|Sci-Fi, Rating: 5.0/5), ’Messenger: The Story of Joan of Arc, The’ (1999, Drama|War, Rating: 3.0/5), ’End of Days’ (1999, Action|Fantasy|Horror|Mystery|Thriller, Rating: 4.0/5)"
55450,top-rated,from the years 1980 to 2000,"genres such as Action, Adventure, Animation, Children, Comedy, Drama, Fantasy, Horror, Mystery, Sci-Fi, Thriller","’Star Wars: Episode I - The Phantom Menace’ (1999, Action|Adventure|Sci-Fi, Rating: 5.0/5), ’Sixth Sense, The’ (1999, Drama|Horror|Mystery, Rating: 5.0/5), ’Star Wars: Episode V - The Empire Strikes Back’ (1980, Action|Adventure|Sci-Fi, Rating: 5.0/5), ’Ninth Gate, The’ (1999, Fantasy|Horror|Mystery|Thriller, Rating: 4.0/5), ’Final Destination’ (2000, Drama|Thriller, Rating: 4.0/5), ’Dinosaur’ (2000, Adventure|Animation|Children, Rating: 4.0/5), ’World Is Not Enough, The’ (1999, Action|Adventure|Thriller, Rating: 4.0/5), ’Stuart Little’ (1999, Children|Comedy|Fantasy, Rating: 4.0/5), ’End of Days’ (1999, Action|Fantasy|Horror|Mystery|Thriller, Rating: 4.0/5), ’Bone Collector, The’ (1999, Thriller, Rating: 4.0/5)"
55604,recent,from the years 1990 to 1996,"genres such as Action, Adventure, Children, Comedy, Drama, Fantasy, Mystery, Romance, Thriller","’Twister’ (1996, Action|Adventure|Romance|Thriller, Rating: 5.0/5), ’Flintstones, The’ (1994, Children|Comedy|Fantasy, Rating: 3.0/5), ’In the Line of Fire’ (1993, Action|Thriller, Rating: 5.0/5), ’Home Alone’ (1990, Children|Comedy, Rating: 5.0/5), ’Ghost’ (1990, Comedy|Drama|Fantasy|Romance|Thriller, Rating: 5.0/5), ’Pretty Woman’ (1990, Comedy|Romance, Rating: 5.0/5), ’Drop Zone’ (1994, Action|Thriller, Rating: 5.0/5), ’Sleepless in Seattle’ (1993, Comedy|Drama|Romance, Rating: 5.0/5), ’Miracle on 34th Street’ (1994, Drama, Rating: 5.0/5), ’Mrs. Doubtfire’ (1993, Comedy|Drama, Rating: 5.0/5)"
55604,top-rated,from the years 1990 to 1996,"genres such as Action, Adventure, Children, Comedy, Drama, Fantasy, Mystery, Romance, Thriller","’Twister’ (1996, Action|Adventure|Romance|Thriller, Rating: 5.0/5), ’In the Line of Fire’ (1993, Action|Thriller, Rating: 5.0/5), ’Home Alone’ (1990, Children|Comedy, Rating: 5.0/5), ’Ghost’ (1990, Comedy|Drama|Fantasy|Romance|Thriller, Rating: 5.0/5), ’Pretty Woman’ (1990, Comedy|Romance, Rating: 5.0/5), ’Drop Zone’ (1994, Action|Thriller, Rating: 5.0/5), ’Sleepless in Seattle’ (1993, Comedy|Drama|Romance, Rating: 5.0/5), ’Miracle on 34th Street’ (1994, Drama, Rating: 5.0/5), ’Mrs. Doubtfire’ (1993, Comedy|Drama, Rating: 5.0/5), ’Client, The’ (1994, Drama|Mystery|Thriller, Rating: 5.0/5)"
56977,recent,from the years 1965 to 2008,"genres such as Action, Adventure, Comedy, Crime, Drama, IMAX, Musical, Romance, Sci-Fi","’Star Wars: Episode III - Revenge of the Sith’ (2005, Action|Adventure|Sci-Fi, Rating: 4.0/5), ’Trick’ (1999, Comedy|Romance, Rating: 4.5/5), ’Dark Knight, The’ (2008, Action|Crime|Drama|IMAX, Rating: 5.0/5), ’Beach Blanket Bingo’ (1965, Comedy|Musical, Rating: 4.0/5), ’Bio-Dome’ (1996, Comedy, Rating: 2.0/5), ’Bewitched’ (2005, Comedy|Fantasy|Romance, Rating: 3.5/5), ’Beverly Hillbillies, The’ (1993, Comedy, Rating: 4.5/5), ’Blankman’ (1994, Comedy, Rating: 3.5/5), ’Blank Check’ (1994, Children|Comedy, Rating: 2.5/5), ’Brady Bunch Movie, The’ (1995, Comedy, Rating: 4.5/5)"
56977,top-rated,from the years 1965 to 2008,"genres such as Action, Adventure, Comedy, Crime, Drama, IMAX, Musical, Romance, Sci-Fi","’Dark Knight, The’ (2008, Action|Crime|Drama|IMAX, Rating: 5.0/5), ’Napoleon Dynamite’ (2004, Comedy, Rating: 5.0/5), ’Hitchhiker's Guide to the Galaxy, The’ (2005, Adventure|Comedy|Sci-Fi, Rating: 5.0/5), ’Real Women Have Curves’ (2002, Comedy|Drama, Rating: 5.0/5), ’United States of Leland, The’ (2003, Crime|Drama, Rating: 5.0/5), ’Welcome to the Dollhouse’ (1995, Comedy|Drama, Rating: 5.0/5), ’Hairspray’ (2007, Comedy|Drama|Musical, Rating: 5.0/5), ’Transamerica’ (2005, Adventure|Comedy|Drama, Rating: 5.0/5), ’Pirates of Penzance, The’ (1983, Adventure|Comedy|Musical|Romance, Rating: 5.0/5), ’Thank You for Smoking’ (2006, Comedy|Drama, Rating: 5.0/5)"
58213,recent,from the years 1941 to 2006,"genres such as Action, Adventure, Comedy, Crime, Drama, Fantasy, Horror, Mystery, Romance, Sci-Fi, Thriller","’Departed, The’ (2006, Crime|Drama|Thriller, Rating: 4.5/5), ’Big Business’ (1988, Comedy, Rating: 3.5/5), ’Species II’ (1998, Horror|Sci-Fi, Rating: 2.0/5), ’Blue Velvet’ (1986, Drama|Mystery|Thriller, Rating: 4.0/5), ’Carnival of Souls’ (1962, Horror|Thriller, Rating: 3.5/5), ’Time Machine, The’ (1960, Action|Adventure|Sci-Fi, Rating: 4.0/5), ’House on Haunted Hill’ (1959, Drama|Horror|Thriller, Rating: 4.0/5), ’Godzilla, King of the Monsters! (Kaijû-ô Gojira)’ (1956, Horror|Sci-Fi, Rating: 3.5/5), ’House of Frankenstein’ (1944, Horror, Rating: 4.0/5), ’Dr. Jekyll and Mr. Hyde’ (1941, Drama|Horror, Rating: 4.0/5)"
58213,top-rated,from the years 1941 to 2006,"genres such as Action, Adventure, Comedy, Crime, Drama, Fantasy, Horror, Mystery, Romance, Sci-Fi, Thriller","’U Turn’ (1997, Crime|Drama|Mystery, Rating: 5.0/5), ’City of Lost Children, The (Cité des enfants perdus, La)’ (1995, Adventure|Drama|Fantasy|Mystery|Sci-Fi, Rating: 5.0/5), ’Doors, The’ (1991, Drama, Rating: 5.0/5), ’Graduate, The’ (1967, Comedy|Drama|Romance, Rating: 5.0/5), ’Primal Fear’ (1996, Crime|Drama|Mystery|Thriller, Rating: 5.0/5), ’Fugitive, The’ (1993, Thriller, Rating: 5.0/5), ’Blade Runner’ (1982, Action|Sci-Fi|Thriller, Rating: 5.0/5), ’Taxi Driver’ (1976, Crime|Drama|Thriller, Rating: 5.0/5), ’Shawshank Redemption, The’ (1994, Crime|Drama, Rating: 5.0/5), ’One Flew Over the Cuckoo's Nest’ (1975, Drama, Rating: 5.0/5)"
58461,recent,from the years 1988 to 1996,"genres such as Action, Adventure, Comedy, Crime, Documentary, Drama, Fantasy, Mystery, Romance, Sci-Fi, Thriller, Western","’Looking for Richard’ (1996, Documentary|Drama, Rating: 4.0/5), ’Mirror Has Two Faces, The’ (1996, Comedy|Drama|Romance, Rating: 3.0/5), ’Secrets & Lies’ (1996, Drama, Rating: 4.0/5), ’Ransom’ (1996, Crime|Thriller, Rating: 3.0/5), ’Star Trek: First Contact’ (1996, Action|Adventure|Sci-Fi|Thriller, Rating: 5.0/5), ’Philadelphia’ (1993, Drama, Rating: 4.0/5), ’Englishman Who Went Up a Hill But Came Down a Mountain, The’ (1995, Comedy|Romance, Rating: 5.0/5), ’Piano, The’ (1993, Drama|Romance, Rating: 4.0/5), ’Tombstone’ (1993, Action|Drama|Western, Rating: 3.0/5), ’Die Hard’ (1988, Action|Crime|Thriller, Rating: 4.0/5)"
58461,top-rated,from the years 1988 to 1996,"genres such as Action, Adventure, Comedy, Crime, Documentary, Drama, Fantasy, Mystery, Romance, Sci-Fi, Thriller, Western","’Star Trek: First Contact’ (1996, Action|Adventure|Sci-Fi|Thriller, Rating: 5.0/5), ’Englishman Who Went Up a Hill But Came Down a Mountain, The’ (1995, Comedy|Romance, Rating: 5.0/5), ’Emma’ (1996, Comedy|Drama|Romance, Rating: 5.0/5), ’Lone Star’ (1996, Drama|Mystery|Western, Rating: 5.0/5), ’Trainspotting’ (1996, Comedy|Crime|Drama, Rating: 5.0/5), ’Dragonheart’ (1996, Action|Adventure|Fantasy, Rating: 5.0/5), ’Truth About Cats & Dogs, The’ (1996, Comedy|Romance, Rating: 5.0/5), ’Adventures of Priscilla, Queen of the Desert, The’ (1994, Comedy|Drama, Rating: 5.0/5), ’Casino’ (1995, Crime|Drama, Rating: 5.0/5), ’Dead Man Walking’ (1995, Crime|Drama, Rating: 5.0/5)"
58518,recent,from the years 1994 to 2010,"genres such as Action, Comedy, Crime, Drama, Film-Noir, Horror, IMAX, Mystery, Sci-Fi, Thriller","’Ocean's Eleven’ (2001, Crime|Thriller, Rating: 4.0/5), ’X-Men’ (2000, Action|Adventure|Sci-Fi, Rating: 3.5/5), ’Twelve Monkeys (a.k.a. 12 Monkeys)’ (1995, Mystery|Sci-Fi|Thriller, Rating: 4.5/5), ’Kill Bill: Vol. 1’ (2003, Action|Crime|Thriller, Rating: 5.0/5), ’True Lies’ (1994, Action|Adventure|Comedy|Romance|Thriller, Rating: 3.0/5), ’Toy Story’ (1995, Adventure|Animation|Children|Comedy|Fantasy, Rating: 2.0/5), ’Dream Catcher, The’ (1999, Drama, Rating: 2.0/5), ’Saw’ (2004, Horror|Mystery|Thriller, Rating: 4.5/5), ’Shutter Island’ (2010, Drama|Mystery|Thriller, Rating: 4.0/5), ’Saw VI’ (2009, Crime|Horror|Mystery|Thriller, Rating: 1.5/5)"
58518,top-rated,from the years 1994 to 2010,"genres such as Action, Comedy, Crime, Drama, Film-Noir, Horror, IMAX, Mystery, Sci-Fi, Thriller","’Kill Bill: Vol. 1’ (2003, Action|Crime|Thriller, Rating: 5.0/5), ’Game, The’ (1997, Drama|Mystery|Thriller, Rating: 5.0/5), ’Lucky Number Slevin’ (2006, Crime|Drama|Mystery, Rating: 5.0/5), ’Machinist, The (Maquinista, El)’ (2004, Mystery|Thriller, Rating: 5.0/5), ’Old Boy’ (2003, Mystery|Thriller, Rating: 5.0/5), ’Usual Suspects, The’ (1995, Crime|Mystery|Thriller, Rating: 5.0/5), ’Dark Knight, The’ (2008, Action|Crime|Drama|IMAX, Rating: 5.0/5), ’Pulp Fiction’ (1994, Comedy|Crime|Drama|Thriller, Rating: 5.0/5), ’Inception’ (2010, Action|Crime|Drama|Mystery|Sci-Fi|Thriller|IMAX, Rating: 5.0/5), ’Sin City’ (2005, Action|Crime|Film-Noir|Mystery|Thriller, Rating: 5.0/5)"
59407,recent,from the years 1966 to 2014,"genres such as Action, Comedy, Crime, Documentary, Drama, Musical, Romance, Thriller, War","’Body, The’ (2001, Drama|Sci-Fi, Rating: 3.0/5), ’G.I. Joe: Retaliation’ (2013, Action|Adventure|Sci-Fi|Thriller|IMAX, Rating: 3.0/5), ’Crimson Rivers 2: Angels of the Apocalypse (Rivières pourpres II - Les anges de l'apocalypse, Les)’ (2004, Action|Crime|Thriller, Rating: 3.0/5), ’Bernie’ (2011, Comedy|Crime|Drama, Rating: 3.0/5), ’Skyline’ (2010, Sci-Fi|Thriller, Rating: 1.5/5), ’Divergent’ (2014, Adventure|Romance|Sci-Fi|IMAX, Rating: 3.0/5), ’Untraceable’ (2008, Crime|Thriller, Rating: 3.5/5), ’Wolfman, The’ (2010, Horror|Thriller, Rating: 2.5/5), ’Expendables 2, The’ (2012, Action|Adventure, Rating: 3.0/5), ’Dark Shadows’ (2012, Comedy|Horror|IMAX, Rating: 1.5/5)"
59407,top-rated,from the years 1966 to 2014,"genres such as Action, Comedy, Crime, Documentary, Drama, Musical, Romance, Thriller, War","’Fury’ (2014, Action|Drama|War, Rating: 5.0/5), ’Senna’ (2010, Documentary, Rating: 5.0/5), ’Taking Chance’ (2009, Drama|War, Rating: 5.0/5), ’Band of Brothers’ (2001, Action|Drama|War, Rating: 5.0/5), ’Guys, The’ (2002, Drama, Rating: 5.0/5), ’The Chase’ (1966, Crime|Drama|Thriller, Rating: 5.0/5), ’Jesus Christ Superstar’ (1973, Drama|Musical, Rating: 5.0/5), ’Arthur’ (1981, Comedy|Romance, Rating: 5.0/5), ’Thomas Crown Affair, The’ (1968, Crime|Drama|Romance|Thriller, Rating: 5.0/5), ’Grateful Dawg’ (2000, Documentary, Rating: 5.0/5)"
61531,recent,from the years 1982 to 2004,"genres such as Action, Children, Comedy, Crime, Drama, Fantasy, Romance, Sci-Fi, Thriller, War","’Birdcage, The’ (1996, Comedy, Rating: 2.0/5), ’Wedding Singer, The’ (1998, Comedy|Romance, Rating: 3.5/5), ’10 Things I Hate About You’ (1999, Comedy|Romance, Rating: 3.5/5), ’Notting Hill’ (1999, Comedy|Romance, Rating: 4.0/5), ’Sleepless in Seattle’ (1993, Comedy|Drama|Romance, Rating: 4.0/5), ’Pretty Woman’ (1990, Comedy|Romance, Rating: 4.0/5), ’Mrs. Doubtfire’ (1993, Comedy|Drama, Rating: 4.0/5), ’Father of the Bride’ (1991, Comedy, Rating: 4.0/5), ’Zoolander’ (2001, Comedy, Rating: 4.0/5), ’Me, Myself & Irene’ (2000, Adventure|Comedy, Rating: 3.5/5)"
61531,top-rated,from the years 1982 to 2004,"genres such as Action, Children, Comedy, Crime, Drama, Fantasy, Romance, Sci-Fi, Thriller, War","’How to Lose a Guy in 10 Days’ (2003, Comedy|Romance, Rating: 5.0/5), ’13 Going on 30’ (2004, Comedy|Fantasy|Romance, Rating: 5.0/5), ’Mexican, The’ (2001, Action|Comedy, Rating: 4.5/5), ’Serendipity’ (2001, Comedy|Romance, Rating: 4.5/5), ’Ocean's Eleven’ (2001, Crime|Thriller, Rating: 4.5/5), ’Forrest Gump’ (1994, Comedy|Drama|Romance|War, Rating: 4.5/5), ’Meet the Parents’ (2000, Comedy, Rating: 4.5/5), ’Meet the Fockers’ (2004, Comedy, Rating: 4.5/5), ’E.T. the Extra-Terrestrial’ (1982, Children|Drama|Sci-Fi, Rating: 4.5/5), ’Sweet Home Alabama’ (2002, Comedy|Romance, Rating: 4.5/5)"
61572,recent,from the years 1942 to 1994,"genres such as Action, Adventure, Comedy, Crime, Drama, Fantasy, Romance, Sci-Fi, Thriller, War, Western","’Amadeus’ (1984, Drama, Rating: 3.0/5), ’Star Wars: Episode IV - A New Hope’ (1977, Action|Adventure|Sci-Fi, Rating: 4.0/5), ’Pulp Fiction’ (1994, Comedy|Crime|Drama|Thriller, Rating: 5.0/5), ’Scarlet Letter, The’ (1926, Drama, Rating: 2.0/5), ’Bonnie and Clyde’ (1967, Crime|Drama, Rating: 3.0/5), ’Old Man and the Sea, The’ (1958, Adventure|Drama, Rating: 4.0/5), ’Giant’ (1956, Drama|Romance|Western, Rating: 5.0/5), ’Midnight Cowboy’ (1969, Drama, Rating: 4.0/5), ’M*A*S*H (a.k.a. MASH)’ (1970, Comedy|Drama|War, Rating: 5.0/5), ’L.A. Confidential’ (1997, Crime|Film-Noir|Mystery|Thriller, Rating: 3.0/5)"
61572,top-rated,from the years 1942 to 1994,"genres such as Action, Adventure, Comedy, Crime, Drama, Fantasy, Romance, Sci-Fi, Thriller, War, Western","’Pulp Fiction’ (1994, Comedy|Crime|Drama|Thriller, Rating: 5.0/5), ’Giant’ (1956, Drama|Romance|Western, Rating: 5.0/5), ’M*A*S*H (a.k.a. MASH)’ (1970, Comedy|Drama|War, Rating: 5.0/5), ’Killing Fields, The’ (1984, Drama|War, Rating: 5.0/5), ’On the Waterfront’ (1954, Crime|Drama, Rating: 5.0/5), ’Schindler's List’ (1993, Drama|War, Rating: 5.0/5), ’It's a Wonderful Life’ (1946, Drama|Fantasy|Romance, Rating: 5.0/5), ’Apocalypse Now’ (1979, Action|Drama|War, Rating: 5.0/5), ’Casablanca’ (1942, Drama|Romance, Rating: 5.0/5), ’Star Wars: Episode IV - A New Hope’ (1977, Action|Adventure|Sci-Fi, Rating: 4.0/5)"
62000,recent,from the years 1977 to 1977,"genres such as Comedy, Romance","’Annie Hall’ (1977, Comedy|Romance, Rating: 4.0/5), ’American History X’ (1998, Crime|Drama, Rating: 3.5/5), ’American Beauty’ (1999, Comedy|Drama, Rating: 3.5/5), ’Amelie (Fabuleux destin d'Amélie Poulain, Le)’ (2001, Comedy|Romance, Rating: 3.5/5), ’12 Angry Men’ (1957, Drama, Rating: 3.0/5), ’Entrapment’ (1999, Crime|Thriller, Rating: 3.0/5), ’Reality Bites’ (1994, Comedy|Drama|Romance, Rating: 3.5/5), ’Big Daddy’ (1999, Comedy, Rating: 1.5/5), ’Cape Fear’ (1991, Thriller, Rating: 2.5/5), ’Little Women’ (1994, Drama, Rating: 2.5/5)"
62000,top-rated,from the years 1977 to 1977,"genres such as Comedy, Romance","’Annie Hall’ (1977, Comedy|Romance, Rating: 4.0/5), ’American History X’ (1998, Crime|Drama, Rating: 3.5/5), ’American Beauty’ (1999, Comedy|Drama, Rating: 3.5/5), ’Amelie (Fabuleux destin d'Amélie Poulain, Le)’ (2001, Comedy|Romance, Rating: 3.5/5), ’Reality Bites’ (1994, Comedy|Drama|Romance, Rating: 3.5/5), ’Maltese Falcon, The’ (1941, Film-Noir|Mystery, Rating: 3.5/5), ’12 Angry Men’ (1957, Drama, Rating: 3.0/5), ’Entrapment’ (1999, Crime|Thriller, Rating: 3.0/5), ’Copycat’ (1995, Crime|Drama|Horror|Mystery|Thriller, Rating: 3.0/5), ’Cape Fear’ (1991, Thriller, Rating: 2.5/5)"
62180,recent,from the years 1946 to 2003,"genres such as Action, Adventure, Comedy, Crime, Drama, Fantasy, Musical, Mystery, Romance, Sci-Fi, Thriller, War","’Police Academy 2: Their First Assignment’ (1985, Comedy|Crime, Rating: 2.0/5), ’My Favorite Martian’ (1999, Comedy|Sci-Fi, Rating: 2.0/5), ’Caligula’ (1979, Drama, Rating: 2.5/5), ’Hamlet’ (1990, Drama, Rating: 4.0/5), ’Blow-Up (Blowup)’ (1966, Drama|Mystery, Rating: 4.0/5), ’Brewster's Millions’ (1985, Comedy, Rating: 2.0/5), ’Quills’ (2000, Drama|Romance, Rating: 4.0/5), ’Amazon Women on the Moon’ (1987, Comedy|Sci-Fi, Rating: 4.0/5), ’Catch-22’ (1970, Comedy|War, Rating: 4.0/5), ’Chocolat’ (1988, Drama, Rating: 3.5/5)"
62180,top-rated,from the years 1946 to 2003,"genres such as Action, Adventure, Comedy, Crime, Drama, Fantasy, Musical, Mystery, Romance, Sci-Fi, Thriller, War","’Lost in Translation’ (2003, Comedy|Drama|Romance, Rating: 5.0/5), ’Clockwork Orange, A’ (1971, Crime|Drama|Sci-Fi|Thriller, Rating: 5.0/5), ’Blues Brothers, The’ (1980, Action|Comedy|Musical, Rating: 5.0/5), ’Tie Me Up! Tie Me Down! (¡Átame!)’ (1990, Crime|Drama|Romance, Rating: 5.0/5), ’Lord of the Rings: The Fellowship of the Ring, The’ (2001, Adventure|Fantasy, Rating: 5.0/5), ’Dr. Strangelove or: How I Learned to Stop Worrying and Love the Bomb’ (1964, Comedy|War, Rating: 5.0/5), ’Shaolin Soccer (Siu lam juk kau)’ (2001, Action|Comedy, Rating: 5.0/5), ’It's a Wonderful Life’ (1946, Drama|Fantasy|Romance, Rating: 5.0/5), ’Lord of the Rings: The Two Towers, The’ (2002, Adventure|Fantasy, Rating: 5.0/5), ’Brazil’ (1985, Fantasy|Sci-Fi, Rating: 4.5/5)"
65022,recent,from the years 1980 to 2004,"genres such as Action, Adventure, Animation, Children, Comedy, Crime, Drama, Fantasy, Mystery, Romance, Sci-Fi, Thriller","’Life as a House’ (2001, Drama, Rating: 3.0/5), ’Groundhog Day’ (1993, Comedy|Fantasy|Romance, Rating: 4.0/5), ’Harry Potter and the Chamber of Secrets’ (2002, Adventure|Fantasy, Rating: 4.5/5), ’Good Morning, Vietnam’ (1987, Comedy|Drama|War, Rating: 2.5/5), ’Office Space’ (1999, Comedy|Crime, Rating: 4.5/5), ’Bug's Life, A’ (1998, Adventure|Animation|Children|Comedy, Rating: 3.5/5), ’Spider-Man’ (2002, Action|Adventure|Sci-Fi|Thriller, Rating: 4.0/5), ’Run Lola Run (Lola rennt)’ (1998, Action|Crime, Rating: 4.5/5), ’Better Off Dead...’ (1985, Comedy|Romance, Rating: 3.5/5), ’Terminator, The’ (1984, Action|Sci-Fi|Thriller, Rating: 2.5/5)"
65022,top-rated,from the years 1980 to 2004,"genres such as Action, Adventure, Animation, Children, Comedy, Crime, Drama, Fantasy, Mystery, Romance, Sci-Fi, Thriller","’Eternal Sunshine of the Spotless Mind’ (2004, Drama|Romance|Sci-Fi, Rating: 5.0/5), ’Ocean's Eleven’ (2001, Crime|Thriller, Rating: 5.0/5), ’Usual Suspects, The’ (1995, Crime|Mystery|Thriller, Rating: 5.0/5), ’Star Wars: Episode V - The Empire Strikes Back’ (1980, Action|Adventure|Sci-Fi, Rating: 5.0/5), ’Stand and Deliver’ (1988, Comedy|Drama, Rating: 5.0/5), ’Say Anything...’ (1989, Comedy|Drama|Romance, Rating: 5.0/5), ’Princess Bride, The’ (1987, Action|Adventure|Comedy|Fantasy|Romance, Rating: 5.0/5), ’Monsters, Inc.’ (2001, Adventure|Animation|Children|Comedy|Fantasy, Rating: 5.0/5), ’Amelie (Fabuleux destin d'Amélie Poulain, Le)’ (2001, Comedy|Romance, Rating: 5.0/5), ’Harry Potter and the Chamber of Secrets’ (2002, Adventure|Fantasy, Rating: 4.5/5)"
66388,recent,from the years 1990 to 1995,"genres such as Action, Adventure, Animation, Children, Comedy, Crime, Drama, Fantasy, IMAX, Musical, Romance, Sci-Fi, Thriller, War","’Sleepless in Seattle’ (1993, Comedy|Drama|Romance, Rating: 4.0/5), ’Babe’ (1995, Children|Drama, Rating: 5.0/5), ’Addams Family Values’ (1993, Children|Comedy|Fantasy, Rating: 5.0/5), ’Pretty Woman’ (1990, Comedy|Romance, Rating: 4.0/5), ’Schindler's List’ (1993, Drama|War, Rating: 5.0/5), ’Lion King, The’ (1994, Adventure|Animation|Children|Drama|Musical|IMAX, Rating: 5.0/5), ’Speed’ (1994, Action|Romance|Thriller, Rating: 4.0/5), ’Mrs. Doubtfire’ (1993, Comedy|Drama, Rating: 5.0/5), ’While You Were Sleeping’ (1995, Comedy|Romance, Rating: 4.0/5), ’Firm, The’ (1993, Drama|Thriller, Rating: 5.0/5)"
66388,top-rated,from the years 1990 to 1995,"genres such as Action, Adventure, Animation, Children, Comedy, Crime, Drama, Fantasy, IMAX, Musical, Romance, Sci-Fi, Thriller, War","’Babe’ (1995, Children|Drama, Rating: 5.0/5), ’Addams Family Values’ (1993, Children|Comedy|Fantasy, Rating: 5.0/5), ’Schindler's List’ (1993, Drama|War, Rating: 5.0/5), ’Lion King, The’ (1994, Adventure|Animation|Children|Drama|Musical|IMAX, Rating: 5.0/5), ’Mrs. Doubtfire’ (1993, Comedy|Drama, Rating: 5.0/5), ’Firm, The’ (1993, Drama|Thriller, Rating: 5.0/5), ’GoldenEye’ (1995, Action|Adventure|Thriller, Rating: 5.0/5), ’Braveheart’ (1995, Action|Drama|War, Rating: 5.0/5), ’Net, The’ (1995, Action|Crime|Thriller, Rating: 5.0/5), ’Star Trek: Generations’ (1994, Adventure|Drama|Sci-Fi, Rating: 5.0/5)"
67781,recent,from the years 1993 to 1996,"genres such as Action, Adventure, Comedy, Drama, Fantasy, Romance, Sci-Fi, Western","’Shadow Magic’ (2000, Drama|Romance, Rating: 2.0/5), ’Annie Hall’ (1977, Comedy|Romance, Rating: 3.0/5), ’Citizen Kane’ (1941, Drama|Mystery, Rating: 1.5/5), ’Coneheads’ (1993, Comedy|Sci-Fi, Rating: 4.5/5), ’Disclosure’ (1994, Drama|Thriller, Rating: 3.5/5), ’Ransom’ (1996, Crime|Thriller, Rating: 1.0/5), ’Scream’ (1996, Comedy|Horror|Mystery|Thriller, Rating: 3.0/5), ’City Slickers II: The Legend of Curly's Gold’ (1994, Adventure|Comedy|Western, Rating: 3.0/5), ’Butch Cassidy and the Sundance Kid’ (1969, Action|Western, Rating: 3.5/5), ’Airplane!’ (1980, Comedy, Rating: 2.5/5)"
67781,top-rated,from the years 1993 to 1996,"genres such as Action, Adventure, Comedy, Drama, Fantasy, Romance, Sci-Fi, Western","’Dragonheart’ (1996, Action|Adventure|Fantasy, Rating: 5.0/5), ’Coneheads’ (1993, Comedy|Sci-Fi, Rating: 4.5/5), ’Grumpier Old Men’ (1995, Comedy|Romance, Rating: 4.5/5), ’Tombstone’ (1993, Action|Drama|Western, Rating: 4.0/5), ’Disclosure’ (1994, Drama|Thriller, Rating: 3.5/5), ’Butch Cassidy and the Sundance Kid’ (1969, Action|Western, Rating: 3.5/5), ’Lord of the Rings: The Two Towers, The’ (2002, Adventure|Fantasy, Rating: 3.5/5), ’Annie Hall’ (1977, Comedy|Romance, Rating: 3.0/5), ’Scream’ (1996, Comedy|Horror|Mystery|Thriller, Rating: 3.0/5), ’City Slickers II: The Legend of Curly's Gold’ (1994, Adventure|Comedy|Western, Rating: 3.0/5)"
70349,recent,from the years 1967 to 2003,"genres such as Action, Adventure, Animation, Children, Comedy, Crime, Drama, Fantasy, Musical, Mystery, Romance, Thriller, War","’About a Boy’ (2002, Comedy|Drama|Romance, Rating: 4.5/5), ’Donnie Brasco’ (1997, Crime|Drama, Rating: 4.0/5), ’Toy Story’ (1995, Adventure|Animation|Children|Comedy|Fantasy, Rating: 4.0/5), ’Cool Hand Luke’ (1967, Drama, Rating: 4.0/5), ’Dazed and Confused’ (1993, Comedy, Rating: 4.0/5), ’True Romance’ (1993, Crime|Thriller, Rating: 4.0/5), ’Raging Bull’ (1980, Drama, Rating: 4.0/5), ’Deer Hunter, The’ (1978, Drama|War, Rating: 4.0/5), ’This Is Spinal Tap’ (1984, Comedy, Rating: 4.5/5), ’Wedding Singer, The’ (1998, Comedy|Romance, Rating: 3.0/5)"
70349,top-rated,from the years 1967 to 2003,"genres such as Action, Adventure, Animation, Children, Comedy, Crime, Drama, Fantasy, Musical, Mystery, Romance, Thriller, War","’Love Actually’ (2003, Comedy|Drama|Romance, Rating: 5.0/5), ’Good Will Hunting’ (1997, Drama|Romance, Rating: 5.0/5), ’Pulp Fiction’ (1994, Comedy|Crime|Drama|Thriller, Rating: 5.0/5), ’George of the Jungle’ (1997, Children|Comedy, Rating: 5.0/5), ’About a Boy’ (2002, Comedy|Drama|Romance, Rating: 4.5/5), ’This Is Spinal Tap’ (1984, Comedy, Rating: 4.5/5), ’Reservoir Dogs’ (1992, Crime|Mystery|Thriller, Rating: 4.5/5), ’Godfather: Part II, The’ (1974, Crime|Drama, Rating: 4.5/5), ’Swingers’ (1996, Comedy|Drama, Rating: 4.5/5), ’Blues Brothers, The’ (1980, Action|Comedy|Musical, Rating: 4.5/5)"
71192,recent,from the years 1961 to 2003,"genres such as Action, Adventure, Animation, Children, Comedy, Crime, Documentary, Drama, Fantasy, Romance, Sci-Fi, Thriller, War","’Killer, The (Die xue shuang xiong)’ (1989, Action|Crime|Drama|Thriller, Rating: 4.0/5), ’Spirited Away (Sen to Chihiro no kamikakushi)’ (2001, Adventure|Animation|Fantasy, Rating: 5.0/5), ’Dr. Strangelove or: How I Learned to Stop Worrying and Love the Bomb’ (1964, Comedy|War, Rating: 4.0/5), ’Hustler, The’ (1961, Drama, Rating: 4.0/5), ’Amelie (Fabuleux destin d'Amélie Poulain, Le)’ (2001, Comedy|Romance, Rating: 3.5/5), ’Professional, The (Le professionnel)’ (1981, Action|Drama|Thriller, Rating: 4.0/5), ’Wallace & Gromit: The Wrong Trousers’ (1993, Animation|Children|Comedy|Crime, Rating: 5.0/5), ’One Flew Over the Cuckoo's Nest’ (1975, Drama, Rating: 4.0/5), ’Great Escape, The’ (1963, Action|Adventure|Drama|War, Rating: 5.0/5), ’Genghis Blues’ (1999, Documentary, Rating: 4.0/5)"
71192,top-rated,from the years 1961 to 2003,"genres such as Action, Adventure, Animation, Children, Comedy, Crime, Documentary, Drama, Fantasy, Romance, Sci-Fi, Thriller, War","’Spirited Away (Sen to Chihiro no kamikakushi)’ (2001, Adventure|Animation|Fantasy, Rating: 5.0/5), ’Wallace & Gromit: The Wrong Trousers’ (1993, Animation|Children|Comedy|Crime, Rating: 5.0/5), ’Great Escape, The’ (1963, Action|Adventure|Drama|War, Rating: 5.0/5), ’Wallace & Gromit: A Close Shave’ (1995, Animation|Children|Comedy, Rating: 5.0/5), ’Bridge Too Far, A’ (1977, Action|Drama|War, Rating: 5.0/5), ’Lawrence of Arabia’ (1962, Adventure|Drama|War, Rating: 5.0/5), ’Boot, Das (Boat, The)’ (1981, Action|Drama|War, Rating: 5.0/5), ’Twister’ (1996, Action|Adventure|Romance|Thriller, Rating: 5.0/5), ’X2: X-Men United’ (2003, Action|Adventure|Sci-Fi|Thriller, Rating: 5.0/5), ’Lord of the Rings: The Two Towers, The’ (2002, Adventure|Fantasy, Rating: 5.0/5)"
72125,recent,from the years 1991 to 1996,"genres such as Action, Adventure, Comedy, Crime, Drama, IMAX, Mystery, Romance, Sci-Fi, Thriller, War","’Pinocchio’ (1940, Animation|Children|Fantasy|Musical, Rating: 3.0/5), ’Trainspotting’ (1996, Comedy|Crime|Drama, Rating: 5.0/5), ’Snow White and the Seven Dwarfs’ (1937, Animation|Children|Drama|Fantasy|Musical, Rating: 3.0/5), ’Aristocats, The’ (1970, Animation|Children, Rating: 3.0/5), ’Mission: Impossible’ (1996, Action|Adventure|Mystery|Thriller, Rating: 4.0/5), ’Richard III’ (1995, Drama|War, Rating: 5.0/5), ’Remains of the Day, The’ (1993, Drama|Romance, Rating: 4.0/5), ’Crow, The’ (1994, Action|Crime|Fantasy|Thriller, Rating: 3.0/5), ’Philadelphia’ (1993, Drama, Rating: 3.0/5), ’Rob Roy’ (1995, Action|Drama|Romance|War, Rating: 5.0/5)"
72125,top-rated,from the years 1991 to 1996,"genres such as Action, Adventure, Comedy, Crime, Drama, IMAX, Mystery, Romance, Sci-Fi, Thriller, War","’Trainspotting’ (1996, Comedy|Crime|Drama, Rating: 5.0/5), ’Richard III’ (1995, Drama|War, Rating: 5.0/5), ’Rob Roy’ (1995, Action|Drama|Romance|War, Rating: 5.0/5), ’Twelve Monkeys (a.k.a. 12 Monkeys)’ (1995, Mystery|Sci-Fi|Thriller, Rating: 5.0/5), ’Terminator 2: Judgment Day’ (1991, Action|Sci-Fi, Rating: 5.0/5), ’Braveheart’ (1995, Action|Drama|War, Rating: 5.0/5), ’Apollo 13’ (1995, Adventure|Drama|IMAX, Rating: 5.0/5), ’Mission: Impossible’ (1996, Action|Adventure|Mystery|Thriller, Rating: 4.0/5), ’Remains of the Day, The’ (1993, Drama|Romance, Rating: 4.0/5), ’Sleepless in Seattle’ (1993, Comedy|Drama|Romance, Rating: 4.0/5)"
72339,recent,from the years 1971 to 1996,"genres such as Action, Adventure, Children, Comedy, Crime, Drama, Fantasy, Musical, Romance, Sci-Fi, Thriller","’Long Kiss Goodnight, The’ (1996, Action|Drama|Thriller, Rating: 3.0/5), ’Mars Attacks!’ (1996, Action|Comedy|Sci-Fi, Rating: 5.0/5), ’Jerry Maguire’ (1996, Drama|Romance, Rating: 4.0/5), ’Escape from L.A.’ (1996, Action|Adventure|Sci-Fi|Thriller, Rating: 3.0/5), ’Island of Dr. Moreau, The’ (1996, Sci-Fi|Thriller, Rating: 3.0/5), ’Halloween: The Curse of Michael Myers (Halloween 6: The Curse of Michael Myers)’ (1995, Horror|Thriller, Rating: 3.0/5), ’Sleepers’ (1996, Thriller, Rating: 4.0/5), ’Beavis and Butt-Head Do America’ (1996, Adventure|Animation|Comedy|Crime, Rating: 3.0/5), ’Things to Do in Denver When You're Dead’ (1995, Crime|Drama|Romance, Rating: 3.0/5), ’Substitute, The’ (1996, Action|Crime|Drama, Rating: 3.0/5)"
72339,top-rated,from the years 1971 to 1996,"genres such as Action, Adventure, Children, Comedy, Crime, Drama, Fantasy, Musical, Romance, Sci-Fi, Thriller","’Mars Attacks!’ (1996, Action|Comedy|Sci-Fi, Rating: 5.0/5), ’Willy Wonka & the Chocolate Factory’ (1971, Children|Comedy|Fantasy|Musical, Rating: 5.0/5), ’River Wild, The’ (1994, Action|Thriller, Rating: 5.0/5), ’Fargo’ (1996, Comedy|Crime|Drama|Thriller, Rating: 5.0/5), ’Leaving Las Vegas’ (1995, Drama|Romance, Rating: 5.0/5), ’Twister’ (1996, Action|Adventure|Romance|Thriller, Rating: 5.0/5), ’Independence Day (a.k.a. ID4)’ (1996, Action|Adventure|Sci-Fi|Thriller, Rating: 5.0/5), ’Jerry Maguire’ (1996, Drama|Romance, Rating: 4.0/5), ’Sleepers’ (1996, Thriller, Rating: 4.0/5), ’Screamers’ (1995, Action|Sci-Fi|Thriller, Rating: 4.0/5)"
72610,recent,from the years 1991 to 2002,"genres such as Action, Adventure, Comedy, Crime, Drama, Mystery, Romance, Sci-Fi, Thriller","’Red Dragon’ (2002, Crime|Mystery|Thriller, Rating: 4.0/5), ’Lock, Stock & Two Smoking Barrels’ (1998, Comedy|Crime|Thriller, Rating: 5.0/5), ’Session 9’ (2001, Horror|Thriller, Rating: 1.0/5), ’Ronin’ (1998, Action|Crime|Thriller, Rating: 5.0/5), ’Pay It Forward’ (2000, Drama, Rating: 4.0/5), ’Vanilla Sky’ (2001, Mystery|Romance|Sci-Fi|Thriller, Rating: 4.0/5), ’Score, The’ (2001, Action|Drama, Rating: 5.0/5), ’Bridget Jones's Diary’ (2001, Comedy|Drama|Romance, Rating: 5.0/5), ’Spy Game’ (2001, Action|Crime|Drama|Thriller, Rating: 5.0/5), ’Virgin Suicides, The’ (1999, Drama|Romance, Rating: 5.0/5)"
72610,top-rated,from the years 1991 to 2002,"genres such as Action, Adventure, Comedy, Crime, Drama, Mystery, Romance, Sci-Fi, Thriller","’Lock, Stock & Two Smoking Barrels’ (1998, Comedy|Crime|Thriller, Rating: 5.0/5), ’Ronin’ (1998, Action|Crime|Thriller, Rating: 5.0/5), ’Score, The’ (2001, Action|Drama, Rating: 5.0/5), ’Bridget Jones's Diary’ (2001, Comedy|Drama|Romance, Rating: 5.0/5), ’Spy Game’ (2001, Action|Crime|Drama|Thriller, Rating: 5.0/5), ’Virgin Suicides, The’ (1999, Drama|Romance, Rating: 5.0/5), ’Erin Brockovich’ (2000, Drama, Rating: 5.0/5), ’Gladiator’ (2000, Action|Adventure|Drama, Rating: 5.0/5), ’My Best Friend's Wedding’ (1997, Comedy|Romance, Rating: 5.0/5), ’What About Bob?’ (1991, Comedy, Rating: 5.0/5)"
74000,recent,from the years 1939 to 2011,"genres such as Action, Comedy, Crime, Drama, Horror, Musical, Mystery, Romance, Thriller, War, Western","’Traffic’ (2000, Crime|Drama|Thriller, Rating: 4.5/5), ’Mystic River’ (2003, Crime|Drama|Mystery, Rating: 4.0/5), ’Beautiful Mind, A’ (2001, Drama|Romance, Rating: 4.0/5), ’Walk the Line’ (2005, Drama|Musical|Romance, Rating: 4.5/5), ’Butch Cassidy and the Sundance Kid’ (1969, Action|Western, Rating: 5.0/5), ’Last Picture Show, The’ (1971, Drama, Rating: 5.0/5), ’Hud’ (1963, Drama|Western, Rating: 5.0/5), ’Odd Couple, The’ (1968, Comedy, Rating: 4.0/5), ’American Graffiti’ (1973, Comedy|Drama, Rating: 4.5/5), ’Birds, The’ (1963, Horror|Thriller, Rating: 4.0/5)"
74000,top-rated,from the years 1939 to 2011,"genres such as Action, Comedy, Crime, Drama, Horror, Musical, Mystery, Romance, Thriller, War, Western","’Butch Cassidy and the Sundance Kid’ (1969, Action|Western, Rating: 5.0/5), ’Last Picture Show, The’ (1971, Drama, Rating: 5.0/5), ’Hud’ (1963, Drama|Western, Rating: 5.0/5), ’Best Exotic Marigold Hotel, The’ (2011, Comedy|Drama, Rating: 5.0/5), ’Artist, The’ (2011, Drama|Romance, Rating: 5.0/5), ’Cool Hand Luke’ (1967, Drama, Rating: 5.0/5), ’Bonnie and Clyde’ (1967, Crime|Drama, Rating: 5.0/5), ’West Side Story’ (1961, Drama|Musical|Romance, Rating: 5.0/5), ’Gone with the Wind’ (1939, Drama|Romance|War, Rating: 5.0/5), ’Doctor Zhivago’ (1965, Drama|Romance|War, Rating: 5.0/5)"
74257,recent,from the years 1971 to 2000,"genres such as Action, Adventure, Children, Comedy, Crime, Drama, Fantasy, Musical, Romance, Sci-Fi, Thriller, War","’Willy Wonka & the Chocolate Factory’ (1971, Children|Comedy|Fantasy|Musical, Rating: 4.0/5), ’Miss Congeniality’ (2000, Comedy|Crime, Rating: 2.0/5), ’Rules of Engagement’ (2000, Drama|Thriller, Rating: 4.0/5), ’Mission: Impossible II’ (2000, Action|Adventure|Thriller, Rating: 2.0/5), ’Patriot, The’ (2000, Action|Drama|War, Rating: 4.0/5), ’Remember the Titans’ (2000, Drama, Rating: 4.0/5), ’Erin Brockovich’ (2000, Drama, Rating: 4.0/5), ’Gladiator’ (2000, Action|Adventure|Drama, Rating: 3.0/5), ’Chicken Run’ (2000, Animation|Children|Comedy, Rating: 3.0/5), ’Last of the Mohicans, The’ (1992, Action|Romance|War|Western, Rating: 3.0/5)"
74257,top-rated,from the years 1971 to 2000,"genres such as Action, Adventure, Children, Comedy, Crime, Drama, Fantasy, Musical, Romance, Sci-Fi, Thriller, War","’Crimson Tide’ (1995, Drama|Thriller|War, Rating: 5.0/5), ’Cyrano de Bergerac’ (1990, Comedy|Drama|Romance, Rating: 5.0/5), ’Parenthood’ (1989, Comedy|Drama, Rating: 5.0/5), ’Fugitive, The’ (1993, Thriller, Rating: 5.0/5), ’Princess Bride, The’ (1987, Action|Adventure|Comedy|Fantasy|Romance, Rating: 5.0/5), ’Star Wars: Episode IV - A New Hope’ (1977, Action|Adventure|Sci-Fi, Rating: 5.0/5), ’Shawshank Redemption, The’ (1994, Crime|Drama, Rating: 5.0/5), ’Schindler's List’ (1993, Drama|War, Rating: 5.0/5), ’Willy Wonka & the Chocolate Factory’ (1971, Children|Comedy|Fantasy|Musical, Rating: 4.0/5), ’Rules of Engagement’ (2000, Drama|Thriller, Rating: 4.0/5)"
74277,recent,from the years 1941 to 1997,"genres such as Action, Adventure, Children, Comedy, Crime, Documentary, Drama, Fantasy, Horror, Mystery, Romance, Sci-Fi, Thriller, War","’Chasing Amy’ (1997, Comedy|Drama|Romance, Rating: 5.0/5), ’Austin Powers: International Man of Mystery’ (1997, Action|Adventure|Comedy, Rating: 3.0/5), ’Air Bud’ (1997, Children|Comedy, Rating: 3.0/5), ’E.T. the Extra-Terrestrial’ (1982, Children|Drama|Sci-Fi, Rating: 5.0/5), ’Brazil’ (1985, Fantasy|Sci-Fi, Rating: 4.0/5), ’12 Angry Men’ (1957, Drama, Rating: 3.0/5), ’Young Frankenstein’ (1974, Comedy|Fantasy, Rating: 3.0/5), ’Nightmare Before Christmas, The’ (1993, Animation|Children|Fantasy|Musical, Rating: 3.0/5), ’Citizen Kane’ (1941, Drama|Mystery, Rating: 4.0/5), ’Psycho’ (1960, Crime|Horror, Rating: 4.0/5)"
74277,top-rated,from the years 1941 to 1997,"genres such as Action, Adventure, Children, Comedy, Crime, Documentary, Drama, Fantasy, Horror, Mystery, Romance, Sci-Fi, Thriller, War","’Chasing Amy’ (1997, Comedy|Drama|Romance, Rating: 5.0/5), ’E.T. the Extra-Terrestrial’ (1982, Children|Drama|Sci-Fi, Rating: 5.0/5), ’Die Hard’ (1988, Action|Crime|Thriller, Rating: 5.0/5), ’Dr. Strangelove or: How I Learned to Stop Worrying and Love the Bomb’ (1964, Comedy|War, Rating: 5.0/5), ’Reservoir Dogs’ (1992, Crime|Mystery|Thriller, Rating: 5.0/5), ’Usual Suspects, The’ (1995, Crime|Mystery|Thriller, Rating: 5.0/5), ’Hoop Dreams’ (1994, Documentary, Rating: 5.0/5), ’Raiders of the Lost Ark (Indiana Jones and the Raiders of the Lost Ark)’ (1981, Action|Adventure, Rating: 5.0/5), ’Star Wars: Episode V - The Empire Strikes Back’ (1980, Action|Adventure|Sci-Fi, Rating: 5.0/5), ’Kingpin’ (1996, Comedy, Rating: 5.0/5)"
74536,recent,from the years 1993 to 1996,"genres such as Action, Adventure, Comedy, Crime, Drama, Mystery, Romance, Sci-Fi, Thriller, War","’Restoration’ (1995, Drama, Rating: 5.0/5), ’Last of the High Kings, The (a.k.a. Summer Fling)’ (1996, Comedy|Drama, Rating: 5.0/5), ’Jack’ (1996, Comedy|Drama, Rating: 5.0/5), ’Sense and Sensibility’ (1995, Drama|Romance, Rating: 5.0/5), ’Broken Arrow’ (1996, Action|Adventure|Thriller, Rating: 4.0/5), ’Rob Roy’ (1995, Action|Drama|Romance|War, Rating: 5.0/5), ’Jumanji’ (1995, Adventure|Children|Fantasy, Rating: 3.0/5), ’Species’ (1995, Horror|Sci-Fi, Rating: 3.0/5), ’What's Eating Gilbert Grape’ (1993, Drama, Rating: 4.0/5), ’Demolition Man’ (1993, Action|Adventure|Sci-Fi, Rating: 2.0/5)"
74536,top-rated,from the years 1993 to 1996,"genres such as Action, Adventure, Comedy, Crime, Drama, Mystery, Romance, Sci-Fi, Thriller, War","’Restoration’ (1995, Drama, Rating: 5.0/5), ’Last of the High Kings, The (a.k.a. Summer Fling)’ (1996, Comedy|Drama, Rating: 5.0/5), ’Jack’ (1996, Comedy|Drama, Rating: 5.0/5), ’Sense and Sensibility’ (1995, Drama|Romance, Rating: 5.0/5), ’Rob Roy’ (1995, Action|Drama|Romance|War, Rating: 5.0/5), ’Twelve Monkeys (a.k.a. 12 Monkeys)’ (1995, Mystery|Sci-Fi|Thriller, Rating: 5.0/5), ’Seven (a.k.a. Se7en)’ (1995, Mystery|Thriller, Rating: 5.0/5), ’Braveheart’ (1995, Action|Drama|War, Rating: 5.0/5), ’Net, The’ (1995, Action|Crime|Thriller, Rating: 5.0/5), ’Stargate’ (1994, Action|Adventure|Sci-Fi, Rating: 5.0/5)"
74816,recent,from the years 1968 to 1999,"genres such as Action, Adventure, Comedy, Crime, Drama, Fantasy, Romance, Sci-Fi, Thriller, War, Western","’Broken Arrow’ (1996, Action|Adventure|Thriller, Rating: 3.0/5), ’Mystery Men’ (1999, Action|Comedy|Fantasy, Rating: 4.0/5), ’Jewel of the Nile, The’ (1985, Action|Adventure|Comedy|Romance, Rating: 3.0/5), ’Waterworld’ (1995, Action|Adventure|Sci-Fi, Rating: 2.0/5), ’Mad City’ (1997, Action|Drama, Rating: 3.0/5), ’Batman Returns’ (1992, Action|Crime, Rating: 3.0/5), ’Rocketeer, The’ (1991, Action|Adventure|Sci-Fi, Rating: 3.0/5), ’Falling Down’ (1993, Action|Drama, Rating: 2.0/5), ’Con Air’ (1997, Action|Adventure|Thriller, Rating: 3.0/5), ’Armageddon’ (1998, Action|Romance|Sci-Fi|Thriller, Rating: 4.0/5)"
74816,top-rated,from the years 1968 to 1999,"genres such as Action, Adventure, Comedy, Crime, Drama, Fantasy, Romance, Sci-Fi, Thriller, War, Western","’Thelma & Louise’ (1991, Adventure|Crime|Drama, Rating: 5.0/5), ’Indiana Jones and the Temple of Doom’ (1984, Action|Adventure|Fantasy, Rating: 5.0/5), ’Butch Cassidy and the Sundance Kid’ (1969, Action|Western, Rating: 5.0/5), ’Braveheart’ (1995, Action|Drama|War, Rating: 5.0/5), ’Indiana Jones and the Last Crusade’ (1989, Action|Adventure, Rating: 5.0/5), ’Star Wars: Episode IV - A New Hope’ (1977, Action|Adventure|Sci-Fi, Rating: 5.0/5), ’Fugitive, The’ (1993, Thriller, Rating: 5.0/5), ’Star Wars: Episode V - The Empire Strikes Back’ (1980, Action|Adventure|Sci-Fi, Rating: 5.0/5), ’Raiders of the Lost Ark (Indiana Jones and the Raiders of the Lost Ark)’ (1981, Action|Adventure, Rating: 5.0/5), ’Odd Couple, The’ (1968, Comedy, Rating: 5.0/5)"
75131,recent,from the years 1988 to 2011,"genres such as Action, Adventure, Comedy, Crime, Drama, Romance, Sci-Fi, Thriller, War","’Rain Man’ (1988, Drama, Rating: 4.0/5), ’Intouchables’ (2011, Comedy|Drama, Rating: 5.0/5), ’Toy Story 2’ (1999, Adventure|Animation|Children|Comedy|Fantasy, Rating: 3.5/5), ’Thank You for Smoking’ (2006, Comedy|Drama, Rating: 5.0/5), ’Iron Sky’ (2012, Action|Comedy|Sci-Fi, Rating: 3.5/5), ’Quiz Show’ (1994, Drama, Rating: 3.5/5), ’Equilibrium’ (2002, Action|Sci-Fi|Thriller, Rating: 4.5/5), ’Girl with the Dragon Tattoo, The (Män som hatar kvinnor)’ (2009, Crime|Drama|Mystery|Thriller, Rating: 3.5/5), ’Black Book (Zwartboek)’ (2006, Drama|Thriller|War, Rating: 4.5/5), ’Black Swan’ (2010, Drama|Thriller, Rating: 4.5/5)"
75131,top-rated,from the years 1988 to 2011,"genres such as Action, Adventure, Comedy, Crime, Drama, Romance, Sci-Fi, Thriller, War","’Intouchables’ (2011, Comedy|Drama, Rating: 5.0/5), ’Thank You for Smoking’ (2006, Comedy|Drama, Rating: 5.0/5), ’Lord of War’ (2005, Action|Crime|Drama|Thriller|War, Rating: 5.0/5), ’Cashback’ (2006, Comedy|Drama|Romance, Rating: 5.0/5), ’The Butterfly Effect’ (2004, Drama|Sci-Fi|Thriller, Rating: 5.0/5), ’Dead Poets Society’ (1989, Drama, Rating: 5.0/5), ’Slumdog Millionaire’ (2008, Crime|Drama|Romance, Rating: 5.0/5), ’Fight Club’ (1999, Action|Crime|Drama|Thriller, Rating: 5.0/5), ’Into the Wild’ (2007, Action|Adventure|Drama, Rating: 5.0/5), ’Catch Me If You Can’ (2002, Crime|Drama, Rating: 5.0/5)"
76329,recent,from the years 1940 to 2000,"genres such as Adventure, Animation, Children, Comedy, Crime, Drama, Fantasy, Musical, Mystery, Romance, Thriller","’Bambi’ (1942, Animation|Children|Drama, Rating: 5.0/5), ’Fatal Attraction’ (1987, Drama|Thriller, Rating: 4.0/5), ’Erin Brockovich’ (2000, Drama, Rating: 5.0/5), ’Scent of a Woman’ (1992, Drama, Rating: 5.0/5), ’Pitch Black’ (2000, Horror|Sci-Fi|Thriller, Rating: 3.0/5), ’My Life’ (1993, Drama, Rating: 4.0/5), ’Titanic’ (1997, Drama|Romance, Rating: 4.0/5), ’Game, The’ (1997, Drama|Mystery|Thriller, Rating: 5.0/5), ’Leaving Las Vegas’ (1995, Drama|Romance, Rating: 5.0/5), ’Dead Poets Society’ (1989, Drama, Rating: 5.0/5)"
76329,top-rated,from the years 1940 to 2000,"genres such as Adventure, Animation, Children, Comedy, Crime, Drama, Fantasy, Musical, Mystery, Romance, Thriller","’Bambi’ (1942, Animation|Children|Drama, Rating: 5.0/5), ’Erin Brockovich’ (2000, Drama, Rating: 5.0/5), ’Scent of a Woman’ (1992, Drama, Rating: 5.0/5), ’Game, The’ (1997, Drama|Mystery|Thriller, Rating: 5.0/5), ’Leaving Las Vegas’ (1995, Drama|Romance, Rating: 5.0/5), ’Dead Poets Society’ (1989, Drama, Rating: 5.0/5), ’Sound of Music, The’ (1965, Musical|Romance, Rating: 5.0/5), ’Muppet Movie, The’ (1979, Adventure|Children|Comedy|Musical, Rating: 5.0/5), ’Pinocchio’ (1940, Animation|Children|Fantasy|Musical, Rating: 5.0/5), ’Green Mile, The’ (1999, Crime|Drama, Rating: 5.0/5)"
76379,recent,from the years 1946 to 2005,"genres such as Action, Adventure, Comedy, Crime, Drama, Fantasy, IMAX, Mystery, Romance, Sci-Fi, Thriller, Western","’Hero (Ying xiong)’ (2002, Action|Adventure|Drama, Rating: 4.5/5), ’Matrix, The’ (1999, Action|Sci-Fi|Thriller, Rating: 4.5/5), ’Shawshank Redemption, The’ (1994, Crime|Drama, Rating: 5.0/5), ’Kung Fu Hustle (Gong fu)’ (2004, Action|Comedy, Rating: 5.0/5), ’Batman Begins’ (2005, Action|Crime|IMAX, Rating: 4.5/5), ’American Beauty’ (1999, Comedy|Drama, Rating: 5.0/5), ’Godfather, The’ (1972, Crime|Drama, Rating: 5.0/5), ’Memento’ (2000, Mystery|Thriller, Rating: 5.0/5), ’Usual Suspects, The’ (1995, Crime|Mystery|Thriller, Rating: 5.0/5), ’Blazing Saddles’ (1974, Comedy|Western, Rating: 4.5/5)"
76379,top-rated,from the years 1946 to 2005,"genres such as Action, Adventure, Comedy, Crime, Drama, Fantasy, IMAX, Mystery, Romance, Sci-Fi, Thriller, Western","’Shawshank Redemption, The’ (1994, Crime|Drama, Rating: 5.0/5), ’Kung Fu Hustle (Gong fu)’ (2004, Action|Comedy, Rating: 5.0/5), ’American Beauty’ (1999, Comedy|Drama, Rating: 5.0/5), ’Godfather, The’ (1972, Crime|Drama, Rating: 5.0/5), ’Memento’ (2000, Mystery|Thriller, Rating: 5.0/5), ’Usual Suspects, The’ (1995, Crime|Mystery|Thriller, Rating: 5.0/5), ’Seven Samurai (Shichinin no samurai)’ (1954, Action|Adventure|Drama, Rating: 5.0/5), ’It's a Wonderful Life’ (1946, Drama|Fantasy|Romance, Rating: 5.0/5), ’Hero (Ying xiong)’ (2002, Action|Adventure|Drama, Rating: 4.5/5), ’Matrix, The’ (1999, Action|Sci-Fi|Thriller, Rating: 4.5/5)"
76778,recent,from the years 1979 to 2009,"genres such as Action, Adventure, Comedy, Crime, Drama, Horror, IMAX, Romance, Sci-Fi, Thriller, War","’Ghost World’ (2001, Comedy|Drama, Rating: 3.5/5), ’Sin City’ (2005, Action|Crime|Film-Noir|Mystery|Thriller, Rating: 2.0/5), ’No Country for Old Men’ (2007, Crime|Drama, Rating: 3.5/5), ’Inglourious Basterds’ (2009, Action|Drama|War, Rating: 4.0/5), ’Graduate, The’ (1967, Comedy|Drama|Romance, Rating: 3.5/5), ’Boogie Nights’ (1997, Drama, Rating: 3.5/5), ’Annie Hall’ (1977, Comedy|Romance, Rating: 3.0/5), ’Matrix, The’ (1999, Action|Sci-Fi|Thriller, Rating: 4.5/5), ’Schindler's List’ (1993, Drama|War, Rating: 4.5/5), ’Star Wars: Episode VI - Return of the Jedi’ (1983, Action|Adventure|Sci-Fi, Rating: 2.0/5)"
76778,top-rated,from the years 1979 to 2009,"genres such as Action, Adventure, Comedy, Crime, Drama, Horror, IMAX, Romance, Sci-Fi, Thriller, War","’Pulp Fiction’ (1994, Comedy|Crime|Drama|Thriller, Rating: 5.0/5), ’Matrix, The’ (1999, Action|Sci-Fi|Thriller, Rating: 4.5/5), ’Schindler's List’ (1993, Drama|War, Rating: 4.5/5), ’Shawshank Redemption, The’ (1994, Crime|Drama, Rating: 4.5/5), ’Adaptation’ (2002, Comedy|Drama|Romance, Rating: 4.5/5), ’Alien’ (1979, Horror|Sci-Fi, Rating: 4.5/5), ’Inglourious Basterds’ (2009, Action|Drama|War, Rating: 4.0/5), ’Billy Elliot’ (2000, Drama, Rating: 4.0/5), ’Pianist, The’ (2002, Drama|War, Rating: 4.0/5), ’Matrix Reloaded, The’ (2003, Action|Adventure|Sci-Fi|Thriller|IMAX, Rating: 4.0/5)"
77078,recent,from the years 1981 to 2003,"genres such as Action, Adventure, Comedy, Crime, Drama, Fantasy, Horror, Musical, Mystery, Romance, Sci-Fi, Thriller, War","’The Butterfly Effect’ (2004, Drama|Sci-Fi|Thriller, Rating: 2.0/5), ’Sixth Sense, The’ (1999, Drama|Horror|Mystery, Rating: 3.0/5), ’Usual Suspects, The’ (1995, Crime|Mystery|Thriller, Rating: 3.5/5), ’Seven (a.k.a. Se7en)’ (1995, Mystery|Thriller, Rating: 3.5/5), ’NeverEnding Story, The’ (1984, Adventure|Children|Fantasy, Rating: 3.0/5), ’Brotherhood of the Wolf (Pacte des loups, Le)’ (2001, Action|Mystery|Thriller, Rating: 2.5/5), ’Crow, The’ (1994, Action|Crime|Fantasy|Thriller, Rating: 3.5/5), ’Harry Potter and the Chamber of Secrets’ (2002, Adventure|Fantasy, Rating: 2.5/5), ’Gladiator’ (2000, Action|Adventure|Drama, Rating: 3.0/5), ’Spider-Man’ (2002, Action|Adventure|Sci-Fi|Thriller, Rating: 2.5/5)"
77078,top-rated,from the years 1981 to 2003,"genres such as Action, Adventure, Comedy, Crime, Drama, Fantasy, Horror, Musical, Mystery, Romance, Sci-Fi, Thriller, War","’Memento’ (2000, Mystery|Thriller, Rating: 5.0/5), ’City of Lost Children, The (Cité des enfants perdus, La)’ (1995, Adventure|Drama|Fantasy|Mystery|Sci-Fi, Rating: 5.0/5), ’Life Is Beautiful (La Vita è bella)’ (1997, Comedy|Drama|Romance|War, Rating: 5.0/5), ’American Beauty’ (1999, Comedy|Drama, Rating: 5.0/5), ’Kill Bill: Vol. 1’ (2003, Action|Crime|Thriller, Rating: 4.5/5), ’Ginger Snaps’ (2000, Drama|Horror|Thriller, Rating: 4.5/5), ’Donnie Darko’ (2001, Drama|Mystery|Sci-Fi|Thriller, Rating: 4.5/5), ’Moulin Rouge’ (2001, Drama|Musical|Romance, Rating: 4.5/5), ’Run Lola Run (Lola rennt)’ (1998, Action|Crime, Rating: 4.5/5), ’Professional, The (Le professionnel)’ (1981, Action|Drama|Thriller, Rating: 4.0/5)"
77326,recent,from the years 1990 to 1999,"genres such as Action, Adventure, Animation, Comedy, Crime, Drama, Fantasy, Horror, Mystery, Sci-Fi, Thriller","’Judge Dredd’ (1995, Action|Crime|Sci-Fi, Rating: 4.0/5), ’Army of Darkness’ (1993, Action|Adventure|Comedy|Fantasy|Horror, Rating: 5.0/5), ’Lost World: Jurassic Park, The’ (1997, Action|Adventure|Sci-Fi|Thriller, Rating: 4.0/5), ’Starship Troopers’ (1997, Action|Sci-Fi, Rating: 4.0/5), ’X-Files: Fight the Future, The’ (1998, Action|Crime|Mystery|Sci-Fi|Thriller, Rating: 4.0/5), ’Deep Impact’ (1998, Drama|Sci-Fi|Thriller, Rating: 4.0/5), ’Ghost in the Shell (Kôkaku kidôtai)’ (1995, Animation|Sci-Fi, Rating: 5.0/5), ’Sneakers’ (1992, Action|Comedy|Crime|Drama|Sci-Fi, Rating: 5.0/5), ’Deep Blue Sea’ (1999, Action|Horror|Sci-Fi|Thriller, Rating: 4.0/5), ’Galaxy Quest’ (1999, Adventure|Comedy|Sci-Fi, Rating: 4.0/5)"
77326,top-rated,from the years 1990 to 1999,"genres such as Action, Adventure, Animation, Comedy, Crime, Drama, Fantasy, Horror, Mystery, Sci-Fi, Thriller","’Army of Darkness’ (1993, Action|Adventure|Comedy|Fantasy|Horror, Rating: 5.0/5), ’Ghost in the Shell (Kôkaku kidôtai)’ (1995, Animation|Sci-Fi, Rating: 5.0/5), ’Sneakers’ (1992, Action|Comedy|Crime|Drama|Sci-Fi, Rating: 5.0/5), ’Predator 2’ (1990, Action|Sci-Fi|Thriller, Rating: 5.0/5), ’Stargate’ (1994, Action|Adventure|Sci-Fi, Rating: 5.0/5), ’Gattaca’ (1997, Drama|Sci-Fi|Thriller, Rating: 5.0/5), ’Terminator 2: Judgment Day’ (1991, Action|Sci-Fi, Rating: 5.0/5), ’Jackal, The’ (1997, Action|Thriller, Rating: 5.0/5), ’Face/Off’ (1997, Action|Crime|Drama|Thriller, Rating: 5.0/5), ’Mercury Rising’ (1998, Action|Drama|Thriller, Rating: 5.0/5)"
77940,recent,from the years 1992 to 2002,"genres such as Action, Adventure, Comedy, Crime, Drama, Horror, Mystery, Romance, Thriller","’Seven (a.k.a. Se7en)’ (1995, Mystery|Thriller, Rating: 4.0/5), ’Harry Potter and the Goblet of Fire’ (2005, Adventure|Fantasy|Thriller|IMAX, Rating: 0.5/5), ’Indiana Jones and the Last Crusade’ (1989, Action|Adventure, Rating: 0.5/5), ’Great Locomotive Chase, The’ (1956, Adventure|War, Rating: 0.5/5), ’Stir of Echoes’ (1999, Horror|Mystery|Thriller, Rating: 4.0/5), ’Spider-Man 2’ (2004, Action|Adventure|Sci-Fi|IMAX, Rating: 2.0/5), ’Toy Story 2’ (1999, Adventure|Animation|Children|Comedy|Fantasy, Rating: 2.0/5), ’Shrek 2’ (2004, Adventure|Animation|Children|Comedy|Musical|Romance, Rating: 3.5/5), ’Die Hard’ (1988, Action|Crime|Thriller, Rating: 2.0/5), ’Lethal Weapon’ (1987, Action|Comedy|Crime|Drama, Rating: 1.0/5)"
77940,top-rated,from the years 1992 to 2002,"genres such as Action, Adventure, Comedy, Crime, Drama, Horror, Mystery, Romance, Thriller","’Green Mile, The’ (1999, Crime|Drama, Rating: 5.0/5), ’Zus & Zo’ (2001, Comedy|Drama|Romance, Rating: 4.5/5), ’Trainspotting’ (1996, Comedy|Crime|Drama, Rating: 4.5/5), ’Reservoir Dogs’ (1992, Crime|Mystery|Thriller, Rating: 4.5/5), ’About a Boy’ (2002, Comedy|Drama|Romance, Rating: 4.5/5), ’Office Space’ (1999, Comedy|Crime, Rating: 4.5/5), ’Fight Club’ (1999, Action|Crime|Drama|Thriller, Rating: 4.5/5), ’Shawshank Redemption, The’ (1994, Crime|Drama, Rating: 4.5/5), ’Gladiator’ (2000, Action|Adventure|Drama, Rating: 4.5/5), ’Seven (a.k.a. Se7en)’ (1995, Mystery|Thriller, Rating: 4.0/5)"
78506,recent,from the years 1972 to 2000,"genres such as Action, Comedy, Crime, Drama, Horror, Mystery, Romance, Thriller, War","’From Dusk Till Dawn’ (1996, Action|Comedy|Horror|Thriller, Rating: 5.0/5), ’Whole Nine Yards, The’ (2000, Comedy|Crime, Rating: 5.0/5), ’2 Days in the Valley’ (1996, Crime|Film-Noir, Rating: 3.0/5), ’Heat’ (1995, Action|Crime|Thriller, Rating: 4.0/5), ’Carlito's Way’ (1993, Crime|Drama, Rating: 4.0/5), ’Once Upon a Time in America’ (1984, Crime|Drama, Rating: 3.0/5), ’Donnie Brasco’ (1997, Crime|Drama, Rating: 5.0/5), ’Devil's Advocate, The’ (1997, Drama|Mystery|Thriller, Rating: 5.0/5), ’Out of Sight’ (1998, Comedy|Crime|Drama|Romance|Thriller, Rating: 4.0/5), ’Godfather: Part III, The’ (1990, Crime|Drama|Mystery|Thriller, Rating: 3.0/5)"
78506,top-rated,from the years 1972 to 2000,"genres such as Action, Comedy, Crime, Drama, Horror, Mystery, Romance, Thriller, War","’From Dusk Till Dawn’ (1996, Action|Comedy|Horror|Thriller, Rating: 5.0/5), ’Whole Nine Yards, The’ (2000, Comedy|Crime, Rating: 5.0/5), ’Donnie Brasco’ (1997, Crime|Drama, Rating: 5.0/5), ’Devil's Advocate, The’ (1997, Drama|Mystery|Thriller, Rating: 5.0/5), ’Untouchables, The’ (1987, Action|Crime|Drama, Rating: 5.0/5), ’Goodfellas’ (1990, Crime|Drama, Rating: 5.0/5), ’Godfather: Part II, The’ (1974, Crime|Drama, Rating: 5.0/5), ’Rain Man’ (1988, Drama, Rating: 5.0/5), ’Godfather, The’ (1972, Crime|Drama, Rating: 5.0/5), ’Forrest Gump’ (1994, Comedy|Drama|Romance|War, Rating: 5.0/5)"
78845,recent,from the years 1950 to 2000,"genres such as Action, Adventure, Comedy, Crime, Drama, Fantasy, Horror, Musical, Mystery, Sci-Fi, Thriller","’Solaris (Solyaris)’ (1972, Drama|Mystery|Sci-Fi, Rating: 5.0/5), ’Love and Death’ (1975, Comedy, Rating: 5.0/5), ’Dancer in the Dark’ (2000, Drama|Musical, Rating: 5.0/5), ’I'm Gonna Git You Sucka’ (1988, Action|Comedy, Rating: 4.0/5), ’Evil Dead, The’ (1981, Fantasy|Horror|Thriller, Rating: 5.0/5), ’Dude, Where's My Car?’ (2000, Comedy|Sci-Fi, Rating: 2.0/5), ’Amores Perros (Love's a Bitch)’ (2000, Drama|Thriller, Rating: 4.5/5), ’Adventures of Baron Munchausen, The’ (1988, Adventure|Comedy|Fantasy, Rating: 5.0/5), ’Dirty Rotten Scoundrels’ (1988, Comedy, Rating: 4.0/5), ’Altered States’ (1980, Drama|Sci-Fi, Rating: 4.5/5)"
78845,top-rated,from the years 1950 to 2000,"genres such as Action, Adventure, Comedy, Crime, Drama, Fantasy, Horror, Musical, Mystery, Sci-Fi, Thriller","’Solaris (Solyaris)’ (1972, Drama|Mystery|Sci-Fi, Rating: 5.0/5), ’Love and Death’ (1975, Comedy, Rating: 5.0/5), ’Dancer in the Dark’ (2000, Drama|Musical, Rating: 5.0/5), ’Evil Dead, The’ (1981, Fantasy|Horror|Thriller, Rating: 5.0/5), ’Adventures of Baron Munchausen, The’ (1988, Adventure|Comedy|Fantasy, Rating: 5.0/5), ’Rashomon (Rashômon)’ (1950, Crime|Drama|Mystery, Rating: 5.0/5), ’Monty Python's Life of Brian’ (1979, Comedy, Rating: 5.0/5), ’Heathers’ (1989, Comedy, Rating: 5.0/5), ’Day the Earth Stood Still, The’ (1951, Drama|Sci-Fi|Thriller, Rating: 5.0/5), ’Young Frankenstein’ (1974, Comedy|Fantasy, Rating: 5.0/5)"
79081,recent,from the years 1957 to 2000,"genres such as Action, Adventure, Animation, Comedy, Drama, Horror, Musical, Romance, Sci-Fi, Thriller, War","’Stranger Than Paradise’ (1984, Comedy|Drama, Rating: 2.0/5), ’Fantastic Voyage’ (1966, Adventure|Sci-Fi, Rating: 3.0/5), ’Slumber Party Massacre, The’ (1982, Horror, Rating: 4.0/5), ’Ghoulies’ (1985, Horror, Rating: 4.0/5), ’Private Eyes, The’ (1981, Comedy|Mystery, Rating: 3.0/5), ’Diamonds Are Forever’ (1971, Action|Adventure|Thriller, Rating: 5.0/5), ’Bounty, The’ (1984, Adventure|Drama, Rating: 3.0/5), ’Planes, Trains & Automobiles’ (1987, Comedy, Rating: 5.0/5), ’Born on the Fourth of July’ (1989, Drama|War, Rating: 4.0/5), ’Waiting for Guffman’ (1996, Comedy, Rating: 5.0/5)"
79081,top-rated,from the years 1957 to 2000,"genres such as Action, Adventure, Animation, Comedy, Drama, Horror, Musical, Romance, Sci-Fi, Thriller, War","’Diamonds Are Forever’ (1971, Action|Adventure|Thriller, Rating: 5.0/5), ’Planes, Trains & Automobiles’ (1987, Comedy, Rating: 5.0/5), ’Waiting for Guffman’ (1996, Comedy, Rating: 5.0/5), ’Red Planet’ (2000, Action|Sci-Fi|Thriller, Rating: 5.0/5), ’Charlie's Angels’ (2000, Action|Comedy, Rating: 5.0/5), ’Legend of Drunken Master, The (Jui kuen II)’ (1994, Action|Comedy, Rating: 5.0/5), ’Crouching Tiger, Hidden Dragon (Wo hu cang long)’ (2000, Action|Drama|Romance, Rating: 5.0/5), ’From Russia with Love’ (1963, Action|Adventure|Thriller, Rating: 5.0/5), ’Bridge on the River Kwai, The’ (1957, Adventure|Drama|War, Rating: 5.0/5), ’South Park: Bigger, Longer and Uncut’ (1999, Animation|Comedy|Musical, Rating: 5.0/5)"
79826,recent,from the years 1979 to 1997,"genres such as Action, Adventure, Animation, Children, Comedy, Crime, Drama, Fantasy, Musical, Romance, Sci-Fi, Thriller","’Mirror Has Two Faces, The’ (1996, Comedy|Drama|Romance, Rating: 4.0/5), ’Mars Attacks!’ (1996, Action|Comedy|Sci-Fi, Rating: 4.0/5), ’Pest, The’ (1997, Comedy, Rating: 3.0/5), ’Hercules’ (1997, Adventure|Animation|Children|Comedy|Musical, Rating: 4.0/5), ’Men in Black (a.k.a. MIB)’ (1997, Action|Comedy|Sci-Fi, Rating: 5.0/5), ’Supercop (Police Story 3: Supercop) (Jing cha gu shi III: Chao ji jing cha)’ (1992, Action|Comedy|Crime|Thriller, Rating: 5.0/5), ’One Fine Day’ (1996, Drama|Romance, Rating: 4.0/5), ’Stuart Saves His Family’ (1995, Comedy, Rating: 3.0/5), ’Clear and Present Danger’ (1994, Action|Crime|Drama|Thriller, Rating: 5.0/5), ’Escape to Witch Mountain’ (1975, Adventure|Children|Fantasy, Rating: 1.0/5)"
79826,top-rated,from the years 1979 to 1997,"genres such as Action, Adventure, Animation, Children, Comedy, Crime, Drama, Fantasy, Musical, Romance, Sci-Fi, Thriller","’Men in Black (a.k.a. MIB)’ (1997, Action|Comedy|Sci-Fi, Rating: 5.0/5), ’Supercop (Police Story 3: Supercop) (Jing cha gu shi III: Chao ji jing cha)’ (1992, Action|Comedy|Crime|Thriller, Rating: 5.0/5), ’Clear and Present Danger’ (1994, Action|Crime|Drama|Thriller, Rating: 5.0/5), ’Femme Nikita, La (Nikita)’ (1990, Action|Crime|Romance|Thriller, Rating: 5.0/5), ’GoldenEye’ (1995, Action|Adventure|Thriller, Rating: 5.0/5), ’American President, The’ (1995, Comedy|Drama|Romance, Rating: 5.0/5), ’Star Trek: The Motion Picture’ (1979, Adventure|Sci-Fi, Rating: 5.0/5), ’Santa Clause, The’ (1994, Comedy|Drama|Fantasy, Rating: 5.0/5), ’Fugitive, The’ (1993, Thriller, Rating: 5.0/5), ’Star Trek V: The Final Frontier’ (1989, Action|Sci-Fi, Rating: 5.0/5)"
80892,recent,from the years 2002 to 2012,"genres such as Action, Adventure, Crime, Drama, IMAX, Mystery, Sci-Fi, Thriller","’Departed, The’ (2006, Crime|Drama|Thriller, Rating: 4.5/5), ’Social Network, The’ (2010, Drama, Rating: 5.0/5), ’Aviator, The’ (2004, Drama, Rating: 4.5/5), ’Into the Wild’ (2007, Action|Adventure|Drama, Rating: 3.5/5), ’127 Hours’ (2010, Adventure|Drama|Thriller, Rating: 4.0/5), ’Shutter Island’ (2010, Drama|Mystery|Thriller, Rating: 5.0/5), ’Prestige, The’ (2006, Drama|Mystery|Sci-Fi|Thriller, Rating: 5.0/5), ’Minority Report’ (2002, Action|Crime|Mystery|Sci-Fi|Thriller, Rating: 4.5/5), ’Looper’ (2012, Action|Crime|Sci-Fi, Rating: 4.5/5), ’Inception’ (2010, Action|Crime|Drama|Mystery|Sci-Fi|Thriller|IMAX, Rating: 5.0/5)"
80892,top-rated,from the years 2002 to 2012,"genres such as Action, Adventure, Crime, Drama, IMAX, Mystery, Sci-Fi, Thriller","’Social Network, The’ (2010, Drama, Rating: 5.0/5), ’Shutter Island’ (2010, Drama|Mystery|Thriller, Rating: 5.0/5), ’Prestige, The’ (2006, Drama|Mystery|Sci-Fi|Thriller, Rating: 5.0/5), ’Inception’ (2010, Action|Crime|Drama|Mystery|Sci-Fi|Thriller|IMAX, Rating: 5.0/5), ’Mission: Impossible - Ghost Protocol’ (2011, Action|Adventure|Thriller|IMAX, Rating: 5.0/5), ’Departed, The’ (2006, Crime|Drama|Thriller, Rating: 4.5/5), ’Aviator, The’ (2004, Drama, Rating: 4.5/5), ’Minority Report’ (2002, Action|Crime|Mystery|Sci-Fi|Thriller, Rating: 4.5/5), ’Looper’ (2012, Action|Crime|Sci-Fi, Rating: 4.5/5), ’Sherlock Holmes’ (2009, Action|Crime|Mystery|Thriller, Rating: 4.5/5)"
81417,recent,from the years 1993 to 1995,"genres such as Action, Children, Comedy, Crime, Drama, Fantasy, Mystery, Romance, Thriller, Western","’Farewell My Concubine (Ba wang bie ji)’ (1993, Drama|Romance, Rating: 4.0/5), ’Killing Zoe’ (1994, Crime|Drama|Thriller, Rating: 3.0/5), ’Kalifornia’ (1993, Drama|Thriller, Rating: 3.0/5), ’Wolf’ (1994, Drama|Horror|Romance|Thriller, Rating: 3.0/5), ’Adventures of Priscilla, Queen of the Desert, The’ (1994, Comedy|Drama, Rating: 3.0/5), ’Philadelphia’ (1993, Drama, Rating: 4.0/5), ’Ghost’ (1990, Comedy|Drama|Fantasy|Romance|Thriller, Rating: 3.0/5), ’Powder’ (1995, Drama|Sci-Fi, Rating: 3.0/5), ’Pretty Woman’ (1990, Comedy|Romance, Rating: 3.0/5), ’Kiss of Death’ (1995, Crime|Drama|Thriller, Rating: 2.0/5)"
81417,top-rated,from the years 1993 to 1995,"genres such as Action, Children, Comedy, Crime, Drama, Fantasy, Mystery, Romance, Thriller, Western","’Piano, The’ (1993, Drama|Romance, Rating: 5.0/5), ’Tombstone’ (1993, Action|Drama|Western, Rating: 5.0/5), ’Usual Suspects, The’ (1995, Crime|Mystery|Thriller, Rating: 5.0/5), ’Get Shorty’ (1995, Comedy|Crime|Thriller, Rating: 5.0/5), ’Pulp Fiction’ (1994, Comedy|Crime|Drama|Thriller, Rating: 5.0/5), ’Farewell My Concubine (Ba wang bie ji)’ (1993, Drama|Romance, Rating: 4.0/5), ’Philadelphia’ (1993, Drama, Rating: 4.0/5), ’Before Sunrise’ (1995, Drama|Romance, Rating: 4.0/5), ’Secret of Roan Inish, The’ (1994, Children|Drama|Fantasy|Mystery, Rating: 4.0/5), ’Four Weddings and a Funeral’ (1994, Comedy|Romance, Rating: 4.0/5)"
81934,recent,from the years 1975 to 1999,"genres such as Action, Adventure, Comedy, Crime, Drama, Fantasy, Horror, Mystery, Romance, Sci-Fi, Thriller, War","’Stand and Deliver’ (1988, Comedy|Drama, Rating: 4.0/5), ’Never Been Kissed’ (1999, Comedy|Romance, Rating: 4.0/5), ’World Is Not Enough, The’ (1999, Action|Adventure|Thriller, Rating: 5.0/5), ’Men in Black (a.k.a. MIB)’ (1997, Action|Comedy|Sci-Fi, Rating: 3.0/5), ’Star Wars: Episode VI - Return of the Jedi’ (1983, Action|Adventure|Sci-Fi, Rating: 4.0/5), ’Armageddon’ (1998, Action|Romance|Sci-Fi|Thriller, Rating: 4.0/5), ’Star Wars: Episode IV - A New Hope’ (1977, Action|Adventure|Sci-Fi, Rating: 4.0/5), ’Saving Private Ryan’ (1998, Action|Drama|War, Rating: 4.0/5), ’Star Wars: Episode I - The Phantom Menace’ (1999, Action|Adventure|Sci-Fi, Rating: 4.0/5), ’Star Wars: Episode V - The Empire Strikes Back’ (1980, Action|Adventure|Sci-Fi, Rating: 4.0/5)"
81934,top-rated,from the years 1975 to 1999,"genres such as Action, Adventure, Comedy, Crime, Drama, Fantasy, Horror, Mystery, Romance, Sci-Fi, Thriller, War","’World Is Not Enough, The’ (1999, Action|Adventure|Thriller, Rating: 5.0/5), ’Tomorrow Never Dies’ (1997, Action|Adventure|Thriller, Rating: 5.0/5), ’Halloween’ (1978, Horror, Rating: 5.0/5), ’Monty Python and the Holy Grail’ (1975, Adventure|Comedy|Fantasy, Rating: 5.0/5), ’Jane Austen's Mafia!’ (1998, Comedy|Crime, Rating: 5.0/5), ’Airplane!’ (1980, Comedy, Rating: 5.0/5), ’Austin Powers: International Man of Mystery’ (1997, Action|Adventure|Comedy, Rating: 5.0/5), ’Austin Powers: The Spy Who Shagged Me’ (1999, Action|Adventure|Comedy, Rating: 5.0/5), ’American Werewolf in Paris, An’ (1997, Comedy|Horror|Romance|Thriller, Rating: 5.0/5), ’Wes Craven's New Nightmare (Nightmare on Elm Street Part 7: Freddy's Finale, A)’ (1994, Drama|Horror|Mystery|Thriller, Rating: 5.0/5)"
83155,recent,from the years 1995 to 1996,"genres such as Action, Adventure, Animation, Children, Comedy, Crime, Drama, Fantasy, Horror, Sci-Fi, Thriller","’Toy Story’ (1995, Adventure|Animation|Children|Comedy|Fantasy, Rating: 5.0/5), ’Father of the Bride Part II’ (1995, Comedy, Rating: 5.0/5), ’Dead Man Walking’ (1995, Crime|Drama, Rating: 5.0/5), ’Broken Arrow’ (1996, Action|Adventure|Thriller, Rating: 5.0/5), ’Matilda’ (1996, Children|Comedy|Fantasy, Rating: 5.0/5), ’Children of the Corn IV: The Gathering’ (1996, Horror, Rating: 4.0/5), ’Frighteners, The’ (1996, Comedy|Horror|Thriller, Rating: 4.0/5), ’Quest, The’ (1996, Action|Adventure, Rating: 3.0/5), ’White Squall’ (1996, Action|Adventure|Drama, Rating: 4.0/5), ’Black Sheep’ (1996, Comedy, Rating: 4.0/5)"
83155,top-rated,from the years 1995 to 1996,"genres such as Action, Adventure, Animation, Children, Comedy, Crime, Drama, Fantasy, Horror, Sci-Fi, Thriller","’Toy Story’ (1995, Adventure|Animation|Children|Comedy|Fantasy, Rating: 5.0/5), ’Father of the Bride Part II’ (1995, Comedy, Rating: 5.0/5), ’Dead Man Walking’ (1995, Crime|Drama, Rating: 5.0/5), ’Broken Arrow’ (1996, Action|Adventure|Thriller, Rating: 5.0/5), ’Matilda’ (1996, Children|Comedy|Fantasy, Rating: 5.0/5), ’Star Trek: First Contact’ (1996, Action|Adventure|Sci-Fi|Thriller, Rating: 5.0/5), ’Down Periscope’ (1996, Comedy, Rating: 5.0/5), ’Happy Gilmore’ (1996, Comedy, Rating: 5.0/5), ’Rock, The’ (1996, Action|Adventure|Thriller, Rating: 5.0/5), ’Independence Day (a.k.a. ID4)’ (1996, Action|Adventure|Sci-Fi|Thriller, Rating: 5.0/5)"
85519,recent,from the years 1990 to 2006,"genres such as Adventure, Children, Comedy, Crime, Documentary, Drama, Fantasy, Mystery, Romance, Sci-Fi, Thriller","’Usual Suspects, The’ (1995, Crime|Mystery|Thriller, Rating: 4.5/5), ’Pan's Labyrinth (Laberinto del fauno, El)’ (2006, Drama|Fantasy|Thriller, Rating: 5.0/5), ’Garden State’ (2004, Comedy|Drama|Romance, Rating: 5.0/5), ’American Beauty’ (1999, Comedy|Drama, Rating: 5.0/5), ’Broken Flowers’ (2005, Comedy|Drama, Rating: 5.0/5), ’Lost in Translation’ (2003, Comedy|Drama|Romance, Rating: 5.0/5), ’NeverEnding Story II: The Next Chapter, The’ (1990, Adventure|Children|Fantasy, Rating: 4.5/5), ’BASEketball’ (1998, Comedy, Rating: 3.0/5), ’Donnie Darko’ (2001, Drama|Mystery|Sci-Fi|Thriller, Rating: 5.0/5), ’Shawshank Redemption, The’ (1994, Crime|Drama, Rating: 5.0/5)"
85519,top-rated,from the years 1990 to 2006,"genres such as Adventure, Children, Comedy, Crime, Documentary, Drama, Fantasy, Mystery, Romance, Sci-Fi, Thriller","’Pan's Labyrinth (Laberinto del fauno, El)’ (2006, Drama|Fantasy|Thriller, Rating: 5.0/5), ’Garden State’ (2004, Comedy|Drama|Romance, Rating: 5.0/5), ’American Beauty’ (1999, Comedy|Drama, Rating: 5.0/5), ’Broken Flowers’ (2005, Comedy|Drama, Rating: 5.0/5), ’Lost in Translation’ (2003, Comedy|Drama|Romance, Rating: 5.0/5), ’Donnie Darko’ (2001, Drama|Mystery|Sci-Fi|Thriller, Rating: 5.0/5), ’Shawshank Redemption, The’ (1994, Crime|Drama, Rating: 5.0/5), ’March of the Penguins (Marche de l'empereur, La)’ (2005, Documentary, Rating: 5.0/5), ’Rushmore’ (1998, Comedy|Drama, Rating: 5.0/5), ’Royal Tenenbaums, The’ (2001, Comedy|Drama, Rating: 5.0/5)"
87114,recent,from the years 1987 to 2008,"genres such as Action, Adventure, Animation, Drama, Fantasy, Horror, IMAX, Romance, Sci-Fi, Thriller, War","’Pitch Black’ (2000, Horror|Sci-Fi|Thriller, Rating: 4.0/5), ’X-Men: The Last Stand’ (2006, Action|Sci-Fi|Thriller, Rating: 4.0/5), ’A.I. Artificial Intelligence’ (2001, Adventure|Drama|Sci-Fi, Rating: 2.5/5), ’War of the Worlds’ (2005, Action|Adventure|Sci-Fi|Thriller, Rating: 4.0/5), ’I, Robot’ (2004, Action|Adventure|Sci-Fi|Thriller, Rating: 4.0/5), ’Matrix Reloaded, The’ (2003, Action|Adventure|Sci-Fi|Thriller|IMAX, Rating: 4.5/5), ’Sky Captain and the World of Tomorrow’ (2004, Action|Adventure|Sci-Fi, Rating: 3.5/5), ’Final Fantasy: The Spirits Within’ (2001, Adventure|Animation|Fantasy|Sci-Fi, Rating: 4.5/5), ’Chronicles of Riddick, The’ (2004, Action|Sci-Fi|Thriller, Rating: 4.0/5), ’Terminator 3: Rise of the Machines’ (2003, Action|Adventure|Sci-Fi, Rating: 4.5/5)"
87114,top-rated,from the years 1987 to 2008,"genres such as Action, Adventure, Animation, Drama, Fantasy, Horror, IMAX, Romance, Sci-Fi, Thriller, War","’Jumper’ (2008, Action|Adventure|Drama|Sci-Fi|Thriller, Rating: 5.0/5), ’Star Trek: Insurrection’ (1998, Action|Drama|Romance|Sci-Fi, Rating: 5.0/5), ’Matrix Reloaded, The’ (2003, Action|Adventure|Sci-Fi|Thriller|IMAX, Rating: 4.5/5), ’Final Fantasy: The Spirits Within’ (2001, Adventure|Animation|Fantasy|Sci-Fi, Rating: 4.5/5), ’Terminator 3: Rise of the Machines’ (2003, Action|Adventure|Sci-Fi, Rating: 4.5/5), ’Next’ (2007, Action|Sci-Fi|Thriller, Rating: 4.5/5), ’Matrix Revolutions, The’ (2003, Action|Adventure|Sci-Fi|Thriller|IMAX, Rating: 4.5/5), ’Stealth’ (2005, Action|Adventure|Sci-Fi|Thriller, Rating: 4.5/5), ’King Arthur’ (2004, Action|Adventure|Drama|War, Rating: 4.5/5), ’Superman IV: The Quest for Peace’ (1987, Action|Adventure|Sci-Fi, Rating: 4.5/5)"
88183,recent,from the years 1971 to 1996,"genres such as Action, Adventure, Children, Comedy, Crime, Drama, Fantasy, Musical, Mystery, Romance, Sci-Fi, Thriller, War","’Seven (a.k.a. Se7en)’ (1995, Mystery|Thriller, Rating: 1.0/5), ’Silence of the Lambs, The’ (1991, Crime|Horror|Thriller, Rating: 2.0/5), ’Natural Born Killers’ (1994, Action|Crime|Thriller, Rating: 5.0/5), ’Usual Suspects, The’ (1995, Crime|Mystery|Thriller, Rating: 4.0/5), ’Taxi Driver’ (1976, Crime|Drama|Thriller, Rating: 5.0/5), ’Pulp Fiction’ (1994, Comedy|Crime|Drama|Thriller, Rating: 4.0/5), ’Richard III’ (1995, Drama|War, Rating: 4.0/5), ’City of Lost Children, The (Cité des enfants perdus, La)’ (1995, Adventure|Drama|Fantasy|Mystery|Sci-Fi, Rating: 5.0/5), ’Godfather, The’ (1972, Crime|Drama, Rating: 4.0/5), ’Postman, The (Postino, Il)’ (1994, Comedy|Drama|Romance, Rating: 4.0/5)"
88183,top-rated,from the years 1971 to 1996,"genres such as Action, Adventure, Children, Comedy, Crime, Drama, Fantasy, Musical, Mystery, Romance, Sci-Fi, Thriller, War","’Natural Born Killers’ (1994, Action|Crime|Thriller, Rating: 5.0/5), ’Taxi Driver’ (1976, Crime|Drama|Thriller, Rating: 5.0/5), ’City of Lost Children, The (Cité des enfants perdus, La)’ (1995, Adventure|Drama|Fantasy|Mystery|Sci-Fi, Rating: 5.0/5), ’Trainspotting’ (1996, Comedy|Crime|Drama, Rating: 5.0/5), ’Star Wars: Episode IV - A New Hope’ (1977, Action|Adventure|Sci-Fi, Rating: 5.0/5), ’Fargo’ (1996, Comedy|Crime|Drama|Thriller, Rating: 5.0/5), ’Willy Wonka & the Chocolate Factory’ (1971, Children|Comedy|Fantasy|Musical, Rating: 5.0/5), ’Twelve Monkeys (a.k.a. 12 Monkeys)’ (1995, Mystery|Sci-Fi|Thriller, Rating: 5.0/5), ’Usual Suspects, The’ (1995, Crime|Mystery|Thriller, Rating: 4.0/5), ’Pulp Fiction’ (1994, Comedy|Crime|Drama|Thriller, Rating: 4.0/5)"
89084,recent,from the years 1991 to 1995,"genres such as Action, Adventure, Children, Comedy, Crime, Drama, Horror, Mystery, Romance, Sci-Fi, Thriller, War","’Clerks’ (1994, Comedy, Rating: 5.0/5), ’Menace II Society’ (1993, Action|Crime|Drama, Rating: 5.0/5), ’Ace Ventura: When Nature Calls’ (1995, Comedy, Rating: 3.0/5), ’Disclosure’ (1994, Drama|Thriller, Rating: 3.0/5), ’Mask, The’ (1994, Action|Comedy|Crime|Fantasy, Rating: 3.0/5), ’Speed’ (1994, Action|Romance|Thriller, Rating: 4.0/5), ’Terminator 2: Judgment Day’ (1991, Action|Sci-Fi, Rating: 3.0/5), ’Babe’ (1995, Children|Drama, Rating: 5.0/5), ’Seven (a.k.a. Se7en)’ (1995, Mystery|Thriller, Rating: 5.0/5), ’Quiz Show’ (1994, Drama, Rating: 3.0/5)"
89084,top-rated,from the years 1991 to 1995,"genres such as Action, Adventure, Children, Comedy, Crime, Drama, Horror, Mystery, Romance, Sci-Fi, Thriller, War","’Clerks’ (1994, Comedy, Rating: 5.0/5), ’Menace II Society’ (1993, Action|Crime|Drama, Rating: 5.0/5), ’Babe’ (1995, Children|Drama, Rating: 5.0/5), ’Seven (a.k.a. Se7en)’ (1995, Mystery|Thriller, Rating: 5.0/5), ’Shawshank Redemption, The’ (1994, Crime|Drama, Rating: 5.0/5), ’Silence of the Lambs, The’ (1991, Crime|Horror|Thriller, Rating: 5.0/5), ’Pulp Fiction’ (1994, Comedy|Crime|Drama|Thriller, Rating: 5.0/5), ’Speed’ (1994, Action|Romance|Thriller, Rating: 4.0/5), ’Forrest Gump’ (1994, Comedy|Drama|Romance|War, Rating: 4.0/5), ’Waterworld’ (1995, Action|Adventure|Sci-Fi, Rating: 4.0/5)"
91269,recent,from the years 1990 to 1996,"genres such as Action, Adventure, Drama, IMAX, Mystery, Thriller, Western","’Mission: Impossible’ (1996, Action|Adventure|Mystery|Thriller, Rating: 4.0/5), ’Spy Hard’ (1996, Comedy, Rating: 3.0/5), ’Feast of July’ (1995, Drama, Rating: 3.0/5), ’Total Eclipse’ (1995, Drama|Romance, Rating: 3.0/5), ’Grass Harp, The’ (1995, Comedy|Drama, Rating: 3.0/5), ’Spirits of the Dead’ (1968, Horror|Mystery, Rating: 3.0/5), ’Billy's Holiday’ (1995, Drama|Musical, Rating: 1.0/5), ’Powder’ (1995, Drama|Sci-Fi, Rating: 1.0/5), ’Misérables, Les’ (1995, Drama|War, Rating: 2.0/5), ’Nick of Time’ (1995, Action|Thriller, Rating: 1.0/5)"
91269,top-rated,from the years 1990 to 1996,"genres such as Action, Adventure, Drama, IMAX, Mystery, Thriller, Western","’Dances with Wolves’ (1990, Adventure|Drama|Western, Rating: 5.0/5), ’Mission: Impossible’ (1996, Action|Adventure|Mystery|Thriller, Rating: 4.0/5), ’Apollo 13’ (1995, Adventure|Drama|IMAX, Rating: 4.0/5), ’Spy Hard’ (1996, Comedy, Rating: 3.0/5), ’Feast of July’ (1995, Drama, Rating: 3.0/5), ’Total Eclipse’ (1995, Drama|Romance, Rating: 3.0/5), ’Grass Harp, The’ (1995, Comedy|Drama, Rating: 3.0/5), ’Spirits of the Dead’ (1968, Horror|Mystery, Rating: 3.0/5), ’Pulp Fiction’ (1994, Comedy|Crime|Drama|Thriller, Rating: 3.0/5), ’True Lies’ (1994, Action|Adventure|Comedy|Romance|Thriller, Rating: 3.0/5)"
93975,recent,from the years 1981 to 1995,"genres such as Action, Adventure, Animation, Children, Comedy, Crime, Drama, Fantasy, Horror, Musical, Mystery, Romance, Sci-Fi, Thriller, War","’City of Lost Children, The (Cité des enfants perdus, La)’ (1995, Adventure|Drama|Fantasy|Mystery|Sci-Fi, Rating: 5.0/5), ’Richard III’ (1995, Drama|War, Rating: 5.0/5), ’Canadian Bacon’ (1995, Comedy|War, Rating: 3.0/5), ’Immortal Beloved’ (1994, Drama|Romance, Rating: 4.0/5), ’Othello’ (1995, Drama, Rating: 4.0/5), ’Hudsucker Proxy, The’ (1994, Comedy, Rating: 3.0/5), ’Much Ado About Nothing’ (1993, Comedy|Romance, Rating: 3.0/5), ’Heavy Metal’ (1981, Action|Adventure|Animation|Horror|Sci-Fi, Rating: 5.0/5), ’Rumble in the Bronx (Hont faan kui)’ (1995, Action|Adventure|Comedy|Crime, Rating: 4.0/5), ’Madness of King George, The’ (1994, Comedy|Drama, Rating: 5.0/5)"
93975,top-rated,from the years 1981 to 1995,"genres such as Action, Adventure, Animation, Children, Comedy, Crime, Drama, Fantasy, Horror, Musical, Mystery, Romance, Sci-Fi, Thriller, War","’City of Lost Children, The (Cité des enfants perdus, La)’ (1995, Adventure|Drama|Fantasy|Mystery|Sci-Fi, Rating: 5.0/5), ’Richard III’ (1995, Drama|War, Rating: 5.0/5), ’Heavy Metal’ (1981, Action|Adventure|Animation|Horror|Sci-Fi, Rating: 5.0/5), ’Madness of King George, The’ (1994, Comedy|Drama, Rating: 5.0/5), ’Clerks’ (1994, Comedy, Rating: 5.0/5), ’Crow, The’ (1994, Action|Crime|Fantasy|Thriller, Rating: 5.0/5), ’Nightmare Before Christmas, The’ (1993, Animation|Children|Fantasy|Musical, Rating: 5.0/5), ’Twelve Monkeys (a.k.a. 12 Monkeys)’ (1995, Mystery|Sci-Fi|Thriller, Rating: 5.0/5), ’Léon: The Professional (a.k.a. The Professional) (Léon)’ (1994, Action|Crime|Drama|Thriller, Rating: 5.0/5), ’Schindler's List’ (1993, Drama|War, Rating: 5.0/5)"
94444,recent,from the years 1960 to 2003,"genres such as Comedy, Crime, Drama, Horror, Musical, Mystery, Sci-Fi, Thriller, Western","’Revenge of the Pink Panther’ (1978, Comedy|Crime, Rating: 4.0/5), ’Office Space’ (1999, Comedy|Crime, Rating: 4.0/5), ’Psycho’ (1960, Crime|Horror, Rating: 4.5/5), ’Ferris Bueller's Day Off’ (1986, Comedy, Rating: 5.0/5), ’Monty Python's The Meaning of Life’ (1983, Comedy, Rating: 4.0/5), ’Sixth Sense, The’ (1999, Drama|Horror|Mystery, Rating: 3.5/5), ’Pulp Fiction’ (1994, Comedy|Crime|Drama|Thriller, Rating: 5.0/5), ’Airplane!’ (1980, Comedy, Rating: 4.5/5), ’Blazing Saddles’ (1974, Comedy|Western, Rating: 5.0/5), ’Serendipity’ (2001, Comedy|Romance, Rating: 3.0/5)"
94444,top-rated,from the years 1960 to 2003,"genres such as Comedy, Crime, Drama, Horror, Musical, Mystery, Sci-Fi, Thriller, Western","’Ferris Bueller's Day Off’ (1986, Comedy, Rating: 5.0/5), ’Pulp Fiction’ (1994, Comedy|Crime|Drama|Thriller, Rating: 5.0/5), ’Blazing Saddles’ (1974, Comedy|Western, Rating: 5.0/5), ’Bad News Bears, The’ (1976, Comedy, Rating: 5.0/5), ’Mighty Wind, A’ (2003, Comedy|Musical, Rating: 5.0/5), ’Clerks’ (1994, Comedy, Rating: 5.0/5), ’Mystery Science Theater 3000: The Movie’ (1996, Comedy|Sci-Fi, Rating: 5.0/5), ’Reservoir Dogs’ (1992, Crime|Mystery|Thriller, Rating: 5.0/5), ’Monty Python's Life of Brian’ (1979, Comedy, Rating: 5.0/5), ’Glengarry Glen Ross’ (1992, Drama, Rating: 5.0/5)"
96187,recent,from the years 1993 to 1995,"genres such as Action, Adventure, Comedy, Crime, Drama, Fantasy, Horror, Romance, Sci-Fi, Thriller","’Little Rascals, The’ (1994, Children|Comedy, Rating: 3.0/5), ’Next Karate Kid, The’ (1994, Action|Children|Romance, Rating: 3.0/5), ’Threesome’ (1994, Comedy|Romance, Rating: 4.0/5), ’Mad Love’ (1995, Drama|Romance, Rating: 3.0/5), ’Ref, The’ (1994, Comedy, Rating: 4.0/5), ’Black Beauty’ (1994, Adventure|Children|Drama, Rating: 1.0/5), ’How to Make an American Quilt’ (1995, Drama|Romance, Rating: 3.0/5), ’Home for the Holidays’ (1995, Drama, Rating: 4.0/5), ’Man Without a Face, The’ (1993, Drama, Rating: 3.0/5), ’Three Musketeers, The’ (1993, Action|Adventure|Comedy|Romance, Rating: 3.0/5)"
96187,top-rated,from the years 1993 to 1995,"genres such as Action, Adventure, Comedy, Crime, Drama, Fantasy, Horror, Romance, Sci-Fi, Thriller","’Crow, The’ (1994, Action|Crime|Fantasy|Thriller, Rating: 5.0/5), ’Demolition Man’ (1993, Action|Adventure|Sci-Fi, Rating: 5.0/5), ’Interview with the Vampire: The Vampire Chronicles’ (1994, Drama|Horror, Rating: 5.0/5), ’Threesome’ (1994, Comedy|Romance, Rating: 4.0/5), ’Ref, The’ (1994, Comedy, Rating: 4.0/5), ’Home for the Holidays’ (1995, Drama, Rating: 4.0/5), ’Firm, The’ (1993, Drama|Thriller, Rating: 4.0/5), ’Dangerous Minds’ (1995, Drama, Rating: 4.0/5), ’Tommy Boy’ (1995, Comedy, Rating: 4.0/5), ’True Romance’ (1993, Crime|Thriller, Rating: 4.0/5)"
97146,recent,from the years 1967 to 2014,"genres such as Action, Adventure, Animation, Children, Comedy, Crime, Drama, Fantasy, IMAX, Musical, Romance, Sci-Fi, Thriller, War, Western","’Transformers: Dark of the Moon’ (2011, Action|Adventure|Sci-Fi|War|IMAX, Rating: 4.0/5), ’RoboCop’ (2014, Action|Crime|Sci-Fi|IMAX, Rating: 4.0/5), ’Me, Myself & Irene’ (2000, Adventure|Comedy, Rating: 4.0/5), ’Green Hornet, The’ (2011, Action|Comedy|Crime|Fantasy|Thriller|IMAX, Rating: 2.5/5), ’Mummy Returns, The’ (2001, Action|Adventure|Comedy|Thriller, Rating: 4.0/5), ’Rambo: First Blood Part II’ (1985, Action|Adventure|Thriller, Rating: 4.0/5), ’Back to the Future Part III’ (1990, Adventure|Comedy|Sci-Fi|Western, Rating: 4.0/5), ’300’ (2007, Action|Fantasy|War|IMAX, Rating: 4.0/5), ’First Blood (Rambo: First Blood)’ (1982, Action|Adventure|Drama|Thriller, Rating: 4.0/5), ’Dragonheart’ (1996, Action|Adventure|Fantasy, Rating: 4.0/5)"
97146,top-rated,from the years 1967 to 2014,"genres such as Action, Adventure, Animation, Children, Comedy, Crime, Drama, Fantasy, IMAX, Musical, Romance, Sci-Fi, Thriller, War, Western","’Kung Fu Panda’ (2008, Action|Animation|Children|Comedy|IMAX, Rating: 5.0/5), ’When Harry Met Sally...’ (1989, Comedy|Romance, Rating: 5.0/5), ’Toy Story’ (1995, Adventure|Animation|Children|Comedy|Fantasy, Rating: 5.0/5), ’Shawshank Redemption, The’ (1994, Crime|Drama, Rating: 5.0/5), ’Matrix, The’ (1999, Action|Sci-Fi|Thriller, Rating: 5.0/5), ’Jungle Book, The’ (1967, Animation|Children|Comedy|Musical, Rating: 4.5/5), ’Jurassic Park’ (1993, Action|Adventure|Sci-Fi|Thriller, Rating: 4.5/5), ’Groundhog Day’ (1993, Comedy|Fantasy|Romance, Rating: 4.5/5), ’Back to the Future’ (1985, Adventure|Comedy|Sci-Fi, Rating: 4.5/5), ’Raiders of the Lost Ark (Indiana Jones and the Raiders of the Lost Ark)’ (1981, Action|Adventure, Rating: 4.5/5)"
100194,recent,from the years 1957 to 1995,"genres such as Action, Adventure, Children, Comedy, Crime, Drama, Horror, Musical, Romance, Thriller, War, Western","’Interview with the Vampire: The Vampire Chronicles’ (1994, Drama|Horror, Rating: 4.0/5), ’Bridges of Madison County, The’ (1995, Drama|Romance, Rating: 5.0/5), ’Free Willy 2: The Adventure Home’ (1995, Adventure|Children|Drama, Rating: 1.0/5), ’Natural Born Killers’ (1994, Action|Crime|Thriller, Rating: 5.0/5), ’Free Willy’ (1993, Adventure|Children|Drama, Rating: 1.0/5), ’Home Alone’ (1990, Children|Comedy, Rating: 5.0/5), ’Adventures of Pinocchio, The’ (1996, Adventure|Children, Rating: 3.0/5), ’Dances with Wolves’ (1990, Adventure|Drama|Western, Rating: 4.0/5), ’City Slickers II: The Legend of Curly's Gold’ (1994, Adventure|Comedy|Western, Rating: 3.0/5), ’D3: The Mighty Ducks’ (1996, Children|Comedy, Rating: 1.0/5)"
100194,top-rated,from the years 1957 to 1995,"genres such as Action, Adventure, Children, Comedy, Crime, Drama, Horror, Musical, Romance, Thriller, War, Western","’Bridges of Madison County, The’ (1995, Drama|Romance, Rating: 5.0/5), ’Natural Born Killers’ (1994, Action|Crime|Thriller, Rating: 5.0/5), ’Home Alone’ (1990, Children|Comedy, Rating: 5.0/5), ’Secret Garden, The’ (1993, Children|Drama, Rating: 5.0/5), ’Stuart Saves His Family’ (1995, Comedy, Rating: 5.0/5), ’Sound of Music, The’ (1965, Musical|Romance, Rating: 5.0/5), ’Grease’ (1978, Comedy|Musical|Romance, Rating: 5.0/5), ’Scarlet Letter, The’ (1995, Drama|Romance, Rating: 5.0/5), ’Old Yeller’ (1957, Children|Drama, Rating: 5.0/5), ’Forrest Gump’ (1994, Comedy|Drama|Romance|War, Rating: 5.0/5)"
100870,recent,from the years 1971 to 2000,"genres such as Action, Adventure, Children, Comedy, Crime, Drama, Fantasy, Horror, Musical, Mystery, Romance, Sci-Fi, Thriller, War","’Crouching Tiger, Hidden Dragon (Wo hu cang long)’ (2000, Action|Drama|Romance, Rating: 5.0/5), ’Down to Earth’ (2001, Comedy|Fantasy|Romance, Rating: 2.0/5), ’Wayne's World 2’ (1993, Comedy, Rating: 3.0/5), ’My Best Friend's Wedding’ (1997, Comedy|Romance, Rating: 2.0/5), ’Fly Away Home’ (1996, Adventure|Children, Rating: 4.0/5), ’Eyes Wide Shut’ (1999, Drama|Mystery|Thriller, Rating: 4.0/5), ’Unbreakable’ (2000, Drama|Sci-Fi, Rating: 5.0/5), ’Snatch’ (2000, Comedy|Crime|Thriller, Rating: 5.0/5), ’Notting Hill’ (1999, Comedy|Romance, Rating: 2.0/5), ’American Pie’ (1999, Comedy|Romance, Rating: 4.0/5)"
100870,top-rated,from the years 1971 to 2000,"genres such as Action, Adventure, Children, Comedy, Crime, Drama, Fantasy, Horror, Musical, Mystery, Romance, Sci-Fi, Thriller, War","’Crouching Tiger, Hidden Dragon (Wo hu cang long)’ (2000, Action|Drama|Romance, Rating: 5.0/5), ’Unbreakable’ (2000, Drama|Sci-Fi, Rating: 5.0/5), ’Snatch’ (2000, Comedy|Crime|Thriller, Rating: 5.0/5), ’Willy Wonka & the Chocolate Factory’ (1971, Children|Comedy|Fantasy|Musical, Rating: 5.0/5), ’Full Metal Jacket’ (1987, Drama|War, Rating: 5.0/5), ’Shining, The’ (1980, Horror, Rating: 5.0/5), ’Gandhi’ (1982, Drama, Rating: 5.0/5), ’Silence of the Lambs, The’ (1991, Crime|Horror|Thriller, Rating: 5.0/5), ’Die Hard’ (1988, Action|Crime|Thriller, Rating: 5.0/5), ’Memento’ (2000, Mystery|Thriller, Rating: 5.0/5)"
101211,recent,from the years 1931 to 2000,"genres such as Animation, Children, Comedy, Documentary, Drama, Fantasy, Horror, Mystery, Romance, Sci-Fi, Thriller, Western","’Best in Show’ (2000, Comedy, Rating: 3.0/5), ’O Brother, Where Art Thou?’ (2000, Adventure|Comedy|Crime, Rating: 3.0/5), ’You Can Count on Me’ (2000, Drama|Romance, Rating: 4.0/5), ’Almost Famous’ (2000, Drama, Rating: 4.0/5), ’Memento’ (2000, Mystery|Thriller, Rating: 5.0/5), ’Quills’ (2000, Drama|Romance, Rating: 1.0/5), ’Eyes of Tammy Faye, The’ (2000, Documentary, Rating: 4.0/5), ’Jungle Book, The’ (1967, Animation|Children|Comedy|Musical, Rating: 2.0/5), ’Hans Christian Andersen’ (1952, Children|Musical, Rating: 3.0/5), ’Cinderella’ (1950, Animation|Children|Fantasy|Musical|Romance, Rating: 3.0/5)"
101211,top-rated,from the years 1931 to 2000,"genres such as Animation, Children, Comedy, Documentary, Drama, Fantasy, Horror, Mystery, Romance, Sci-Fi, Thriller, Western","’Memento’ (2000, Mystery|Thriller, Rating: 5.0/5), ’City Lights’ (1931, Comedy|Drama|Romance, Rating: 5.0/5), ’Invasion of the Body Snatchers’ (1956, Horror|Sci-Fi|Thriller, Rating: 5.0/5), ’Some Folks Call It a Sling Blade’ (1993, Drama|Thriller, Rating: 5.0/5), ’Chicken Run’ (2000, Animation|Children|Comedy, Rating: 5.0/5), ’Color of Paradise, The (Rang-e khoda)’ (1999, Drama, Rating: 5.0/5), ’High Noon’ (1952, Drama|Western, Rating: 5.0/5), ’Room with a View, A’ (1986, Drama|Romance, Rating: 5.0/5), ’Last Emperor, The’ (1987, Drama, Rating: 5.0/5), ’It's a Wonderful Life’ (1946, Drama|Fantasy|Romance, Rating: 5.0/5)"
102160,recent,from the years 1968 to 1995,"genres such as Action, Adventure, Comedy, Crime, Documentary, Drama, Film-Noir, Horror, Musical, Romance, Sci-Fi, Thriller, War","’Stop Making Sense’ (1984, Documentary|Musical, Rating: 5.0/5), ’King of New York’ (1990, Crime|Thriller, Rating: 5.0/5), ’Great Expectations’ (1998, Drama|Romance, Rating: 2.0/5), ’Notting Hill’ (1999, Comedy|Romance, Rating: 1.0/5), ’Brothers McMullen, The’ (1995, Comedy, Rating: 2.0/5), ’Beyond Rangoon’ (1995, Adventure|Drama|War, Rating: 2.0/5), ’Batman & Robin’ (1997, Action|Adventure|Fantasy|Thriller, Rating: 1.0/5), ’Bitter Moon’ (1992, Drama|Film-Noir|Romance, Rating: 5.0/5), ’Bad Company’ (1995, Action|Crime|Drama, Rating: 4.0/5), ’Blade Runner’ (1982, Action|Sci-Fi|Thriller, Rating: 5.0/5)"
102160,top-rated,from the years 1968 to 1995,"genres such as Action, Adventure, Comedy, Crime, Documentary, Drama, Film-Noir, Horror, Musical, Romance, Sci-Fi, Thriller, War","’Stop Making Sense’ (1984, Documentary|Musical, Rating: 5.0/5), ’King of New York’ (1990, Crime|Thriller, Rating: 5.0/5), ’Bitter Moon’ (1992, Drama|Film-Noir|Romance, Rating: 5.0/5), ’Blade Runner’ (1982, Action|Sci-Fi|Thriller, Rating: 5.0/5), ’2001: A Space Odyssey’ (1968, Adventure|Drama|Sci-Fi, Rating: 5.0/5), ’Amadeus’ (1984, Drama, Rating: 5.0/5), ’Pulp Fiction’ (1994, Comedy|Crime|Drama|Thriller, Rating: 5.0/5), ’Alien’ (1979, Horror|Sci-Fi, Rating: 5.0/5), ’Broadcast News’ (1987, Comedy|Drama|Romance, Rating: 5.0/5), ’Apocalypse Now’ (1979, Action|Drama|War, Rating: 5.0/5)"
102384,recent,from the years 2001 to 2002,"genres such as Action, Comedy, Crime, Documentary, Drama, Fantasy, Romance, Thriller, War","’Pornstar: The Legend of Ron Jeremy’ (2001, Documentary, Rating: 5.0/5), ’Not Another Teen Movie’ (2001, Comedy, Rating: 5.0/5), ’Royal Tenenbaums, The’ (2001, Comedy|Drama, Rating: 5.0/5), ’Kung Pow: Enter the Fist’ (2002, Action|Comedy, Rating: 5.0/5), ’Ali’ (2001, Drama, Rating: 5.0/5), ’I Am Sam’ (2001, Drama, Rating: 5.0/5), ’Heist’ (2001, Crime|Drama, Rating: 4.0/5), ’Shallow Hal’ (2001, Comedy|Fantasy|Romance, Rating: 5.0/5), ’Orange County’ (2002, Comedy, Rating: 5.0/5), ’Spy Game’ (2001, Action|Crime|Drama|Thriller, Rating: 5.0/5)"
102384,top-rated,from the years 2001 to 2002,"genres such as Action, Comedy, Crime, Documentary, Drama, Fantasy, Romance, Thriller, War","’Pornstar: The Legend of Ron Jeremy’ (2001, Documentary, Rating: 5.0/5), ’Not Another Teen Movie’ (2001, Comedy, Rating: 5.0/5), ’Royal Tenenbaums, The’ (2001, Comedy|Drama, Rating: 5.0/5), ’Kung Pow: Enter the Fist’ (2002, Action|Comedy, Rating: 5.0/5), ’Ali’ (2001, Drama, Rating: 5.0/5), ’I Am Sam’ (2001, Drama, Rating: 5.0/5), ’Shallow Hal’ (2001, Comedy|Fantasy|Romance, Rating: 5.0/5), ’Orange County’ (2002, Comedy, Rating: 5.0/5), ’Spy Game’ (2001, Action|Crime|Drama|Thriller, Rating: 5.0/5), ’Behind Enemy Lines’ (2001, Action|Drama|War, Rating: 5.0/5)"
102745,recent,from the years 1990 to 1995,"genres such as Action, Adventure, Children, Comedy, Crime, Drama, Fantasy, Mystery, Romance, Sci-Fi, Thriller, War","’Client, The’ (1994, Drama|Mystery|Thriller, Rating: 4.0/5), ’Four Weddings and a Funeral’ (1994, Comedy|Romance, Rating: 4.0/5), ’Santa Clause, The’ (1994, Comedy|Drama|Fantasy, Rating: 3.0/5), ’Beverly Hills Cop III’ (1994, Action|Comedy|Crime|Thriller, Rating: 4.0/5), ’Schindler's List’ (1993, Drama|War, Rating: 5.0/5), ’Sleepless in Seattle’ (1993, Comedy|Drama|Romance, Rating: 5.0/5), ’Get Shorty’ (1995, Comedy|Crime|Thriller, Rating: 4.0/5), ’Home Alone’ (1990, Children|Comedy, Rating: 3.0/5), ’Ghost’ (1990, Comedy|Drama|Fantasy|Romance|Thriller, Rating: 5.0/5), ’Pretty Woman’ (1990, Comedy|Romance, Rating: 5.0/5)"
102745,top-rated,from the years 1990 to 1995,"genres such as Action, Adventure, Children, Comedy, Crime, Drama, Fantasy, Mystery, Romance, Sci-Fi, Thriller, War","’Schindler's List’ (1993, Drama|War, Rating: 5.0/5), ’Sleepless in Seattle’ (1993, Comedy|Drama|Romance, Rating: 5.0/5), ’Ghost’ (1990, Comedy|Drama|Fantasy|Romance|Thriller, Rating: 5.0/5), ’Pretty Woman’ (1990, Comedy|Romance, Rating: 5.0/5), ’Speed’ (1994, Action|Romance|Thriller, Rating: 5.0/5), ’Mrs. Doubtfire’ (1993, Comedy|Drama, Rating: 5.0/5), ’Babe’ (1995, Children|Drama, Rating: 5.0/5), ’Jurassic Park’ (1993, Action|Adventure|Sci-Fi|Thriller, Rating: 5.0/5), ’While You Were Sleeping’ (1995, Comedy|Romance, Rating: 5.0/5), ’Shawshank Redemption, The’ (1994, Crime|Drama, Rating: 5.0/5)"
103725,recent,from the years 1940 to 1993,"genres such as Action, Adventure, Comedy, Crime, Drama, Film-Noir, Mystery, Romance, Sci-Fi, Thriller","’Miami Blues’ (1990, Comedy|Crime|Drama, Rating: 5.0/5), ’Newton Boys, The’ (1998, Crime|Drama, Rating: 2.0/5), ’Commitments, The’ (1991, Comedy|Drama|Musical, Rating: 3.0/5), ’Faraway, So Close (In weiter Ferne, so nah!)’ (1993, Drama|Fantasy|Mystery|Romance, Rating: 2.0/5), ’Angels and Insects’ (1995, Drama|Romance, Rating: 2.0/5), ’English Patient, The’ (1996, Drama|Romance|War, Rating: 2.5/5), ’Star Wars: Episode I - The Phantom Menace’ (1999, Action|Adventure|Sci-Fi, Rating: 2.0/5), ’Cliffhanger’ (1993, Action|Adventure|Thriller, Rating: 5.0/5), ’Star Wars: Episode V - The Empire Strikes Back’ (1980, Action|Adventure|Sci-Fi, Rating: 5.0/5), ’Dances with Wolves’ (1990, Adventure|Drama|Western, Rating: 2.0/5)"
103725,top-rated,from the years 1940 to 1993,"genres such as Action, Adventure, Comedy, Crime, Drama, Film-Noir, Mystery, Romance, Sci-Fi, Thriller","’Miami Blues’ (1990, Comedy|Crime|Drama, Rating: 5.0/5), ’Cliffhanger’ (1993, Action|Adventure|Thriller, Rating: 5.0/5), ’Star Wars: Episode V - The Empire Strikes Back’ (1980, Action|Adventure|Sci-Fi, Rating: 5.0/5), ’Star Wars: Episode IV - A New Hope’ (1977, Action|Adventure|Sci-Fi, Rating: 5.0/5), ’Notorious’ (1946, Film-Noir|Romance|Thriller, Rating: 5.0/5), ’Philadelphia Story, The’ (1940, Comedy|Drama|Romance, Rating: 5.0/5), ’Blade Runner’ (1982, Action|Sci-Fi|Thriller, Rating: 5.0/5), ’Sunset Blvd. (a.k.a. Sunset Boulevard)’ (1950, Drama|Film-Noir|Romance, Rating: 5.0/5), ’Chinatown’ (1974, Crime|Film-Noir|Mystery|Thriller, Rating: 5.0/5), ’Sweet Smell of Success’ (1957, Drama|Film-Noir, Rating: 5.0/5)"
104754,recent,from the years 1950 to 1999,"genres such as Action, Adventure, Comedy, Crime, Drama, Film-Noir, Musical, Mystery, Romance, Thriller, War","’Thelma & Louise’ (1991, Adventure|Crime|Drama, Rating: 5.0/5), ’Muppet Movie, The’ (1979, Adventure|Children|Comedy|Musical, Rating: 3.0/5), ’Muppets Take Manhattan, The’ (1984, Children|Comedy|Musical, Rating: 3.0/5), ’Lord of the Flies’ (1963, Adventure|Drama|Thriller, Rating: 4.0/5), ’Grumpy Old Men’ (1993, Comedy, Rating: 4.0/5), ’Eyes of Laura Mars’ (1978, Mystery|Thriller, Rating: 4.0/5), ’Good Morning, Vietnam’ (1987, Comedy|Drama|War, Rating: 4.0/5), ’Mickey Blue Eyes’ (1999, Comedy|Romance, Rating: 4.0/5), ’Drop Dead Gorgeous’ (1999, Comedy, Rating: 1.0/5), ’Runaway Bride’ (1999, Comedy|Romance, Rating: 4.0/5)"
104754,top-rated,from the years 1950 to 1999,"genres such as Action, Adventure, Comedy, Crime, Drama, Film-Noir, Musical, Mystery, Romance, Thriller, War","’Thelma & Louise’ (1991, Adventure|Crime|Drama, Rating: 5.0/5), ’My Life So Far’ (1999, Drama, Rating: 5.0/5), ’Thomas Crown Affair, The’ (1999, Action|Mystery, Rating: 5.0/5), ’Magnolia’ (1999, Drama, Rating: 5.0/5), ’Amadeus’ (1984, Drama, Rating: 5.0/5), ’Singin' in the Rain’ (1952, Comedy|Musical|Romance, Rating: 5.0/5), ’Sunset Blvd. (a.k.a. Sunset Boulevard)’ (1950, Drama|Film-Noir|Romance, Rating: 5.0/5), ’Who's Afraid of Virginia Woolf?’ (1966, Drama, Rating: 5.0/5), ’Schindler's List’ (1993, Drama|War, Rating: 5.0/5), ’Rear Window’ (1954, Mystery|Thriller, Rating: 5.0/5)"
104787,recent,from the years 1991 to 2004,"genres such as Action, Adventure, Comedy, Crime, Drama, Fantasy, Musical, Mystery, Romance, Thriller, War","’Ray’ (2004, Drama, Rating: 4.0/5), ’De-Lovely’ (2004, Drama|Musical, Rating: 3.5/5), ’In Good Company’ (2004, Comedy|Drama, Rating: 4.0/5), ’Million Dollar Baby’ (2004, Drama, Rating: 4.5/5), ’Odd Couple, The’ (1968, Comedy, Rating: 3.0/5), ’What About Bob?’ (1991, Comedy, Rating: 4.5/5), ’Beverly Hills Cop’ (1984, Action|Comedy|Crime|Drama, Rating: 3.5/5), ’Mars Attacks!’ (1996, Action|Comedy|Sci-Fi, Rating: 3.0/5), ’Back to the Future Part II’ (1989, Adventure|Comedy|Sci-Fi, Rating: 2.5/5), ’Starship Troopers’ (1997, Action|Sci-Fi, Rating: 3.0/5)"
104787,top-rated,from the years 1991 to 2004,"genres such as Action, Adventure, Comedy, Crime, Drama, Fantasy, Musical, Mystery, Romance, Thriller, War","’Cold Mountain’ (2003, Drama|Romance|War, Rating: 5.0/5), ’Big Fish’ (2003, Drama|Fantasy|Romance, Rating: 5.0/5), ’Seabiscuit’ (2003, Drama, Rating: 5.0/5), ’Lord of the Rings: The Return of the King, The’ (2003, Action|Adventure|Drama|Fantasy, Rating: 5.0/5), ’Garden State’ (2004, Comedy|Drama|Romance, Rating: 5.0/5), ’Chicago’ (2002, Comedy|Crime|Drama|Musical, Rating: 5.0/5), ’About Schmidt’ (2002, Comedy|Drama, Rating: 5.0/5), ’One Hour Photo’ (2002, Drama|Thriller, Rating: 5.0/5), ’Harry Potter and the Chamber of Secrets’ (2002, Adventure|Fantasy, Rating: 5.0/5), ’Bourne Identity, The’ (2002, Action|Mystery|Thriller, Rating: 5.0/5)"
105122,recent,from the years 1991 to 1995,"genres such as Action, Animation, Children, Comedy, Crime, Drama, Fantasy, IMAX, Musical, Mystery, Romance, Thriller, War","’Nine Months’ (1995, Comedy|Romance, Rating: 3.0/5), ’Sense and Sensibility’ (1995, Drama|Romance, Rating: 5.0/5), ’What's Eating Gilbert Grape’ (1993, Drama, Rating: 5.0/5), ’French Kiss’ (1995, Action|Comedy|Romance, Rating: 4.0/5), ’Philadelphia’ (1993, Drama, Rating: 4.0/5), ’Piano, The’ (1993, Drama|Romance, Rating: 5.0/5), ’Client, The’ (1994, Drama|Mystery|Thriller, Rating: 4.0/5), ’Four Weddings and a Funeral’ (1994, Comedy|Romance, Rating: 5.0/5), ’Get Shorty’ (1995, Comedy|Crime|Thriller, Rating: 3.0/5), ’Usual Suspects, The’ (1995, Crime|Mystery|Thriller, Rating: 5.0/5)"
105122,top-rated,from the years 1991 to 1995,"genres such as Action, Animation, Children, Comedy, Crime, Drama, Fantasy, IMAX, Musical, Mystery, Romance, Thriller, War","’Sense and Sensibility’ (1995, Drama|Romance, Rating: 5.0/5), ’What's Eating Gilbert Grape’ (1993, Drama, Rating: 5.0/5), ’Piano, The’ (1993, Drama|Romance, Rating: 5.0/5), ’Four Weddings and a Funeral’ (1994, Comedy|Romance, Rating: 5.0/5), ’Usual Suspects, The’ (1995, Crime|Mystery|Thriller, Rating: 5.0/5), ’Addams Family Values’ (1993, Children|Comedy|Fantasy, Rating: 5.0/5), ’Seven (a.k.a. Se7en)’ (1995, Mystery|Thriller, Rating: 5.0/5), ’Natural Born Killers’ (1994, Action|Crime|Thriller, Rating: 5.0/5), ’Forrest Gump’ (1994, Comedy|Drama|Romance|War, Rating: 5.0/5), ’Beauty and the Beast’ (1991, Animation|Children|Fantasy|Musical|Romance|IMAX, Rating: 5.0/5)"
105614,recent,from the years 1977 to 2000,"genres such as Action, Adventure, Comedy, Crime, Drama, Horror, Mystery, Sci-Fi, Thriller","’Twelve Monkeys (a.k.a. 12 Monkeys)’ (1995, Mystery|Sci-Fi|Thriller, Rating: 4.0/5), ’Contact’ (1997, Drama|Sci-Fi, Rating: 4.0/5), ’Back to the Future’ (1985, Adventure|Comedy|Sci-Fi, Rating: 5.0/5), ’Close Encounters of the Third Kind’ (1977, Adventure|Drama|Sci-Fi, Rating: 5.0/5), ’Rules of Engagement’ (2000, Drama|Thriller, Rating: 5.0/5), ’Fear’ (1996, Thriller, Rating: 2.0/5), ’Absolute Power’ (1997, Mystery|Thriller, Rating: 5.0/5), ’Ransom’ (1996, Crime|Thriller, Rating: 5.0/5), ’Ronin’ (1998, Action|Crime|Thriller, Rating: 5.0/5), ’Arlington Road’ (1999, Thriller, Rating: 5.0/5)"
105614,top-rated,from the years 1977 to 2000,"genres such as Action, Adventure, Comedy, Crime, Drama, Horror, Mystery, Sci-Fi, Thriller","’Back to the Future’ (1985, Adventure|Comedy|Sci-Fi, Rating: 5.0/5), ’Close Encounters of the Third Kind’ (1977, Adventure|Drama|Sci-Fi, Rating: 5.0/5), ’Rules of Engagement’ (2000, Drama|Thriller, Rating: 5.0/5), ’Absolute Power’ (1997, Mystery|Thriller, Rating: 5.0/5), ’Ransom’ (1996, Crime|Thriller, Rating: 5.0/5), ’Ronin’ (1998, Action|Crime|Thriller, Rating: 5.0/5), ’Arlington Road’ (1999, Thriller, Rating: 5.0/5), ’Thirteenth Floor, The’ (1999, Drama|Sci-Fi|Thriller, Rating: 5.0/5), ’Negotiator, The’ (1998, Action|Crime|Drama|Mystery|Thriller, Rating: 5.0/5), ’Poltergeist’ (1982, Horror|Thriller, Rating: 5.0/5)"
105618,recent,from the years 1964 to 2006,"genres such as Action, Adventure, Comedy, Crime, Drama, Fantasy, Film-Noir, Horror, Mystery, Romance, Sci-Fi, Thriller, War","’Inland Empire’ (2006, Drama|Mystery|Thriller, Rating: 5.0/5), ’Beyond the Valley of the Dolls’ (1970, Comedy|Horror, Rating: 4.5/5), ’Zed & Two Noughts, A’ (1985, Drama, Rating: 5.0/5), ’Elizabeth’ (1998, Drama, Rating: 4.0/5), ’Bottle Rocket’ (1996, Adventure|Comedy|Crime|Romance, Rating: 4.5/5), ’Charlie's Angels’ (2000, Action|Comedy, Rating: 3.5/5), ’Groundhog Day’ (1993, Comedy|Fantasy|Romance, Rating: 4.5/5), ’Superman’ (1978, Action|Adventure|Sci-Fi, Rating: 1.0/5), ’Glengarry Glen Ross’ (1992, Drama, Rating: 4.5/5), ’Who's Afraid of Virginia Woolf?’ (1966, Drama, Rating: 5.0/5)"
105618,top-rated,from the years 1964 to 2006,"genres such as Action, Adventure, Comedy, Crime, Drama, Fantasy, Film-Noir, Horror, Mystery, Romance, Sci-Fi, Thriller, War","’Inland Empire’ (2006, Drama|Mystery|Thriller, Rating: 5.0/5), ’Zed & Two Noughts, A’ (1985, Drama, Rating: 5.0/5), ’Who's Afraid of Virginia Woolf?’ (1966, Drama, Rating: 5.0/5), ’Book of Life, The’ (1998, Comedy|Fantasy, Rating: 5.0/5), ’Apocalypse Now’ (1979, Action|Drama|War, Rating: 5.0/5), ’Dr. Strangelove or: How I Learned to Stop Worrying and Love the Bomb’ (1964, Comedy|War, Rating: 5.0/5), ’Brazil’ (1985, Fantasy|Sci-Fi, Rating: 5.0/5), ’Merchant of Venice, The’ (2004, Drama, Rating: 5.0/5), ’Mulholland Drive’ (2001, Crime|Drama|Film-Noir|Mystery|Thriller, Rating: 5.0/5), ’Wings of Desire (Himmel über Berlin, Der)’ (1987, Drama|Fantasy|Romance, Rating: 5.0/5)"
106048,recent,from the years 1939 to 1998,"genres such as Action, Adventure, Children, Comedy, Drama, Fantasy, Musical, Romance, Sci-Fi, War","’Adventures of Milo and Otis, The (Koneko monogatari)’ (1986, Adventure|Children|Comedy|Drama, Rating: 4.0/5), ’101 Dalmatians’ (1996, Adventure|Children|Comedy, Rating: 4.0/5), ’Homeward Bound II: Lost in San Francisco’ (1996, Adventure|Children, Rating: 4.0/5), ’Little Princess, The’ (1939, Children|Drama, Rating: 4.0/5), ’Old Yeller’ (1957, Children|Drama, Rating: 4.0/5), ’Homeward Bound: The Incredible Journey’ (1993, Adventure|Children|Drama, Rating: 4.0/5), ’2001: A Space Odyssey’ (1968, Adventure|Drama|Sci-Fi, Rating: 1.0/5), ’Rescuers, The’ (1977, Adventure|Animation|Children|Crime|Drama, Rating: 3.0/5), ’Condorman’ (1981, Action|Adventure|Children|Comedy, Rating: 2.0/5), ’Million Dollar Duck, The (a.k.a. $1,000,000 Duck)’ (1971, Children|Comedy, Rating: 4.0/5)"
106048,top-rated,from the years 1939 to 1998,"genres such as Action, Adventure, Children, Comedy, Drama, Fantasy, Musical, Romance, Sci-Fi, War","’Harvey’ (1950, Comedy|Fantasy, Rating: 5.0/5), ’Philadelphia Story, The’ (1940, Comedy|Drama|Romance, Rating: 5.0/5), ’South Pacific’ (1958, Musical|Romance|War, Rating: 5.0/5), ’King and I, The’ (1956, Drama|Musical|Romance, Rating: 5.0/5), ’Singin' in the Rain’ (1952, Comedy|Musical|Romance, Rating: 5.0/5), ’Muppet Christmas Carol, The’ (1992, Children|Comedy|Musical, Rating: 5.0/5), ’Holiday Inn’ (1942, Comedy|Musical, Rating: 5.0/5), ’Saving Private Ryan’ (1998, Action|Drama|War, Rating: 5.0/5), ’Star Wars: Episode V - The Empire Strikes Back’ (1980, Action|Adventure|Sci-Fi, Rating: 5.0/5), ’Mask of Zorro, The’ (1998, Action|Comedy|Romance, Rating: 5.0/5)"
106163,recent,from the years 1976 to 1995,"genres such as Action, Adventure, Comedy, Crime, Drama, Romance, Sci-Fi, Thriller, War, Western","’Powder’ (1995, Drama|Sci-Fi, Rating: 4.0/5), ’Jumanji’ (1995, Adventure|Children|Fantasy, Rating: 3.0/5), ’Twister’ (1996, Action|Adventure|Romance|Thriller, Rating: 3.0/5), ’Taxi Driver’ (1976, Crime|Drama|Thriller, Rating: 5.0/5), ’City Slickers II: The Legend of Curly's Gold’ (1994, Adventure|Comedy|Western, Rating: 3.0/5), ’Specialist, The’ (1994, Action|Drama|Thriller, Rating: 3.0/5), ’Coneheads’ (1993, Comedy|Sci-Fi, Rating: 3.0/5), ’Ace Ventura: When Nature Calls’ (1995, Comedy, Rating: 3.0/5), ’Beverly Hills Cop III’ (1994, Action|Comedy|Crime|Thriller, Rating: 3.0/5), ’Congo’ (1995, Action|Adventure|Mystery|Sci-Fi, Rating: 1.0/5)"
106163,top-rated,from the years 1976 to 1995,"genres such as Action, Adventure, Comedy, Crime, Drama, Romance, Sci-Fi, Thriller, War, Western","’Taxi Driver’ (1976, Crime|Drama|Thriller, Rating: 5.0/5), ’Legends of the Fall’ (1994, Drama|Romance|War|Western, Rating: 5.0/5), ’Braveheart’ (1995, Action|Drama|War, Rating: 5.0/5), ’Shawshank Redemption, The’ (1994, Crime|Drama, Rating: 5.0/5), ’Powder’ (1995, Drama|Sci-Fi, Rating: 4.0/5), ’Get Shorty’ (1995, Comedy|Crime|Thriller, Rating: 4.0/5), ’Natural Born Killers’ (1994, Action|Crime|Thriller, Rating: 4.0/5), ’Star Trek: Generations’ (1994, Adventure|Drama|Sci-Fi, Rating: 4.0/5), ’Batman Forever’ (1995, Action|Adventure|Comedy|Crime, Rating: 4.0/5), ’Batman’ (1989, Action|Crime|Thriller, Rating: 4.0/5)"
107118,recent,from the years 1969 to 2004,"genres such as Action, Adventure, Animation, Children, Comedy, Crime, Drama, Fantasy, IMAX, Musical, Sci-Fi, Thriller, War, Western","’Gladiator’ (2000, Action|Adventure|Drama, Rating: 5.0/5), ’Pirates of the Caribbean: The Curse of the Black Pearl’ (2003, Action|Adventure|Comedy|Fantasy, Rating: 4.5/5), ’Catch Me If You Can’ (2002, Crime|Drama, Rating: 4.5/5), ’Saving Private Ryan’ (1998, Action|Drama|War, Rating: 4.0/5), ’Fugitive, The’ (1993, Thriller, Rating: 4.0/5), ’Raiders of the Lost Ark (Indiana Jones and the Raiders of the Lost Ark)’ (1981, Action|Adventure, Rating: 4.5/5), ’Lion King, The’ (1994, Adventure|Animation|Children|Drama|Musical|IMAX, Rating: 4.0/5), ’Shrek’ (2001, Adventure|Animation|Children|Comedy|Fantasy|Romance, Rating: 3.5/5), ’South Park: Bigger, Longer and Uncut’ (1999, Animation|Comedy|Musical, Rating: 3.5/5), ’Iron Giant, The’ (1999, Adventure|Animation|Children|Drama|Sci-Fi, Rating: 5.0/5)"
107118,top-rated,from the years 1969 to 2004,"genres such as Action, Adventure, Animation, Children, Comedy, Crime, Drama, Fantasy, IMAX, Musical, Sci-Fi, Thriller, War, Western","’Gladiator’ (2000, Action|Adventure|Drama, Rating: 5.0/5), ’Iron Giant, The’ (1999, Adventure|Animation|Children|Drama|Sci-Fi, Rating: 5.0/5), ’Pirates of the Caribbean: The Curse of the Black Pearl’ (2003, Action|Adventure|Comedy|Fantasy, Rating: 4.5/5), ’Catch Me If You Can’ (2002, Crime|Drama, Rating: 4.5/5), ’Raiders of the Lost Ark (Indiana Jones and the Raiders of the Lost Ark)’ (1981, Action|Adventure, Rating: 4.5/5), ’Incredibles, The’ (2004, Action|Adventure|Animation|Children|Comedy, Rating: 4.5/5), ’Saving Private Ryan’ (1998, Action|Drama|War, Rating: 4.0/5), ’Fugitive, The’ (1993, Thriller, Rating: 4.0/5), ’Lion King, The’ (1994, Adventure|Animation|Children|Drama|Musical|IMAX, Rating: 4.0/5), ’Butch Cassidy and the Sundance Kid’ (1969, Action|Western, Rating: 4.0/5)"
107185,recent,from the years 1990 to 2000,"genres such as Adventure, Comedy, Crime, Drama, Romance, Thriller, War, Western","’Toy Story’ (1995, Adventure|Animation|Children|Comedy|Fantasy, Rating: 3.5/5), ’Braveheart’ (1995, Action|Drama|War, Rating: 3.0/5), ’Dances with Wolves’ (1990, Adventure|Drama|Western, Rating: 4.0/5), ’Forrest Gump’ (1994, Comedy|Drama|Romance|War, Rating: 4.5/5), ’Silence of the Lambs, The’ (1991, Crime|Horror|Thriller, Rating: 3.5/5), ’Pulp Fiction’ (1994, Comedy|Crime|Drama|Thriller, Rating: 5.0/5), ’Pinocchio’ (1940, Animation|Children|Fantasy|Musical, Rating: 3.0/5), ’Splash’ (1984, Comedy|Fantasy|Romance, Rating: 2.5/5), ’Striptease’ (1996, Comedy|Crime, Rating: 2.5/5), ’Lawrence of Arabia’ (1962, Adventure|Drama|War, Rating: 1.5/5)"
107185,top-rated,from the years 1990 to 2000,"genres such as Adventure, Comedy, Crime, Drama, Romance, Thriller, War, Western","’Pulp Fiction’ (1994, Comedy|Crime|Drama|Thriller, Rating: 5.0/5), ’High Fidelity’ (2000, Comedy|Drama|Romance, Rating: 5.0/5), ’Forrest Gump’ (1994, Comedy|Drama|Romance|War, Rating: 4.5/5), ’Dances with Wolves’ (1990, Adventure|Drama|Western, Rating: 4.0/5), ’Kingpin’ (1996, Comedy, Rating: 4.0/5), ’Toy Story’ (1995, Adventure|Animation|Children|Comedy|Fantasy, Rating: 3.5/5), ’Silence of the Lambs, The’ (1991, Crime|Horror|Thriller, Rating: 3.5/5), ’Sneakers’ (1992, Action|Comedy|Crime|Drama|Sci-Fi, Rating: 3.5/5), ’Liar Liar’ (1997, Comedy, Rating: 3.5/5), ’Braveheart’ (1995, Action|Drama|War, Rating: 3.0/5)"
108093,recent,from the years 1939 to 1993,"genres such as Action, Adventure, Children, Drama, Fantasy, Musical, Mystery, Romance, Sci-Fi, Thriller, War","’Star Wars: Episode IV - A New Hope’ (1977, Action|Adventure|Sci-Fi, Rating: 5.0/5), ’Arsenic and Old Lace’ (1944, Comedy|Mystery|Thriller, Rating: 1.0/5), ’To Kill a Mockingbird’ (1962, Drama, Rating: 5.0/5), ’Citizen Kane’ (1941, Drama|Mystery, Rating: 1.0/5), ’To Catch a Thief’ (1955, Crime|Mystery|Romance|Thriller, Rating: 3.0/5), ’North by Northwest’ (1959, Action|Adventure|Mystery|Romance|Thriller, Rating: 4.0/5), ’Wizard of Oz, The’ (1939, Adventure|Children|Fantasy|Musical, Rating: 5.0/5), ’All About Eve’ (1950, Drama, Rating: 5.0/5), ’Lawrence of Arabia’ (1962, Adventure|Drama|War, Rating: 1.0/5), ’Bridge on the River Kwai, The’ (1957, Adventure|Drama|War, Rating: 5.0/5)"
108093,top-rated,from the years 1939 to 1993,"genres such as Action, Adventure, Children, Drama, Fantasy, Musical, Mystery, Romance, Sci-Fi, Thriller, War","’Star Wars: Episode IV - A New Hope’ (1977, Action|Adventure|Sci-Fi, Rating: 5.0/5), ’To Kill a Mockingbird’ (1962, Drama, Rating: 5.0/5), ’Wizard of Oz, The’ (1939, Adventure|Children|Fantasy|Musical, Rating: 5.0/5), ’All About Eve’ (1950, Drama, Rating: 5.0/5), ’Bridge on the River Kwai, The’ (1957, Adventure|Drama|War, Rating: 5.0/5), ’Stalag 17’ (1953, Drama|War, Rating: 5.0/5), ’Schindler's List’ (1993, Drama|War, Rating: 5.0/5), ’It's a Wonderful Life’ (1946, Drama|Fantasy|Romance, Rating: 5.0/5), ’Best Years of Our Lives, The’ (1946, Drama|War, Rating: 5.0/5), ’Rear Window’ (1954, Mystery|Thriller, Rating: 5.0/5)"
108271,recent,from the years 1975 to 2000,"genres such as Action, Adventure, Animation, Children, Comedy, Crime, Drama, Fantasy, Horror, IMAX, Musical, Mystery, Sci-Fi","’eXistenZ’ (1999, Action|Sci-Fi|Thriller, Rating: 3.0/5), ’Wild Wild West’ (1999, Action|Comedy|Sci-Fi|Western, Rating: 1.0/5), ’Who Framed Roger Rabbit?’ (1988, Adventure|Animation|Children|Comedy|Crime|Fantasy|Mystery, Rating: 2.0/5), ’X-Men’ (2000, Action|Adventure|Sci-Fi, Rating: 5.0/5), ’What Lies Beneath’ (2000, Drama|Horror|Mystery, Rating: 3.0/5), ’Thirteenth Floor, The’ (1999, Drama|Sci-Fi|Thriller, Rating: 1.0/5), ’Superstar’ (1999, Comedy, Rating: 1.0/5), ’Stuart Little’ (1999, Children|Comedy|Fantasy, Rating: 2.0/5), ’South Park: Bigger, Longer and Uncut’ (1999, Animation|Comedy|Musical, Rating: 3.0/5), ’Sixth Sense, The’ (1999, Drama|Horror|Mystery, Rating: 5.0/5)"
108271,top-rated,from the years 1975 to 2000,"genres such as Action, Adventure, Animation, Children, Comedy, Crime, Drama, Fantasy, Horror, IMAX, Musical, Mystery, Sci-Fi","’X-Men’ (2000, Action|Adventure|Sci-Fi, Rating: 5.0/5), ’Sixth Sense, The’ (1999, Drama|Horror|Mystery, Rating: 5.0/5), ’Ghostbusters (a.k.a. Ghost Busters)’ (1984, Action|Comedy|Sci-Fi, Rating: 5.0/5), ’Fantasia 2000’ (1999, Animation|Children|Musical|IMAX, Rating: 5.0/5), ’Big Lebowski, The’ (1998, Comedy|Crime, Rating: 5.0/5), ’Christmas Story, A’ (1983, Children|Comedy, Rating: 5.0/5), ’O Brother, Where Art Thou?’ (2000, Adventure|Comedy|Crime, Rating: 5.0/5), ’Monty Python and the Holy Grail’ (1975, Adventure|Comedy|Fantasy, Rating: 5.0/5), ’Star Wars: Episode V - The Empire Strikes Back’ (1980, Action|Adventure|Sci-Fi, Rating: 5.0/5), ’Grumpy Old Men’ (1993, Comedy, Rating: 5.0/5)"
109001,recent,from the years 1976 to 2007,"genres such as Action, Adventure, Animation, Children, Comedy, Crime, Drama, Fantasy, Mystery, Romance, Sci-Fi, Thriller, War","’WALL·E’ (2008, Adventure|Animation|Children|Romance|Sci-Fi, Rating: 3.0/5), ’Eternal Sunshine of the Spotless Mind’ (2004, Drama|Romance|Sci-Fi, Rating: 4.5/5), ’Counterfeiters, The (Die Fälscher)’ (2007, Crime|Drama|War, Rating: 5.0/5), ’Amelie (Fabuleux destin d'Amélie Poulain, Le)’ (2001, Comedy|Romance, Rating: 5.0/5), ’American History X’ (1998, Crime|Drama, Rating: 5.0/5), ’12 Angry Men’ (1957, Drama, Rating: 3.5/5), ’Blood Diamond’ (2006, Action|Adventure|Crime|Drama|Thriller|War, Rating: 3.0/5), ’Michael Clayton’ (2007, Drama|Thriller, Rating: 3.5/5), ’Machinist, The (Maquinista, El)’ (2004, Mystery|Thriller, Rating: 4.0/5), ’Eastern Promises’ (2007, Crime|Drama|Thriller, Rating: 4.0/5)"
109001,top-rated,from the years 1976 to 2007,"genres such as Action, Adventure, Animation, Children, Comedy, Crime, Drama, Fantasy, Mystery, Romance, Sci-Fi, Thriller, War","’Counterfeiters, The (Die Fälscher)’ (2007, Crime|Drama|War, Rating: 5.0/5), ’Amelie (Fabuleux destin d'Amélie Poulain, Le)’ (2001, Comedy|Romance, Rating: 5.0/5), ’American History X’ (1998, Crime|Drama, Rating: 5.0/5), ’Joint Security Area (Gongdong gyeongbi guyeok JSA)’ (2000, Crime|Drama|Mystery|Thriller|War, Rating: 5.0/5), ’Pan's Labyrinth (Laberinto del fauno, El)’ (2006, Drama|Fantasy|Thriller, Rating: 5.0/5), ’Taxi Driver’ (1976, Crime|Drama|Thriller, Rating: 5.0/5), ’American Beauty’ (1999, Comedy|Drama, Rating: 5.0/5), ’Star Wars: Episode V - The Empire Strikes Back’ (1980, Action|Adventure|Sci-Fi, Rating: 5.0/5), ’Fargo’ (1996, Comedy|Crime|Drama|Thriller, Rating: 5.0/5), ’Toy Story’ (1995, Adventure|Animation|Children|Comedy|Fantasy, Rating: 5.0/5)"
110588,recent,from the years 1933 to 2014,"genres such as Action, Comedy, Crime, Drama, Horror, Musical, Mystery, Romance, Sci-Fi, Thriller, War","’Olive Kitteridge’ (2014, Drama, Rating: 4.0/5), ’Amour’ (2012, Drama|Romance, Rating: 3.0/5), ’Memories of Murder (Salinui chueok)’ (2003, Crime|Drama|Mystery|Thriller, Rating: 4.0/5), ’12 Years a Slave’ (2013, Drama, Rating: 2.0/5), ’Duck Soup’ (1933, Comedy|Musical|War, Rating: 4.0/5), ’Deconstructing Harry’ (1997, Comedy|Drama, Rating: 3.5/5), ’Thin Red Line, The’ (1998, Action|Drama|War, Rating: 5.0/5), ’Hunt, The (Jagten)’ (2012, Drama, Rating: 3.5/5), ’Whiplash’ (2014, Drama, Rating: 5.0/5), ’Before Midnight’ (2013, Drama|Romance, Rating: 4.0/5)"
110588,top-rated,from the years 1933 to 2014,"genres such as Action, Comedy, Crime, Drama, Horror, Musical, Mystery, Romance, Sci-Fi, Thriller, War","’Thin Red Line, The’ (1998, Action|Drama|War, Rating: 5.0/5), ’Whiplash’ (2014, Drama, Rating: 5.0/5), ’Black Cat, White Cat (Crna macka, beli macor)’ (1998, Comedy|Romance, Rating: 5.0/5), ’Boyhood’ (2014, Drama, Rating: 5.0/5), ’Pickpocket’ (1959, Crime|Drama, Rating: 5.0/5), ’Beyond the Black Rainbow’ (2010, Mystery|Sci-Fi, Rating: 5.0/5), ’Blow Out’ (1981, Mystery|Thriller, Rating: 5.0/5), ’Berberian Sound Studio’ (2012, Drama|Horror|Thriller, Rating: 5.0/5), ’Upstream Color’ (2013, Romance|Sci-Fi|Thriller, Rating: 5.0/5), ’Tabu’ (2012, Drama|Romance, Rating: 5.0/5)"
110775,recent,from the years 1927 to 2005,"genres such as Action, Adventure, Animation, Children, Comedy, Crime, Drama, Fantasy, Musical, Romance, Sci-Fi, Thriller, War, Western","’Howl's Moving Castle (Hauru no ugoku shiro)’ (2004, Adventure|Animation|Fantasy|Romance, Rating: 4.0/5), ’Crouching Tiger, Hidden Dragon (Wo hu cang long)’ (2000, Action|Drama|Romance, Rating: 3.5/5), ’Nightmare Before Christmas, The’ (1993, Animation|Children|Fantasy|Musical, Rating: 4.0/5), ’Good, the Bad and the Ugly, The (Buono, il brutto, il cattivo, Il)’ (1966, Action|Adventure|Western, Rating: 4.5/5), ’For a Few Dollars More (Per qualche dollaro in più)’ (1965, Action|Drama|Thriller|Western, Rating: 4.0/5), ’Fistful of Dollars, A (Per un pugno di dollari)’ (1964, Action|Western, Rating: 4.0/5), ’Man Who Shot Liberty Valance, The’ (1962, Crime|Drama|Western, Rating: 4.0/5), ’Moonraker’ (1979, Action|Adventure|Sci-Fi|Thriller, Rating: 3.0/5), ’Barry Lyndon’ (1975, Drama|Romance|War, Rating: 4.0/5), ’Metropolis’ (1927, Drama|Sci-Fi, Rating: 5.0/5)"
110775,top-rated,from the years 1927 to 2005,"genres such as Action, Adventure, Animation, Children, Comedy, Crime, Drama, Fantasy, Musical, Romance, Sci-Fi, Thriller, War, Western","’Metropolis’ (1927, Drama|Sci-Fi, Rating: 5.0/5), ’Forbidden Planet’ (1956, Drama|Sci-Fi, Rating: 5.0/5), ’Clockwork Orange, A’ (1971, Crime|Drama|Sci-Fi|Thriller, Rating: 5.0/5), ’2001: A Space Odyssey’ (1968, Adventure|Drama|Sci-Fi, Rating: 5.0/5), ’Akira’ (1988, Action|Adventure|Animation|Sci-Fi, Rating: 5.0/5), ’Good, the Bad and the Ugly, The (Buono, il brutto, il cattivo, Il)’ (1966, Action|Adventure|Western, Rating: 4.5/5), ’Once Upon a Time in the West (C'era una volta il West)’ (1968, Action|Drama|Western, Rating: 4.5/5), ’Wallace & Gromit in The Curse of the Were-Rabbit’ (2005, Adventure|Animation|Children|Comedy, Rating: 4.5/5), ’Grand Day Out with Wallace and Gromit, A’ (1989, Adventure|Animation|Children|Comedy|Sci-Fi, Rating: 4.5/5), ’Princess Mononoke (Mononoke-hime)’ (1997, Action|Adventure|Animation|Drama|Fantasy, Rating: 4.5/5)"
110924,recent,from the years 1967 to 2009,"genres such as Adventure, Animation, Children, Comedy, Crime, Drama, Fantasy, Mystery, Romance, Sci-Fi, Thriller","’Be Kind Rewind’ (2008, Comedy, Rating: 3.5/5), ’Eagle vs Shark’ (2007, Comedy, Rating: 3.5/5), ’District 9’ (2009, Mystery|Sci-Fi|Thriller, Rating: 4.5/5), ’Boat That Rocked, The (a.k.a. Pirate Radio)’ (2009, Comedy|Drama, Rating: 4.0/5), ’Ali G Indahouse’ (2002, Comedy, Rating: 3.5/5), ’Borat: Cultural Learnings of America for Make Benefit Glorious Nation of Kazakhstan’ (2006, Comedy, Rating: 3.5/5), ’Happy Feet’ (2006, Adventure|Animation|Children|Comedy|IMAX, Rating: 3.5/5), ’Ice Age 2: The Meltdown’ (2006, Adventure|Animation|Children|Comedy, Rating: 4.0/5), ’Ice Age’ (2002, Adventure|Animation|Children|Comedy, Rating: 4.0/5), ’Somersault’ (2004, Drama, Rating: 3.5/5)"
110924,top-rated,from the years 1967 to 2009,"genres such as Adventure, Animation, Children, Comedy, Crime, Drama, Fantasy, Mystery, Romance, Sci-Fi, Thriller","’Up’ (2009, Adventure|Animation|Children|Drama, Rating: 5.0/5), ’Perfume: The Story of a Murderer’ (2006, Crime|Drama|Thriller, Rating: 5.0/5), ’Amelie (Fabuleux destin d'Amélie Poulain, Le)’ (2001, Comedy|Romance, Rating: 5.0/5), ’Fall, The’ (2006, Adventure|Drama|Fantasy, Rating: 5.0/5), ’Fountain, The’ (2006, Drama|Fantasy|Romance, Rating: 5.0/5), ’District 9’ (2009, Mystery|Sci-Fi|Thriller, Rating: 4.5/5), ’Easy Rider’ (1969, Adventure|Drama, Rating: 4.5/5), ’Graduate, The’ (1967, Comedy|Drama|Romance, Rating: 4.5/5), ’Wallace & Gromit: The Wrong Trousers’ (1993, Animation|Children|Comedy|Crime, Rating: 4.5/5), ’Wallace & Gromit: A Close Shave’ (1995, Animation|Children|Comedy, Rating: 4.5/5)"
111220,recent,from the years 1946 to 2010,"genres such as Action, Adventure, Comedy, Crime, Drama, Fantasy, IMAX, Mystery, Romance, Sci-Fi, Thriller, War, Western","’Pan's Labyrinth (Laberinto del fauno, El)’ (2006, Drama|Fantasy|Thriller, Rating: 3.0/5), ’It's a Wonderful Life’ (1946, Drama|Fantasy|Romance, Rating: 5.0/5), ’Hotel Rwanda’ (2004, Drama|War, Rating: 4.0/5), ’Braveheart’ (1995, Action|Drama|War, Rating: 4.5/5), ’Sixth Sense, The’ (1999, Drama|Horror|Mystery, Rating: 3.5/5), ’Saving Private Ryan’ (1998, Action|Drama|War, Rating: 4.5/5), ’Lord of the Rings: The Two Towers, The’ (2002, Adventure|Fantasy, Rating: 4.5/5), ’Good, the Bad and the Ugly, The (Buono, il brutto, il cattivo, Il)’ (1966, Action|Adventure|Western, Rating: 4.0/5), ’Blade Runner’ (1982, Action|Sci-Fi|Thriller, Rating: 1.0/5), ’Pulp Fiction’ (1994, Comedy|Crime|Drama|Thriller, Rating: 4.0/5)"
111220,top-rated,from the years 1946 to 2010,"genres such as Action, Adventure, Comedy, Crime, Drama, Fantasy, IMAX, Mystery, Romance, Sci-Fi, Thriller, War, Western","’It's a Wonderful Life’ (1946, Drama|Fantasy|Romance, Rating: 5.0/5), ’Princess Bride, The’ (1987, Action|Adventure|Comedy|Fantasy|Romance, Rating: 5.0/5), ’Dark Knight, The’ (2008, Action|Crime|Drama|IMAX, Rating: 5.0/5), ’Shawshank Redemption, The’ (1994, Crime|Drama, Rating: 5.0/5), ’That Thing You Do!’ (1996, Comedy|Drama, Rating: 5.0/5), ’Braveheart’ (1995, Action|Drama|War, Rating: 4.5/5), ’Saving Private Ryan’ (1998, Action|Drama|War, Rating: 4.5/5), ’Lord of the Rings: The Two Towers, The’ (2002, Adventure|Fantasy, Rating: 4.5/5), ’Lord of the Rings: The Fellowship of the Ring, The’ (2001, Adventure|Fantasy, Rating: 4.5/5), ’Inception’ (2010, Action|Crime|Drama|Mystery|Sci-Fi|Thriller|IMAX, Rating: 4.5/5)"
111327,recent,from the years 1961 to 2006,"genres such as Action, Adventure, Children, Comedy, Crime, Drama, Romance, Thriller, War","’28 Days’ (2000, Drama, Rating: 3.5/5), ’27 Dresses’ (2008, Comedy|Romance, Rating: 3.5/5), ’16 Blocks’ (2006, Crime|Thriller, Rating: 4.0/5), ’13 Going on 30’ (2004, Comedy|Fantasy|Romance, Rating: 2.5/5), ’10 Things I Hate About You’ (1999, Comedy|Romance, Rating: 4.0/5), ’Crank: High Voltage’ (2009, Action|Comedy|Crime, Rating: 3.0/5), ’Bride Wars’ (2009, Comedy|Romance, Rating: 3.5/5), ’Children of the Corn’ (1984, Horror|Thriller, Rating: 0.5/5), ’Flipper’ (1996, Adventure|Children, Rating: 3.0/5), ’AVP: Alien vs. Predator’ (2004, Action|Horror|Sci-Fi|Thriller, Rating: 1.0/5)"
111327,top-rated,from the years 1961 to 2006,"genres such as Action, Adventure, Children, Comedy, Crime, Drama, Romance, Thriller, War","’16 Blocks’ (2006, Crime|Thriller, Rating: 4.0/5), ’10 Things I Hate About You’ (1999, Comedy|Romance, Rating: 4.0/5), ’Outsiders, The’ (1983, Drama, Rating: 4.0/5), ’Little Princess, A’ (1995, Children|Drama, Rating: 4.0/5), ’Parent Trap, The’ (1961, Children|Comedy|Romance, Rating: 4.0/5), ’Troy’ (2004, Action|Adventure|Drama|War, Rating: 4.0/5), ’28 Days’ (2000, Drama, Rating: 3.5/5), ’27 Dresses’ (2008, Comedy|Romance, Rating: 3.5/5), ’Bride Wars’ (2009, Comedy|Romance, Rating: 3.5/5), ’Major Payne’ (1995, Comedy, Rating: 3.5/5)"
111387,recent,from the years 1970 to 2006,"genres such as Action, Adventure, Drama, Fantasy, Horror, Sci-Fi, Thriller, War","’Tora! Tora! Tora!’ (1970, Action|Drama|War, Rating: 4.0/5), ’Monty Python and the Holy Grail’ (1975, Adventure|Comedy|Fantasy, Rating: 3.0/5), ’Alien’ (1979, Horror|Sci-Fi, Rating: 4.5/5), ’Bridge Too Far, A’ (1977, Action|Drama|War, Rating: 4.5/5), ’Star Wars: Episode IV - A New Hope’ (1977, Action|Adventure|Sci-Fi, Rating: 5.0/5), ’Starship Troopers’ (1997, Action|Sci-Fi, Rating: 4.5/5), ’Independence Day (a.k.a. ID4)’ (1996, Action|Adventure|Sci-Fi|Thriller, Rating: 4.5/5), ’Three Kings’ (1999, Action|Adventure|Comedy|Drama|War, Rating: 3.0/5), ’Saving Private Ryan’ (1998, Action|Drama|War, Rating: 5.0/5), ’Braveheart’ (1995, Action|Drama|War, Rating: 5.0/5)"
111387,top-rated,from the years 1970 to 2006,"genres such as Action, Adventure, Drama, Fantasy, Horror, Sci-Fi, Thriller, War","’Star Wars: Episode IV - A New Hope’ (1977, Action|Adventure|Sci-Fi, Rating: 5.0/5), ’Saving Private Ryan’ (1998, Action|Drama|War, Rating: 5.0/5), ’Braveheart’ (1995, Action|Drama|War, Rating: 5.0/5), ’Children of Men’ (2006, Action|Adventure|Drama|Sci-Fi|Thriller, Rating: 5.0/5), ’Star Wars: Episode III - Revenge of the Sith’ (2005, Action|Adventure|Sci-Fi, Rating: 5.0/5), ’Alien’ (1979, Horror|Sci-Fi, Rating: 4.5/5), ’Bridge Too Far, A’ (1977, Action|Drama|War, Rating: 4.5/5), ’Starship Troopers’ (1997, Action|Sci-Fi, Rating: 4.5/5), ’Independence Day (a.k.a. ID4)’ (1996, Action|Adventure|Sci-Fi|Thriller, Rating: 4.5/5), ’Lord of the Rings: The Two Towers, The’ (2002, Adventure|Fantasy, Rating: 4.5/5)"
111756,recent,from the years 1971 to 2003,"genres such as Action, Adventure, Comedy, Crime, Drama, Horror, Mystery, Sci-Fi, Thriller","’Alien: Resurrection’ (1997, Action|Horror|Sci-Fi, Rating: 5.0/5), ’Independence Day (a.k.a. ID4)’ (1996, Action|Adventure|Sci-Fi|Thriller, Rating: 4.5/5), ’Terminator 3: Rise of the Machines’ (2003, Action|Adventure|Sci-Fi, Rating: 5.0/5), ’Starship Troopers’ (1997, Action|Sci-Fi, Rating: 5.0/5), ’X-Files: Fight the Future, The’ (1998, Action|Crime|Mystery|Sci-Fi|Thriller, Rating: 5.0/5), ’Men in Black (a.k.a. MIB)’ (1997, Action|Comedy|Sci-Fi, Rating: 5.0/5), ’Tremors’ (1990, Comedy|Horror|Sci-Fi, Rating: 5.0/5), ’Terminator 2: Judgment Day’ (1991, Action|Sci-Fi, Rating: 5.0/5), ’Terminator, The’ (1984, Action|Sci-Fi|Thriller, Rating: 5.0/5), ’Predator’ (1987, Action|Sci-Fi|Thriller, Rating: 5.0/5)"
111756,top-rated,from the years 1971 to 2003,"genres such as Action, Adventure, Comedy, Crime, Drama, Horror, Mystery, Sci-Fi, Thriller","’Alien: Resurrection’ (1997, Action|Horror|Sci-Fi, Rating: 5.0/5), ’Terminator 3: Rise of the Machines’ (2003, Action|Adventure|Sci-Fi, Rating: 5.0/5), ’Starship Troopers’ (1997, Action|Sci-Fi, Rating: 5.0/5), ’X-Files: Fight the Future, The’ (1998, Action|Crime|Mystery|Sci-Fi|Thriller, Rating: 5.0/5), ’Men in Black (a.k.a. MIB)’ (1997, Action|Comedy|Sci-Fi, Rating: 5.0/5), ’Tremors’ (1990, Comedy|Horror|Sci-Fi, Rating: 5.0/5), ’Terminator 2: Judgment Day’ (1991, Action|Sci-Fi, Rating: 5.0/5), ’Terminator, The’ (1984, Action|Sci-Fi|Thriller, Rating: 5.0/5), ’Predator’ (1987, Action|Sci-Fi|Thriller, Rating: 5.0/5), ’Clockwork Orange, A’ (1971, Crime|Drama|Sci-Fi|Thriller, Rating: 5.0/5)"
112191,recent,from the years 1990 to 1995,"genres such as Action, Adventure, Animation, Children, Comedy, Crime, Drama, Fantasy, Horror, IMAX, Musical, Romance, Thriller, War, Western","’Jurassic Park’ (1993, Action|Adventure|Sci-Fi|Thriller, Rating: 1.0/5), ’Braveheart’ (1995, Action|Drama|War, Rating: 3.0/5), ’Net, The’ (1995, Action|Crime|Thriller, Rating: 2.0/5), ’Natural Born Killers’ (1994, Action|Crime|Thriller, Rating: 5.0/5), ’Firm, The’ (1993, Drama|Thriller, Rating: 3.0/5), ’While You Were Sleeping’ (1995, Comedy|Romance, Rating: 1.0/5), ’GoldenEye’ (1995, Action|Adventure|Thriller, Rating: 3.0/5), ’Interview with the Vampire: The Vampire Chronicles’ (1994, Drama|Horror, Rating: 3.0/5), ’Forrest Gump’ (1994, Comedy|Drama|Romance|War, Rating: 5.0/5), ’Outbreak’ (1995, Action|Drama|Sci-Fi|Thriller, Rating: 3.0/5)"
112191,top-rated,from the years 1990 to 1995,"genres such as Action, Adventure, Animation, Children, Comedy, Crime, Drama, Fantasy, Horror, IMAX, Musical, Romance, Thriller, War, Western","’Natural Born Killers’ (1994, Action|Crime|Thriller, Rating: 5.0/5), ’Forrest Gump’ (1994, Comedy|Drama|Romance|War, Rating: 5.0/5), ’Shawshank Redemption, The’ (1994, Crime|Drama, Rating: 5.0/5), ’Silence of the Lambs, The’ (1991, Crime|Horror|Thriller, Rating: 5.0/5), ’Pulp Fiction’ (1994, Comedy|Crime|Drama|Thriller, Rating: 5.0/5), ’Beauty and the Beast’ (1991, Animation|Children|Fantasy|Musical|Romance|IMAX, Rating: 4.0/5), ’Aladdin’ (1992, Adventure|Animation|Children|Comedy|Musical, Rating: 4.0/5), ’Apollo 13’ (1995, Adventure|Drama|IMAX, Rating: 4.0/5), ’Dances with Wolves’ (1990, Adventure|Drama|Western, Rating: 4.0/5), ’Braveheart’ (1995, Action|Drama|War, Rating: 3.0/5)"
114088,recent,from the years 1942 to 2002,"genres such as Action, Adventure, Animation, Children, Comedy, Crime, Drama, Musical, Mystery, Romance, Sci-Fi, Thriller, War","’Iron Man 3’ (2013, Action|Sci-Fi|Thriller|IMAX, Rating: 2.5/5), ’Tron: Legacy’ (2010, Action|Adventure|Sci-Fi|IMAX, Rating: 3.5/5), ’Bourne Ultimatum, The’ (2007, Action|Crime|Thriller, Rating: 2.0/5), ’Tourist, The’ (2010, Drama|Thriller, Rating: 3.5/5), ’Girl with the Dragon Tattoo, The’ (2011, Drama|Thriller, Rating: 2.5/5), ’Hobbit: An Unexpected Journey, The’ (2012, Adventure|Fantasy|IMAX, Rating: 2.0/5), ’Mulan’ (1998, Adventure|Animation|Children|Comedy|Drama|Musical|Romance, Rating: 5.0/5), ’Casablanca’ (1942, Drama|Romance, Rating: 5.0/5), ’Band of Brothers’ (2001, Action|Drama|War, Rating: 5.0/5), ’Godfather, The’ (1972, Crime|Drama, Rating: 2.0/5)"
114088,top-rated,from the years 1942 to 2002,"genres such as Action, Adventure, Animation, Children, Comedy, Crime, Drama, Musical, Mystery, Romance, Sci-Fi, Thriller, War","’Mulan’ (1998, Adventure|Animation|Children|Comedy|Drama|Musical|Romance, Rating: 5.0/5), ’Casablanca’ (1942, Drama|Romance, Rating: 5.0/5), ’Band of Brothers’ (2001, Action|Drama|War, Rating: 5.0/5), ’Man Who Knew Too Little, The’ (1997, Comedy|Crime|Thriller, Rating: 5.0/5), ’Ideal Husband, An’ (1999, Comedy|Romance, Rating: 5.0/5), ’Shawshank Redemption, The’ (1994, Crime|Drama, Rating: 4.5/5), ’Sometimes Happiness, Sometimes Sorrow (Kabhi Khushi Kabhie Gham)’ (2001, Drama|Musical|Romance, Rating: 4.5/5), ’Last Castle, The’ (2001, Action, Rating: 4.5/5), ’Importance of Being Earnest, The’ (2002, Comedy|Drama|Romance, Rating: 4.5/5), ’Star Trek VI: The Undiscovered Country’ (1991, Action|Mystery|Sci-Fi, Rating: 4.0/5)"
114403,recent,from the years 1990 to 1996,"genres such as Adventure, Animation, Children, Comedy, Crime, Drama, Fantasy, Horror, IMAX, Musical, Mystery, Romance, Sci-Fi, Thriller, Western","’From Dusk Till Dawn’ (1996, Action|Comedy|Horror|Thriller, Rating: 3.0/5), ’Fargo’ (1996, Comedy|Crime|Drama|Thriller, Rating: 5.0/5), ’Twelve Monkeys (a.k.a. 12 Monkeys)’ (1995, Mystery|Sci-Fi|Thriller, Rating: 5.0/5), ’Congo’ (1995, Action|Adventure|Mystery|Sci-Fi, Rating: 3.0/5), ’Interview with the Vampire: The Vampire Chronicles’ (1994, Drama|Horror, Rating: 4.0/5), ’Natural Born Killers’ (1994, Action|Crime|Thriller, Rating: 3.0/5), ’Silence of the Lambs, The’ (1991, Crime|Horror|Thriller, Rating: 5.0/5), ’Dumb & Dumber (Dumb and Dumber)’ (1994, Adventure|Comedy, Rating: 3.0/5), ’Stargate’ (1994, Action|Adventure|Sci-Fi, Rating: 3.0/5), ’Shawshank Redemption, The’ (1994, Crime|Drama, Rating: 5.0/5)"
114403,top-rated,from the years 1990 to 1996,"genres such as Adventure, Animation, Children, Comedy, Crime, Drama, Fantasy, Horror, IMAX, Musical, Mystery, Romance, Sci-Fi, Thriller, Western","’Fargo’ (1996, Comedy|Crime|Drama|Thriller, Rating: 5.0/5), ’Twelve Monkeys (a.k.a. 12 Monkeys)’ (1995, Mystery|Sci-Fi|Thriller, Rating: 5.0/5), ’Silence of the Lambs, The’ (1991, Crime|Horror|Thriller, Rating: 5.0/5), ’Shawshank Redemption, The’ (1994, Crime|Drama, Rating: 5.0/5), ’Pulp Fiction’ (1994, Comedy|Crime|Drama|Thriller, Rating: 5.0/5), ’Interview with the Vampire: The Vampire Chronicles’ (1994, Drama|Horror, Rating: 4.0/5), ’Beauty and the Beast’ (1991, Animation|Children|Fantasy|Musical|Romance|IMAX, Rating: 4.0/5), ’Aladdin’ (1992, Adventure|Animation|Children|Comedy|Musical, Rating: 4.0/5), ’Apollo 13’ (1995, Adventure|Drama|IMAX, Rating: 4.0/5), ’Dances with Wolves’ (1990, Adventure|Drama|Western, Rating: 4.0/5)"
116123,recent,from the years 1989 to 1995,"genres such as Action, Adventure, Animation, Children, Comedy, Crime, Documentary, Drama, Fantasy, IMAX, Musical, Romance, Thriller, War","’Clueless’ (1995, Comedy|Romance, Rating: 4.0/5), ’Pocahontas’ (1995, Animation|Children|Drama|Musical|Romance, Rating: 2.0/5), ’Big Green, The’ (1995, Children|Comedy, Rating: 3.0/5), ’Indian in the Cupboard, The’ (1995, Adventure|Children|Fantasy, Rating: 4.0/5), ’Braveheart’ (1995, Action|Drama|War, Rating: 4.0/5), ’Apollo 13’ (1995, Adventure|Drama|IMAX, Rating: 5.0/5), ’Batman Forever’ (1995, Action|Adventure|Comedy|Crime, Rating: 4.0/5), ’Casper’ (1995, Adventure|Children, Rating: 5.0/5), ’Congo’ (1995, Action|Adventure|Mystery|Sci-Fi, Rating: 2.0/5), ’Walk in the Clouds, A’ (1995, Drama|Romance, Rating: 4.0/5)"
116123,top-rated,from the years 1989 to 1995,"genres such as Action, Adventure, Animation, Children, Comedy, Crime, Documentary, Drama, Fantasy, IMAX, Musical, Romance, Thriller, War","’Apollo 13’ (1995, Adventure|Drama|IMAX, Rating: 5.0/5), ’Casper’ (1995, Adventure|Children, Rating: 5.0/5), ’French Kiss’ (1995, Action|Comedy|Romance, Rating: 5.0/5), ’Hoop Dreams’ (1994, Documentary, Rating: 5.0/5), ’Kid in King Arthur's Court, A’ (1995, Adventure|Children|Comedy|Fantasy|Romance, Rating: 5.0/5), ’Little Women’ (1994, Drama, Rating: 5.0/5), ’Shawshank Redemption, The’ (1994, Crime|Drama, Rating: 5.0/5), ’While You Were Sleeping’ (1995, Comedy|Romance, Rating: 5.0/5), ’Aladdin’ (1992, Adventure|Animation|Children|Comedy|Musical, Rating: 5.0/5), ’Batman’ (1989, Action|Crime|Thriller, Rating: 5.0/5)"
116218,recent,from the years 1975 to 2008,"genres such as Action, Adventure, Comedy, Crime, Drama, Fantasy, Horror, IMAX, Mystery, Romance, Sci-Fi, Thriller, Western","’Scarface’ (1983, Action|Crime|Drama, Rating: 4.5/5), ’Fear and Loathing in Las Vegas’ (1998, Adventure|Comedy|Drama, Rating: 5.0/5), ’Memento’ (2000, Mystery|Thriller, Rating: 4.0/5), ’There Will Be Blood’ (2007, Drama|Western, Rating: 4.5/5), ’Machinist, The (Maquinista, El)’ (2004, Mystery|Thriller, Rating: 5.0/5), ’Boondock Saints, The’ (2000, Action|Crime|Drama|Thriller, Rating: 4.5/5), ’28 Days Later’ (2002, Action|Horror|Sci-Fi, Rating: 4.5/5), ’Beautiful Mind, A’ (2001, Drama|Romance, Rating: 4.5/5), ’Lord of the Rings: The Return of the King, The’ (2003, Action|Adventure|Drama|Fantasy, Rating: 5.0/5), ’Lord of the Rings: The Two Towers, The’ (2002, Adventure|Fantasy, Rating: 5.0/5)"
116218,top-rated,from the years 1975 to 2008,"genres such as Action, Adventure, Comedy, Crime, Drama, Fantasy, Horror, IMAX, Mystery, Romance, Sci-Fi, Thriller, Western","’Fear and Loathing in Las Vegas’ (1998, Adventure|Comedy|Drama, Rating: 5.0/5), ’Machinist, The (Maquinista, El)’ (2004, Mystery|Thriller, Rating: 5.0/5), ’Lord of the Rings: The Return of the King, The’ (2003, Action|Adventure|Drama|Fantasy, Rating: 5.0/5), ’Lord of the Rings: The Two Towers, The’ (2002, Adventure|Fantasy, Rating: 5.0/5), ’Lord of the Rings: The Fellowship of the Ring, The’ (2001, Adventure|Fantasy, Rating: 5.0/5), ’Dark Knight, The’ (2008, Action|Crime|Drama|IMAX, Rating: 5.0/5), ’Pan's Labyrinth (Laberinto del fauno, El)’ (2006, Drama|Fantasy|Thriller, Rating: 5.0/5), ’Big Lebowski, The’ (1998, Comedy|Crime, Rating: 5.0/5), ’One Flew Over the Cuckoo's Nest’ (1975, Drama, Rating: 5.0/5), ’Usual Suspects, The’ (1995, Crime|Mystery|Thriller, Rating: 5.0/5)"
116836,recent,from the years 1954 to 1998,"genres such as Action, Adventure, Comedy, Crime, Drama, Horror, Musical, Mystery, Romance, Sci-Fi, Thriller, Western","’Friday the 13th Part IV: The Final Chapter’ (1984, Horror, Rating: 4.0/5), ’Friday the 13th Part 3: 3D’ (1982, Horror, Rating: 3.5/5), ’Cannonball’ (1976, Action|Comedy|Drama, Rating: 4.5/5), ’Best of the Best’ (1989, Action, Rating: 4.5/5), ’Butterfield 8’ (1960, Drama, Rating: 4.0/5), ’Cinderella Story, A’ (2004, Comedy|Romance, Rating: 3.0/5), ’Dracula’ (1979, Horror|Romance, Rating: 3.5/5), ’Star Trek: Generations’ (1994, Adventure|Drama|Sci-Fi, Rating: 4.5/5), ’Boston Strangler, The’ (1968, Crime|Drama|Mystery|Thriller, Rating: 3.0/5), ’Creature from the Black Lagoon, The’ (1954, Adventure|Horror|Sci-Fi, Rating: 3.5/5)"
116836,top-rated,from the years 1954 to 1998,"genres such as Action, Adventure, Comedy, Crime, Drama, Horror, Musical, Mystery, Romance, Sci-Fi, Thriller, Western","’Untouchables, The’ (1987, Action|Crime|Drama, Rating: 5.0/5), ’X-Files: Fight the Future, The’ (1998, Action|Crime|Mystery|Sci-Fi|Thriller, Rating: 5.0/5), ’Cannonball’ (1976, Action|Comedy|Drama, Rating: 4.5/5), ’Best of the Best’ (1989, Action, Rating: 4.5/5), ’Star Trek: Generations’ (1994, Adventure|Drama|Sci-Fi, Rating: 4.5/5), ’Little Women’ (1994, Drama, Rating: 4.5/5), ’Seven Brides for Seven Brothers’ (1954, Comedy|Musical|Romance|Western, Rating: 4.5/5), ’Sense and Sensibility’ (1995, Drama|Romance, Rating: 4.5/5), ’Star Wars: Episode V - The Empire Strikes Back’ (1980, Action|Adventure|Sci-Fi, Rating: 4.5/5), ’Alien³ (a.k.a. Alien 3)’ (1992, Action|Horror|Sci-Fi|Thriller, Rating: 4.5/5)"
116879,recent,from the years 1971 to 2003,"genres such as Action, Adventure, Crime, Documentary, Drama, Fantasy, Film-Noir, Horror, Mystery, Romance, Sci-Fi, Thriller","’Corporation, The’ (2003, Documentary, Rating: 5.0/5), ’Rush’ (1991, Crime|Drama, Rating: 4.0/5), ’Wings of Desire (Himmel über Berlin, Der)’ (1987, Drama|Fantasy|Romance, Rating: 5.0/5), ’Faraway, So Close (In weiter Ferne, so nah!)’ (1993, Drama|Fantasy|Mystery|Romance, Rating: 5.0/5), ’Sixth Sense, The’ (1999, Drama|Horror|Mystery, Rating: 5.0/5), ’Starman’ (1984, Adventure|Drama|Romance|Sci-Fi, Rating: 4.5/5), ’Femme Nikita, La (Nikita)’ (1990, Action|Crime|Romance|Thriller, Rating: 5.0/5), ’Blue Velvet’ (1986, Drama|Mystery|Thriller, Rating: 5.0/5), ’Fearless’ (1993, Drama, Rating: 5.0/5), ’Mulholland Drive’ (2001, Crime|Drama|Film-Noir|Mystery|Thriller, Rating: 5.0/5)"
116879,top-rated,from the years 1971 to 2003,"genres such as Action, Adventure, Crime, Documentary, Drama, Fantasy, Film-Noir, Horror, Mystery, Romance, Sci-Fi, Thriller","’Corporation, The’ (2003, Documentary, Rating: 5.0/5), ’Wings of Desire (Himmel über Berlin, Der)’ (1987, Drama|Fantasy|Romance, Rating: 5.0/5), ’Faraway, So Close (In weiter Ferne, so nah!)’ (1993, Drama|Fantasy|Mystery|Romance, Rating: 5.0/5), ’Sixth Sense, The’ (1999, Drama|Horror|Mystery, Rating: 5.0/5), ’Femme Nikita, La (Nikita)’ (1990, Action|Crime|Romance|Thriller, Rating: 5.0/5), ’Blue Velvet’ (1986, Drama|Mystery|Thriller, Rating: 5.0/5), ’Fearless’ (1993, Drama, Rating: 5.0/5), ’Mulholland Drive’ (2001, Crime|Drama|Film-Noir|Mystery|Thriller, Rating: 5.0/5), ’Clockwork Orange, A’ (1971, Crime|Drama|Sci-Fi|Thriller, Rating: 5.0/5), ’Accused, The’ (1988, Drama, Rating: 5.0/5)"
117321,recent,from the years 1991 to 1995,"genres such as Adventure, Animation, Children, Crime, Drama, Fantasy, IMAX, Musical, Romance","’Dave’ (1993, Comedy|Romance, Rating: 3.0/5), ’Last Action Hero’ (1993, Action|Adventure|Comedy|Fantasy, Rating: 3.0/5), ’Jungle Book, The’ (1994, Adventure|Children|Romance, Rating: 3.0/5), ’Maverick’ (1994, Adventure|Comedy|Western, Rating: 3.0/5), ’Babe’ (1995, Children|Drama, Rating: 4.0/5), ’Nightmare Before Christmas, The’ (1993, Animation|Children|Fantasy|Musical, Rating: 3.0/5), ’Hudsucker Proxy, The’ (1994, Comedy, Rating: 3.0/5), ’Tombstone’ (1993, Action|Drama|Western, Rating: 3.0/5), ’Santa Clause, The’ (1994, Comedy|Drama|Fantasy, Rating: 3.0/5), ’Snow White and the Seven Dwarfs’ (1937, Animation|Children|Drama|Fantasy|Musical, Rating: 3.0/5)"
117321,top-rated,from the years 1991 to 1995,"genres such as Adventure, Animation, Children, Crime, Drama, Fantasy, IMAX, Musical, Romance","’Babe’ (1995, Children|Drama, Rating: 4.0/5), ’Shawshank Redemption, The’ (1994, Crime|Drama, Rating: 4.0/5), ’Beauty and the Beast’ (1991, Animation|Children|Fantasy|Musical|Romance|IMAX, Rating: 4.0/5), ’Apollo 13’ (1995, Adventure|Drama|IMAX, Rating: 4.0/5), ’Dave’ (1993, Comedy|Romance, Rating: 3.0/5), ’Last Action Hero’ (1993, Action|Adventure|Comedy|Fantasy, Rating: 3.0/5), ’Jungle Book, The’ (1994, Adventure|Children|Romance, Rating: 3.0/5), ’Maverick’ (1994, Adventure|Comedy|Western, Rating: 3.0/5), ’Nightmare Before Christmas, The’ (1993, Animation|Children|Fantasy|Musical, Rating: 3.0/5), ’Hudsucker Proxy, The’ (1994, Comedy, Rating: 3.0/5)"
118432,recent,from the years 1978 to 2002,"genres such as Action, Adventure, Animation, Children, Comedy, Crime, Drama, Fantasy, Musical, Mystery, Romance, Sci-Fi, Thriller, War, Western","’Grease’ (1978, Comedy|Musical|Romance, Rating: 5.0/5), ’Grease 2’ (1982, Comedy|Musical|Romance, Rating: 3.0/5), ’Backdraft’ (1991, Action|Drama, Rating: 4.0/5), ’Mission: Impossible II’ (2000, Action|Adventure|Thriller, Rating: 3.0/5), ’Perfect Storm, The’ (2000, Drama|Thriller, Rating: 3.0/5), ’Whole Nine Yards, The’ (2000, Comedy|Crime, Rating: 4.0/5), ’Pearl Harbor’ (2001, Action|Drama|Romance|War, Rating: 5.0/5), ’I Am Sam’ (2001, Drama, Rating: 4.0/5), ’American Pie 2’ (2001, Comedy, Rating: 2.0/5), ’Recruit, The’ (2003, Action|Thriller, Rating: 3.0/5)"
118432,top-rated,from the years 1978 to 2002,"genres such as Action, Adventure, Animation, Children, Comedy, Crime, Drama, Fantasy, Musical, Mystery, Romance, Sci-Fi, Thriller, War, Western","’Grease’ (1978, Comedy|Musical|Romance, Rating: 5.0/5), ’Pearl Harbor’ (2001, Action|Drama|Romance|War, Rating: 5.0/5), ’Shanghai Noon’ (2000, Action|Adventure|Comedy|Western, Rating: 5.0/5), ’Patriot, The’ (2000, Action|Drama|War, Rating: 5.0/5), ’Black Hawk Down’ (2001, Action|Drama|War, Rating: 5.0/5), ’Minority Report’ (2002, Action|Crime|Mystery|Sci-Fi|Thriller, Rating: 5.0/5), ’Gladiator’ (2000, Action|Adventure|Drama, Rating: 5.0/5), ’Harry Potter and the Chamber of Secrets’ (2002, Adventure|Fantasy, Rating: 5.0/5), ’Harry Potter and the Sorcerer's Stone (a.k.a. Harry Potter and the Philosopher's Stone)’ (2001, Adventure|Children|Fantasy, Rating: 5.0/5), ’Monsters, Inc.’ (2001, Adventure|Animation|Children|Comedy|Fantasy, Rating: 5.0/5)"
118987,recent,from the years 1993 to 1999,"genres such as Action, Adventure, Comedy, Crime, Drama, Fantasy, Mystery, Romance, Sci-Fi, Thriller","’Little Shop of Horrors’ (1986, Comedy|Horror|Musical, Rating: 3.0/5), ’Thin Red Line, The’ (1998, Action|Drama|War, Rating: 3.0/5), ’Romy and Michele's High School Reunion’ (1997, Comedy, Rating: 4.0/5), ’Saint, The’ (1997, Action|Romance|Sci-Fi|Thriller, Rating: 4.5/5), ’Escape from L.A.’ (1996, Action|Adventure|Sci-Fi|Thriller, Rating: 4.5/5), ’City of Lost Children, The (Cité des enfants perdus, La)’ (1995, Adventure|Drama|Fantasy|Mystery|Sci-Fi, Rating: 4.5/5), ’Go’ (1999, Comedy|Crime, Rating: 4.0/5), ’Billy Madison’ (1995, Comedy, Rating: 2.5/5), ’Mystery Men’ (1999, Action|Comedy|Fantasy, Rating: 3.5/5), ’Cruel Intentions’ (1999, Drama, Rating: 3.0/5)"
118987,top-rated,from the years 1993 to 1999,"genres such as Action, Adventure, Comedy, Crime, Drama, Fantasy, Mystery, Romance, Sci-Fi, Thriller","’Saint, The’ (1997, Action|Romance|Sci-Fi|Thriller, Rating: 4.5/5), ’Escape from L.A.’ (1996, Action|Adventure|Sci-Fi|Thriller, Rating: 4.5/5), ’City of Lost Children, The (Cité des enfants perdus, La)’ (1995, Adventure|Drama|Fantasy|Mystery|Sci-Fi, Rating: 4.5/5), ’Romy and Michele's High School Reunion’ (1997, Comedy, Rating: 4.0/5), ’Go’ (1999, Comedy|Crime, Rating: 4.0/5), ’Insider, The’ (1999, Drama|Thriller, Rating: 4.0/5), ’In the Name of the Father’ (1993, Drama, Rating: 4.0/5), ’Mystery Men’ (1999, Action|Comedy|Fantasy, Rating: 3.5/5), ’Say Anything...’ (1989, Comedy|Drama|Romance, Rating: 3.5/5), ’Little Shop of Horrors’ (1986, Comedy|Horror|Musical, Rating: 3.0/5)"
119342,recent,from the years 1989 to 1995,"genres such as Action, Adventure, Comedy, Crime, Drama, IMAX, Romance, Sci-Fi, Thriller, Western","’Net, The’ (1995, Action|Crime|Thriller, Rating: 3.0/5), ’Interview with the Vampire: The Vampire Chronicles’ (1994, Drama|Horror, Rating: 3.0/5), ’Silence of the Lambs, The’ (1991, Crime|Horror|Thriller, Rating: 3.0/5), ’GoldenEye’ (1995, Action|Adventure|Thriller, Rating: 3.0/5), ’Crimson Tide’ (1995, Drama|Thriller|War, Rating: 3.0/5), ’Outbreak’ (1995, Action|Drama|Sci-Fi|Thriller, Rating: 4.0/5), ’While You Were Sleeping’ (1995, Comedy|Romance, Rating: 4.0/5), ’Cliffhanger’ (1993, Action|Adventure|Thriller, Rating: 3.0/5), ’Dumb & Dumber (Dumb and Dumber)’ (1994, Adventure|Comedy, Rating: 3.0/5), ’Stargate’ (1994, Action|Adventure|Sci-Fi, Rating: 3.0/5)"
119342,top-rated,from the years 1989 to 1995,"genres such as Action, Adventure, Comedy, Crime, Drama, IMAX, Romance, Sci-Fi, Thriller, Western","’Apollo 13’ (1995, Adventure|Drama|IMAX, Rating: 5.0/5), ’Outbreak’ (1995, Action|Drama|Sci-Fi|Thriller, Rating: 4.0/5), ’While You Were Sleeping’ (1995, Comedy|Romance, Rating: 4.0/5), ’Batman Forever’ (1995, Action|Adventure|Comedy|Crime, Rating: 4.0/5), ’Clear and Present Danger’ (1994, Action|Crime|Drama|Thriller, Rating: 4.0/5), ’True Lies’ (1994, Action|Adventure|Comedy|Romance|Thriller, Rating: 4.0/5), ’Dances with Wolves’ (1990, Adventure|Drama|Western, Rating: 4.0/5), ’Batman’ (1989, Action|Crime|Thriller, Rating: 4.0/5), ’Net, The’ (1995, Action|Crime|Thriller, Rating: 3.0/5), ’Interview with the Vampire: The Vampire Chronicles’ (1994, Drama|Horror, Rating: 3.0/5)"
120992,recent,from the years 1991 to 1996,"genres such as Action, Adventure, Animation, Children, Comedy, Crime, Drama, Horror, IMAX, Musical, Mystery, Romance, Thriller","’Mr. Wrong’ (1996, Comedy, Rating: 3.0/5), ’Rock, The’ (1996, Action|Adventure|Thriller, Rating: 5.0/5), ’Juror, The’ (1996, Drama|Thriller, Rating: 3.0/5), ’Down Periscope’ (1996, Comedy, Rating: 3.0/5), ’Nixon’ (1995, Drama, Rating: 3.0/5), ’Sgt. Bilko’ (1996, Comedy, Rating: 3.0/5), ’Mission: Impossible’ (1996, Action|Adventure|Mystery|Thriller, Rating: 4.0/5), ’Dead Man Walking’ (1995, Crime|Drama, Rating: 4.0/5), ’Mr. Holland's Opus’ (1995, Drama, Rating: 5.0/5), ’Twister’ (1996, Action|Adventure|Romance|Thriller, Rating: 5.0/5)"
120992,top-rated,from the years 1991 to 1996,"genres such as Action, Adventure, Animation, Children, Comedy, Crime, Drama, Horror, IMAX, Musical, Mystery, Romance, Thriller","’Rock, The’ (1996, Action|Adventure|Thriller, Rating: 5.0/5), ’Mr. Holland's Opus’ (1995, Drama, Rating: 5.0/5), ’Twister’ (1996, Action|Adventure|Romance|Thriller, Rating: 5.0/5), ’Lion King, The’ (1994, Adventure|Animation|Children|Drama|Musical|IMAX, Rating: 5.0/5), ’Disclosure’ (1994, Drama|Thriller, Rating: 5.0/5), ’Silence of the Lambs, The’ (1991, Crime|Horror|Thriller, Rating: 5.0/5), ’Shawshank Redemption, The’ (1994, Crime|Drama, Rating: 5.0/5), ’Aladdin’ (1992, Adventure|Animation|Children|Comedy|Musical, Rating: 5.0/5), ’Apollo 13’ (1995, Adventure|Drama|IMAX, Rating: 5.0/5), ’Mission: Impossible’ (1996, Action|Adventure|Mystery|Thriller, Rating: 4.0/5)"
121459,recent,from the years 1993 to 1996,"genres such as Action, Adventure, Animation, Children, Comedy, Crime, Drama, Fantasy, Musical, Mystery, Romance, Sci-Fi, Thriller, War, Western","’Emma’ (1996, Comedy|Drama|Romance, Rating: 5.0/5), ’Desperado’ (1995, Action|Romance|Western, Rating: 4.0/5), ’Copycat’ (1995, Crime|Drama|Horror|Mystery|Thriller, Rating: 3.0/5), ’Fargo’ (1996, Comedy|Crime|Drama|Thriller, Rating: 5.0/5), ’Clerks’ (1994, Comedy, Rating: 5.0/5), ’Hot Shots! Part Deux’ (1993, Action|Comedy|War, Rating: 3.0/5), ’Robin Hood: Men in Tights’ (1993, Comedy, Rating: 3.0/5), ’Showgirls’ (1995, Drama, Rating: 3.0/5), ’Don Juan DeMarco’ (1995, Comedy|Drama|Romance, Rating: 3.0/5), ’Remains of the Day, The’ (1993, Drama|Romance, Rating: 4.0/5)"
121459,top-rated,from the years 1993 to 1996,"genres such as Action, Adventure, Animation, Children, Comedy, Crime, Drama, Fantasy, Musical, Mystery, Romance, Sci-Fi, Thriller, War, Western","’Emma’ (1996, Comedy|Drama|Romance, Rating: 5.0/5), ’Fargo’ (1996, Comedy|Crime|Drama|Thriller, Rating: 5.0/5), ’Clerks’ (1994, Comedy, Rating: 5.0/5), ’Crow, The’ (1994, Action|Crime|Fantasy|Thriller, Rating: 5.0/5), ’Nightmare Before Christmas, The’ (1993, Animation|Children|Fantasy|Musical, Rating: 5.0/5), ’Toy Story’ (1995, Adventure|Animation|Children|Comedy|Fantasy, Rating: 5.0/5), ’Legends of the Fall’ (1994, Drama|Romance|War|Western, Rating: 5.0/5), ’Client, The’ (1994, Drama|Mystery|Thriller, Rating: 5.0/5), ’Twelve Monkeys (a.k.a. 12 Monkeys)’ (1995, Mystery|Sci-Fi|Thriller, Rating: 5.0/5), ’Disclosure’ (1994, Drama|Thriller, Rating: 5.0/5)"
121521,recent,from the years 1942 to 2005,"genres such as Action, Adventure, Animation, Children, Comedy, Crime, Drama, Film-Noir, Horror, IMAX, Mystery, Romance, Sci-Fi, Thriller, War, Western","’Incredibles, The’ (2004, Action|Adventure|Animation|Children|Comedy, Rating: 4.0/5), ’Great Escape, The’ (1963, Action|Adventure|Drama|War, Rating: 4.0/5), ’Batman Begins’ (2005, Action|Crime|IMAX, Rating: 4.0/5), ’Star Wars: Episode V - The Empire Strikes Back’ (1980, Action|Adventure|Sci-Fi, Rating: 4.0/5), ’To Kill a Mockingbird’ (1962, Drama, Rating: 4.0/5), ’Spider-Man 2’ (2004, Action|Adventure|Sci-Fi|IMAX, Rating: 3.0/5), ’Spartacus’ (1960, Action|Drama|Romance|War, Rating: 4.0/5), ’Scarface’ (1983, Action|Crime|Drama, Rating: 4.0/5), ’Run Lola Run (Lola rennt)’ (1998, Action|Crime, Rating: 4.0/5), ’Platoon’ (1986, Drama|War, Rating: 4.0/5)"
121521,top-rated,from the years 1942 to 2005,"genres such as Action, Adventure, Animation, Children, Comedy, Crime, Drama, Film-Noir, Horror, IMAX, Mystery, Romance, Sci-Fi, Thriller, War, Western","’Godfather: Part II, The’ (1974, Crime|Drama, Rating: 5.0/5), ’Godfather, The’ (1972, Crime|Drama, Rating: 5.0/5), ’Star Wars: Episode VI - Return of the Jedi’ (1983, Action|Adventure|Sci-Fi, Rating: 5.0/5), ’North by Northwest’ (1959, Action|Adventure|Mystery|Romance|Thriller, Rating: 4.5/5), ’Double Indemnity’ (1944, Crime|Drama|Film-Noir, Rating: 4.5/5), ’Casablanca’ (1942, Drama|Romance, Rating: 4.5/5), ’Rear Window’ (1954, Mystery|Thriller, Rating: 4.5/5), ’Good, the Bad and the Ugly, The (Buono, il brutto, il cattivo, Il)’ (1966, Action|Adventure|Western, Rating: 4.5/5), ’Blade Runner’ (1982, Action|Sci-Fi|Thriller, Rating: 4.5/5), ’Alien’ (1979, Horror|Sci-Fi, Rating: 4.5/5)"
122359,recent,from the years 1983 to 1997,"genres such as Action, Adventure, Animation, Comedy, Crime, Drama, Fantasy, Horror, Romance, Sci-Fi, Thriller","’Raise the Red Lantern (Da hong deng long gao gao gua)’ (1991, Drama, Rating: 5.0/5), ’Cop Land’ (1997, Action|Crime|Drama|Thriller, Rating: 3.0/5), ’True Romance’ (1993, Crime|Thriller, Rating: 5.0/5), ’Terminator 2: Judgment Day’ (1991, Action|Sci-Fi, Rating: 2.0/5), ’Army of Darkness’ (1993, Action|Adventure|Comedy|Fantasy|Horror, Rating: 5.0/5), ’Heat’ (1995, Action|Crime|Thriller, Rating: 4.0/5), ’Casino’ (1995, Crime|Drama, Rating: 3.0/5), ’What's Eating Gilbert Grape’ (1993, Drama, Rating: 3.0/5), ’Ghost in the Shell (Kôkaku kidôtai)’ (1995, Animation|Sci-Fi, Rating: 4.0/5), ’Contact’ (1997, Drama|Sci-Fi, Rating: 5.0/5)"
122359,top-rated,from the years 1983 to 1997,"genres such as Action, Adventure, Animation, Comedy, Crime, Drama, Fantasy, Horror, Romance, Sci-Fi, Thriller","’Raise the Red Lantern (Da hong deng long gao gao gua)’ (1991, Drama, Rating: 5.0/5), ’True Romance’ (1993, Crime|Thriller, Rating: 5.0/5), ’Army of Darkness’ (1993, Action|Adventure|Comedy|Fantasy|Horror, Rating: 5.0/5), ’Contact’ (1997, Drama|Sci-Fi, Rating: 5.0/5), ’Dazed and Confused’ (1993, Comedy, Rating: 5.0/5), ’Star Wars: Episode VI - Return of the Jedi’ (1983, Action|Adventure|Sci-Fi, Rating: 5.0/5), ’Trainspotting’ (1996, Comedy|Crime|Drama, Rating: 5.0/5), ’Femme Nikita, La (Nikita)’ (1990, Action|Crime|Romance|Thriller, Rating: 5.0/5), ’Fugitive, The’ (1993, Thriller, Rating: 5.0/5), ’Full Monty, The’ (1997, Comedy|Drama, Rating: 5.0/5)"
123168,recent,from the years 1992 to 1996,"genres such as Children, Comedy, Crime, Drama, Fantasy, Horror, Mystery, Romance, Thriller","’Casino’ (1995, Crime|Drama, Rating: 3.0/5), ’Mighty Aphrodite’ (1995, Comedy|Drama|Romance, Rating: 3.0/5), ’Interview with the Vampire: The Vampire Chronicles’ (1994, Drama|Horror, Rating: 4.0/5), ’Like Water for Chocolate (Como agua para chocolate)’ (1992, Drama|Fantasy|Romance, Rating: 4.0/5), ’Nell’ (1994, Drama, Rating: 1.0/5), ’Sleepless in Seattle’ (1993, Comedy|Drama|Romance, Rating: 1.0/5), ’Ghost’ (1990, Comedy|Drama|Fantasy|Romance|Thriller, Rating: 1.0/5), ’Snow White and the Seven Dwarfs’ (1937, Animation|Children|Drama|Fantasy|Musical, Rating: 3.0/5), ’To Die For’ (1995, Comedy|Drama|Thriller, Rating: 3.0/5), ’Seven (a.k.a. Se7en)’ (1995, Mystery|Thriller, Rating: 5.0/5)"
123168,top-rated,from the years 1992 to 1996,"genres such as Children, Comedy, Crime, Drama, Fantasy, Horror, Mystery, Romance, Thriller","’Seven (a.k.a. Se7en)’ (1995, Mystery|Thriller, Rating: 5.0/5), ’Babe’ (1995, Children|Drama, Rating: 5.0/5), ’Ed Wood’ (1994, Comedy|Drama, Rating: 5.0/5), ’Interview with the Vampire: The Vampire Chronicles’ (1994, Drama|Horror, Rating: 4.0/5), ’Like Water for Chocolate (Como agua para chocolate)’ (1992, Drama|Fantasy|Romance, Rating: 4.0/5), ’Usual Suspects, The’ (1995, Crime|Mystery|Thriller, Rating: 4.0/5), ’Trainspotting’ (1996, Comedy|Crime|Drama, Rating: 4.0/5), ’Muriel's Wedding’ (1994, Comedy, Rating: 4.0/5), ’Piano, The’ (1993, Drama|Romance, Rating: 4.0/5), ’Fargo’ (1996, Comedy|Crime|Drama|Thriller, Rating: 4.0/5)"
123487,recent,from the years 1957 to 1997,"genres such as Action, Adventure, Comedy, Crime, Drama, Fantasy, Horror, Romance, Sci-Fi, Thriller","’Titanic’ (1997, Drama|Romance, Rating: 4.0/5), ’Homegrown’ (1998, Comedy|Thriller, Rating: 2.0/5), ’City of Industry’ (1997, Crime|Thriller, Rating: 3.0/5), ’Speed 2: Cruise Control’ (1997, Action|Romance|Thriller, Rating: 3.0/5), ’Sliver’ (1993, Thriller, Rating: 4.0/5), ’Desperate Measures’ (1998, Crime|Drama|Thriller, Rating: 2.0/5), ’Mimic’ (1997, Horror|Sci-Fi|Thriller, Rating: 5.0/5), ’Playing God’ (1997, Crime|Drama|Thriller, Rating: 1.0/5), ’Fire Down Below’ (1997, Action|Drama|Thriller, Rating: 2.0/5), ’Lawnmower Man, The’ (1992, Action|Horror|Sci-Fi|Thriller, Rating: 1.0/5)"
123487,top-rated,from the years 1957 to 1997,"genres such as Action, Adventure, Comedy, Crime, Drama, Fantasy, Horror, Romance, Sci-Fi, Thriller","’Mimic’ (1997, Horror|Sci-Fi|Thriller, Rating: 5.0/5), ’Disclosure’ (1994, Drama|Thriller, Rating: 5.0/5), ’12 Angry Men’ (1957, Drama, Rating: 5.0/5), ’Inkwell, The’ (1994, Comedy|Drama, Rating: 5.0/5), ’Star Trek: Generations’ (1994, Adventure|Drama|Sci-Fi, Rating: 5.0/5), ’Air Force One’ (1997, Action|Thriller, Rating: 5.0/5), ’Ghost’ (1990, Comedy|Drama|Fantasy|Romance|Thriller, Rating: 5.0/5), ’Indiana Jones and the Temple of Doom’ (1984, Action|Adventure|Fantasy, Rating: 5.0/5), ’Pretty Woman’ (1990, Comedy|Romance, Rating: 5.0/5), ’Untouchables, The’ (1987, Action|Crime|Drama, Rating: 5.0/5)"
124216,recent,from the years 1975 to 1998,"genres such as Action, Adventure, Children, Comedy, Crime, Drama, Fantasy, Horror, Mystery, Romance, Sci-Fi, Thriller, War","’Star Wars: Episode I - The Phantom Menace’ (1999, Action|Adventure|Sci-Fi, Rating: 3.0/5), ’Monty Python and the Holy Grail’ (1975, Adventure|Comedy|Fantasy, Rating: 5.0/5), ’Conspiracy Theory’ (1997, Drama|Mystery|Romance|Thriller, Rating: 4.0/5), ’Adventures of Pinocchio, The’ (1996, Adventure|Children, Rating: 4.0/5), ’Buffy the Vampire Slayer’ (1992, Action|Comedy|Horror, Rating: 4.0/5), ’Three Colors: Red (Trois couleurs: Rouge)’ (1994, Drama, Rating: 5.0/5), ’Star Trek VI: The Undiscovered Country’ (1991, Action|Mystery|Sci-Fi, Rating: 4.0/5), ’Thin Red Line, The’ (1998, Action|Drama|War, Rating: 5.0/5), ’Predator 2’ (1990, Action|Sci-Fi|Thriller, Rating: 3.0/5), ’Incredible Journey, The’ (1963, Adventure|Children, Rating: 3.0/5)"
124216,top-rated,from the years 1975 to 1998,"genres such as Action, Adventure, Children, Comedy, Crime, Drama, Fantasy, Horror, Mystery, Romance, Sci-Fi, Thriller, War","’Monty Python and the Holy Grail’ (1975, Adventure|Comedy|Fantasy, Rating: 5.0/5), ’Three Colors: Red (Trois couleurs: Rouge)’ (1994, Drama, Rating: 5.0/5), ’Thin Red Line, The’ (1998, Action|Drama|War, Rating: 5.0/5), ’Mother Night’ (1996, Drama, Rating: 5.0/5), ’Forrest Gump’ (1994, Comedy|Drama|Romance|War, Rating: 5.0/5), ’Casino’ (1995, Crime|Drama, Rating: 5.0/5), ’Cape Fear’ (1991, Thriller, Rating: 5.0/5), ’Great Expectations’ (1998, Drama|Romance, Rating: 5.0/5), ’Star Wars: Episode VI - Return of the Jedi’ (1983, Action|Adventure|Sci-Fi, Rating: 5.0/5), ’Platoon’ (1986, Drama|War, Rating: 5.0/5)"
124296,recent,from the years 1957 to 1993,"genres such as Action, Adventure, Comedy, Crime, Drama, Fantasy, Horror, Mystery, Romance, Sci-Fi, Thriller, War, Western","’Bridge on the River Kwai, The’ (1957, Adventure|Drama|War, Rating: 4.0/5), ’Patton’ (1970, Drama|War, Rating: 4.0/5), ’Nightmare on Elm Street, A’ (1984, Horror|Thriller, Rating: 3.0/5), ’Abyss, The’ (1989, Action|Adventure|Sci-Fi|Thriller, Rating: 5.0/5), ’Firm, The’ (1993, Drama|Thriller, Rating: 4.0/5), ’Dracula (Bram Stoker's Dracula)’ (1992, Fantasy|Horror|Romance|Thriller, Rating: 4.0/5), ’Sleepless in Seattle’ (1993, Comedy|Drama|Romance, Rating: 5.0/5), ’Robin Hood: Prince of Thieves’ (1991, Adventure|Drama, Rating: 3.0/5), ’Dead Poets Society’ (1989, Drama, Rating: 4.0/5), ’Jaws’ (1975, Action|Horror, Rating: 4.0/5)"
124296,top-rated,from the years 1957 to 1993,"genres such as Action, Adventure, Comedy, Crime, Drama, Fantasy, Horror, Mystery, Romance, Sci-Fi, Thriller, War, Western","’Abyss, The’ (1989, Action|Adventure|Sci-Fi|Thriller, Rating: 5.0/5), ’Sleepless in Seattle’ (1993, Comedy|Drama|Romance, Rating: 5.0/5), ’Raiders of the Lost Ark (Indiana Jones and the Raiders of the Lost Ark)’ (1981, Action|Adventure, Rating: 5.0/5), ’Basic Instinct’ (1992, Crime|Mystery|Thriller, Rating: 5.0/5), ’Cape Fear’ (1991, Thriller, Rating: 5.0/5), ’Platoon’ (1986, Drama|War, Rating: 5.0/5), ’Pretty Woman’ (1990, Comedy|Romance, Rating: 5.0/5), ’Young Guns II’ (1990, Action|Western, Rating: 5.0/5), ’Young Guns’ (1988, Action|Comedy|Western, Rating: 5.0/5), ’Last of the Mohicans, The’ (1992, Action|Romance|War|Western, Rating: 5.0/5)"
124478,recent,from the years 1950 to 2003,"genres such as Action, Adventure, Animation, Children, Comedy, Drama, Fantasy, Horror, Musical, Romance, Sci-Fi, Thriller","’2 Fast 2 Furious (Fast and the Furious 2, The)’ (2003, Action|Crime|Thriller, Rating: 1.5/5), ’Who Framed Roger Rabbit?’ (1988, Adventure|Animation|Children|Comedy|Crime|Fantasy|Mystery, Rating: 3.0/5), ’Bug's Life, A’ (1998, Adventure|Animation|Children|Comedy, Rating: 3.5/5), ’Harry Potter and the Chamber of Secrets’ (2002, Adventure|Fantasy, Rating: 3.5/5), ’Laputa: Castle in the Sky (Tenkû no shiro Rapyuta)’ (1986, Action|Adventure|Animation|Children|Fantasy|Sci-Fi, Rating: 4.0/5), ’Treasure Island’ (1950, Adventure|Children, Rating: 4.0/5), ’Red Dragon’ (2002, Crime|Mystery|Thriller, Rating: 3.0/5), ’Spirited Away (Sen to Chihiro no kamikakushi)’ (2001, Adventure|Animation|Fantasy, Rating: 4.5/5), ’Bulletproof Monk’ (2003, Action|Adventure|Sci-Fi, Rating: 4.0/5), ’Finding Nemo’ (2003, Adventure|Animation|Children|Comedy, Rating: 4.0/5)"
124478,top-rated,from the years 1950 to 2003,"genres such as Action, Adventure, Animation, Children, Comedy, Drama, Fantasy, Horror, Musical, Romance, Sci-Fi, Thriller","’Willy Wonka & the Chocolate Factory’ (1971, Children|Comedy|Fantasy|Musical, Rating: 5.0/5), ’Labyrinth’ (1986, Adventure|Fantasy|Musical, Rating: 5.0/5), ’Ladyhawke’ (1985, Adventure|Fantasy|Romance, Rating: 5.0/5), ’Seven Samurai (Shichinin no samurai)’ (1954, Action|Adventure|Drama, Rating: 5.0/5), ’Raiders of the Lost Ark (Indiana Jones and the Raiders of the Lost Ark)’ (1981, Action|Adventure, Rating: 5.0/5), ’Blade Runner’ (1982, Action|Sci-Fi|Thriller, Rating: 5.0/5), ’Alien’ (1979, Horror|Sci-Fi, Rating: 5.0/5), ’Star Wars: Episode IV - A New Hope’ (1977, Action|Adventure|Sci-Fi, Rating: 5.0/5), ’Star Wars: Episode V - The Empire Strikes Back’ (1980, Action|Adventure|Sci-Fi, Rating: 5.0/5), ’Jurassic Park’ (1993, Action|Adventure|Sci-Fi|Thriller, Rating: 5.0/5)"
124646,recent,from the years 2004 to 2014,"genres such as Action, Comedy, Crime, Drama, Fantasy, IMAX, Romance, Sci-Fi, Thriller","’We Bought a Zoo’ (2011, Comedy|Drama, Rating: 3.0/5), ’Grey Gardens’ (2009, Drama, Rating: 4.0/5), ’Aviator, The’ (2004, Drama, Rating: 4.0/5), ’Adjustment Bureau, The’ (2011, Romance|Sci-Fi|Thriller, Rating: 3.5/5), ’Life as a House’ (2001, Drama, Rating: 3.5/5), ’Impossible, The (Imposible, Lo)’ (2012, Drama|Thriller, Rating: 3.5/5), ’Safety Not Guaranteed’ (2012, Comedy|Drama, Rating: 3.0/5), ’Lars and the Real Girl’ (2007, Comedy|Drama, Rating: 3.0/5), ’Gravity’ (2013, Action|Sci-Fi|IMAX, Rating: 4.0/5), ’Wolf of Wall Street, The’ (2013, Comedy|Crime|Drama, Rating: 4.0/5)"
124646,top-rated,from the years 2004 to 2014,"genres such as Action, Comedy, Crime, Drama, Fantasy, IMAX, Romance, Sci-Fi, Thriller","’Whiplash’ (2014, Drama, Rating: 4.5/5), ’Grey Gardens’ (2009, Drama, Rating: 4.0/5), ’Aviator, The’ (2004, Drama, Rating: 4.0/5), ’Gravity’ (2013, Action|Sci-Fi|IMAX, Rating: 4.0/5), ’Wolf of Wall Street, The’ (2013, Comedy|Crime|Drama, Rating: 4.0/5), ’Stranger than Fiction’ (2006, Comedy|Drama|Fantasy|Romance, Rating: 4.0/5), ’The Imitation Game’ (2014, Drama|Thriller, Rating: 4.0/5), ’Adjustment Bureau, The’ (2011, Romance|Sci-Fi|Thriller, Rating: 3.5/5), ’Life as a House’ (2001, Drama, Rating: 3.5/5), ’Impossible, The (Imposible, Lo)’ (2012, Drama|Thriller, Rating: 3.5/5)"
124672,recent,from the years 1969 to 1999,"genres such as Action, Adventure, Comedy, Crime, Documentary, Drama, Fantasy, IMAX, Romance, Thriller, War, Western","’Richard III’ (1995, Drama|War, Rating: 3.0/5), ’Apollo 13’ (1995, Adventure|Drama|IMAX, Rating: 4.0/5), ’Searching for Bobby Fischer’ (1993, Drama, Rating: 5.0/5), ’Dead Man Walking’ (1995, Crime|Drama, Rating: 3.0/5), ’Fight Club’ (1999, Action|Crime|Drama|Thriller, Rating: 4.0/5), ’Misérables, Les’ (1995, Drama|War, Rating: 3.0/5), ’Pulp Fiction’ (1994, Comedy|Crime|Drama|Thriller, Rating: 2.0/5), ’Saving Private Ryan’ (1998, Action|Drama|War, Rating: 3.0/5), ’October Sky’ (1999, Drama, Rating: 4.0/5), ’Schindler's List’ (1993, Drama|War, Rating: 5.0/5)"
124672,top-rated,from the years 1969 to 1999,"genres such as Action, Adventure, Comedy, Crime, Documentary, Drama, Fantasy, IMAX, Romance, Thriller, War, Western","’Searching for Bobby Fischer’ (1993, Drama, Rating: 5.0/5), ’Schindler's List’ (1993, Drama|War, Rating: 5.0/5), ’Shawshank Redemption, The’ (1994, Crime|Drama, Rating: 5.0/5), ’Blazing Saddles’ (1974, Comedy|Western, Rating: 5.0/5), ’Groundhog Day’ (1993, Comedy|Fantasy|Romance, Rating: 5.0/5), ’Roger & Me’ (1989, Documentary, Rating: 5.0/5), ’Life Is Beautiful (La Vita è bella)’ (1997, Comedy|Drama|Romance|War, Rating: 5.0/5), ’Big Chill, The’ (1983, Comedy|Drama, Rating: 5.0/5), ’Young Frankenstein’ (1974, Comedy|Fantasy, Rating: 5.0/5), ’Take the Money and Run’ (1969, Comedy|Crime, Rating: 5.0/5)"
124734,recent,from the years 1996 to 2012,"genres such as Action, Adventure, Animation, Children, Comedy, Crime, Drama, Fantasy, IMAX, Musical, Mystery, Romance, Sci-Fi, Thriller","’Spirited Away (Sen to Chihiro no kamikakushi)’ (2001, Adventure|Animation|Fantasy, Rating: 4.0/5), ’Toy Story 3’ (2010, Adventure|Animation|Children|Comedy|Fantasy|IMAX, Rating: 4.5/5), ’Dark Knight, The’ (2008, Action|Crime|Drama|IMAX, Rating: 4.5/5), ’Inception’ (2010, Action|Crime|Drama|Mystery|Sci-Fi|Thriller|IMAX, Rating: 4.5/5), ’Avengers, The’ (2012, Action|Adventure|Sci-Fi|IMAX, Rating: 5.0/5), ’How to Train Your Dragon’ (2010, Adventure|Animation|Children|Fantasy|IMAX, Rating: 3.5/5), ’Dark Knight Rises, The’ (2012, Action|Adventure|Crime|IMAX, Rating: 5.0/5), ’Tangled’ (2010, Animation|Children|Comedy|Fantasy|Musical|Romance|IMAX, Rating: 4.0/5), ’Hunger Games, The’ (2012, Action|Adventure|Drama|Sci-Fi|Thriller, Rating: 4.0/5), ’Harry Potter and the Order of the Phoenix’ (2007, Adventure|Drama|Fantasy|IMAX, Rating: 3.5/5)"
124734,top-rated,from the years 1996 to 2012,"genres such as Action, Adventure, Animation, Children, Comedy, Crime, Drama, Fantasy, IMAX, Musical, Mystery, Romance, Sci-Fi, Thriller","’Avengers, The’ (2012, Action|Adventure|Sci-Fi|IMAX, Rating: 5.0/5), ’Dark Knight Rises, The’ (2012, Action|Adventure|Crime|IMAX, Rating: 5.0/5), ’Harry Potter and the Sorcerer's Stone (a.k.a. Harry Potter and the Philosopher's Stone)’ (2001, Adventure|Children|Fantasy, Rating: 5.0/5), ’Harry Potter and the Deathly Hallows: Part 2’ (2011, Action|Adventure|Drama|Fantasy|Mystery|IMAX, Rating: 5.0/5), ’Harry Potter and the Deathly Hallows: Part 1’ (2010, Action|Adventure|Fantasy|IMAX, Rating: 5.0/5), ’Toy Story 3’ (2010, Adventure|Animation|Children|Comedy|Fantasy|IMAX, Rating: 4.5/5), ’Dark Knight, The’ (2008, Action|Crime|Drama|IMAX, Rating: 4.5/5), ’Inception’ (2010, Action|Crime|Drama|Mystery|Sci-Fi|Thriller|IMAX, Rating: 4.5/5), ’Matilda’ (1996, Children|Comedy|Fantasy, Rating: 4.5/5), ’Spirited Away (Sen to Chihiro no kamikakushi)’ (2001, Adventure|Animation|Fantasy, Rating: 4.0/5)"
126133,recent,from the years 1991 to 1999,"genres such as Comedy, Crime, Drama, Horror, Mystery, Romance, Thriller, War","’Cell, The’ (2000, Drama|Horror|Thriller, Rating: 3.0/5), ’Ulee's Gold’ (1997, Drama, Rating: 4.0/5), ’When a Man Loves a Woman’ (1994, Drama|Romance, Rating: 3.0/5), ’Donnie Brasco’ (1997, Crime|Drama, Rating: 4.0/5), ’And the Band Played On’ (1993, Drama, Rating: 5.0/5), ’Cider House Rules, The’ (1999, Drama, Rating: 4.0/5), ’Scent of a Woman’ (1992, Drama, Rating: 4.0/5), ’Bronx Tale, A’ (1993, Drama, Rating: 5.0/5), ’Lolita’ (1997, Drama|Romance, Rating: 3.0/5), ’Malcolm X’ (1992, Drama, Rating: 4.0/5)"
126133,top-rated,from the years 1991 to 1999,"genres such as Comedy, Crime, Drama, Horror, Mystery, Romance, Thriller, War","’And the Band Played On’ (1993, Drama, Rating: 5.0/5), ’Bronx Tale, A’ (1993, Drama, Rating: 5.0/5), ’Titanic’ (1997, Drama|Romance, Rating: 5.0/5), ’Schindler's List’ (1993, Drama|War, Rating: 5.0/5), ’Silence of the Lambs, The’ (1991, Crime|Horror|Thriller, Rating: 5.0/5), ’Fargo’ (1996, Comedy|Crime|Drama|Thriller, Rating: 5.0/5), ’Pulp Fiction’ (1994, Comedy|Crime|Drama|Thriller, Rating: 5.0/5), ’Shakespeare in Love’ (1998, Comedy|Drama|Romance, Rating: 5.0/5), ’Sixth Sense, The’ (1999, Drama|Horror|Mystery, Rating: 5.0/5), ’Elizabeth’ (1998, Drama, Rating: 5.0/5)"
126388,recent,from the years 1948 to 1996,"genres such as Action, Comedy, Drama, Film-Noir, Romance, Sci-Fi, War","’Ace Ventura: When Nature Calls’ (1995, Comedy, Rating: 3.0/5), ’Heidi Fleiss: Hollywood Madam’ (1995, Documentary, Rating: 3.0/5), ’Free Willy 2: The Adventure Home’ (1995, Adventure|Children|Drama, Rating: 3.0/5), ’Even Cowgirls Get the Blues’ (1993, Comedy|Romance, Rating: 3.0/5), ’Alphaville (Alphaville, une étrange aventure de Lemmy Caution)’ (1965, Drama|Mystery|Romance|Sci-Fi|Thriller, Rating: 3.0/5), ’Awfully Big Adventure, An’ (1995, Drama, Rating: 3.0/5), ’Madness of King George, The’ (1994, Comedy|Drama, Rating: 3.0/5), ’Picture Bride (Bijo photo)’ (1994, Drama|Romance, Rating: 3.0/5), ’Three Colors: White (Trzy kolory: Bialy)’ (1994, Comedy|Drama, Rating: 3.0/5), ’Red Firecracker, Green Firecracker (Pao Da Shuang Deng)’ (1994, Drama, Rating: 3.0/5)"
126388,top-rated,from the years 1948 to 1996,"genres such as Action, Comedy, Drama, Film-Noir, Romance, Sci-Fi, War","’Theodore Rex’ (1995, Comedy, Rating: 5.0/5), ’Force of Evil’ (1948, Film-Noir, Rating: 5.0/5), ’Grass Harp, The’ (1995, Comedy|Drama, Rating: 5.0/5), ’Touki Bouki’ (1973, Drama, Rating: 5.0/5), ’Wend Kuuni (a.k.a. God's Gift)’ (1982, Drama, Rating: 5.0/5), ’Rob Roy’ (1995, Action|Drama|Romance|War, Rating: 5.0/5), ’Being Human’ (1993, Drama, Rating: 5.0/5), ’Life Is Rosy (a.k.a. Life Is Beautiful) (Vie est belle, La)’ (1987, Comedy|Drama, Rating: 5.0/5), ’Low Life’ (1994, Drama, Rating: 5.0/5), ’Barb Wire’ (1996, Action|Sci-Fi, Rating: 5.0/5)"
127546,recent,from the years 1983 to 1999,"genres such as Action, Adventure, Children, Comedy, Drama, Fantasy, Sci-Fi, Thriller","’Honey, I Blew Up the Kid’ (1992, Children|Comedy|Sci-Fi, Rating: 5.0/5), ’Wing Commander’ (1999, Action|Sci-Fi, Rating: 5.0/5), ’Super Mario Bros.’ (1993, Action|Adventure|Children|Comedy|Fantasy|Sci-Fi, Rating: 4.0/5), ’Star Trek V: The Final Frontier’ (1989, Action|Sci-Fi, Rating: 5.0/5), ’Godzilla’ (1998, Action|Sci-Fi|Thriller, Rating: 3.0/5), ’Mars Attacks!’ (1996, Action|Comedy|Sci-Fi, Rating: 4.0/5), ’Wild Wild West’ (1999, Action|Comedy|Sci-Fi|Western, Rating: 3.0/5), ’Lost in Space’ (1998, Action|Adventure|Sci-Fi, Rating: 4.0/5), ’Star Kid’ (1997, Adventure|Children|Fantasy|Sci-Fi, Rating: 1.0/5), ’Spaceballs’ (1987, Comedy|Sci-Fi, Rating: 4.0/5)"
127546,top-rated,from the years 1983 to 1999,"genres such as Action, Adventure, Children, Comedy, Drama, Fantasy, Sci-Fi, Thriller","’Honey, I Blew Up the Kid’ (1992, Children|Comedy|Sci-Fi, Rating: 5.0/5), ’Wing Commander’ (1999, Action|Sci-Fi, Rating: 5.0/5), ’Star Trek V: The Final Frontier’ (1989, Action|Sci-Fi, Rating: 5.0/5), ’Independence Day (a.k.a. ID4)’ (1996, Action|Adventure|Sci-Fi|Thriller, Rating: 5.0/5), ’Star Wars: Episode I - The Phantom Menace’ (1999, Action|Adventure|Sci-Fi, Rating: 5.0/5), ’Back to the Future Part II’ (1989, Adventure|Comedy|Sci-Fi, Rating: 5.0/5), ’Galaxy Quest’ (1999, Adventure|Comedy|Sci-Fi, Rating: 5.0/5), ’Contact’ (1997, Drama|Sci-Fi, Rating: 5.0/5), ’Star Wars: Episode VI - Return of the Jedi’ (1983, Action|Adventure|Sci-Fi, Rating: 5.0/5), ’Star Trek IV: The Voyage Home’ (1986, Adventure|Comedy|Sci-Fi, Rating: 5.0/5)"
128110,recent,from the years 1968 to 1999,"genres such as Action, Adventure, Animation, Children, Comedy, Crime, Drama, Fantasy, Horror, Musical, Mystery, Sci-Fi, Thriller","’E.T. the Extra-Terrestrial’ (1982, Children|Drama|Sci-Fi, Rating: 5.0/5), ’Labyrinth’ (1986, Adventure|Fantasy|Musical, Rating: 5.0/5), ’Independence Day (a.k.a. ID4)’ (1996, Action|Adventure|Sci-Fi|Thriller, Rating: 3.0/5), ’Body Snatchers’ (1993, Horror|Sci-Fi|Thriller, Rating: 4.0/5), ’Deep Impact’ (1998, Drama|Sci-Fi|Thriller, Rating: 2.0/5), ’Spaceballs’ (1987, Comedy|Sci-Fi, Rating: 4.0/5), ’Fifth Element, The’ (1997, Action|Adventure|Comedy|Sci-Fi, Rating: 2.0/5), ’Face/Off’ (1997, Action|Crime|Drama|Thriller, Rating: 4.0/5), ’Jurassic Park’ (1993, Action|Adventure|Sci-Fi|Thriller, Rating: 4.0/5), ’Rocky Horror Picture Show, The’ (1975, Comedy|Horror|Musical|Sci-Fi, Rating: 3.0/5)"
128110,top-rated,from the years 1968 to 1999,"genres such as Action, Adventure, Animation, Children, Comedy, Crime, Drama, Fantasy, Horror, Musical, Mystery, Sci-Fi, Thriller","’E.T. the Extra-Terrestrial’ (1982, Children|Drama|Sci-Fi, Rating: 5.0/5), ’Labyrinth’ (1986, Adventure|Fantasy|Musical, Rating: 5.0/5), ’Star Wars: Episode VI - Return of the Jedi’ (1983, Action|Adventure|Sci-Fi, Rating: 5.0/5), ’Twelve Monkeys (a.k.a. 12 Monkeys)’ (1995, Mystery|Sci-Fi|Thriller, Rating: 5.0/5), ’Sleeper’ (1973, Comedy|Sci-Fi, Rating: 5.0/5), ’Clockwork Orange, A’ (1971, Crime|Drama|Sci-Fi|Thriller, Rating: 5.0/5), ’Matrix, The’ (1999, Action|Sci-Fi|Thriller, Rating: 5.0/5), ’Star Wars: Episode V - The Empire Strikes Back’ (1980, Action|Adventure|Sci-Fi, Rating: 5.0/5), ’American Tail, An’ (1986, Adventure|Animation|Children|Comedy, Rating: 5.0/5), ’Winnie the Pooh and the Blustery Day’ (1968, Animation|Children|Musical, Rating: 5.0/5)"
128258,recent,from the years 1954 to 2014,"genres such as Adventure, Comedy, Crime, Documentary, Drama, Fantasy, Musical, Romance, Thriller, Western","’Botany of Desire, The’ (2009, Documentary, Rating: 3.5/5), ’Paradise Lost 2: Revelations’ (2000, Documentary, Rating: 3.0/5), ’Lupin III: The Castle Of Cagliostro (Rupan sansei: Kariosutoro no shiro)’ (1979, Action|Adventure|Animation|Comedy|Crime|Mystery, Rating: 3.0/5), ’The Imitation Game’ (2014, Drama|Thriller, Rating: 4.0/5), ’Normal Heart, The’ (2014, Drama, Rating: 4.0/5), ’Maze Runner, The’ (2014, Action|Mystery|Sci-Fi, Rating: 2.5/5), ’World's End, The’ (2013, Action|Comedy|Sci-Fi, Rating: 2.0/5), ’Deal, The’ (2003, Drama, Rating: 3.5/5), ’The Hobbit: The Battle of the Five Armies’ (2014, Adventure|Fantasy, Rating: 4.0/5), ’Winter's Tale’ (2014, Drama|Fantasy|Mystery, Rating: 3.0/5)"
128258,top-rated,from the years 1954 to 2014,"genres such as Adventure, Comedy, Crime, Documentary, Drama, Fantasy, Musical, Romance, Thriller, Western","’About Time’ (2013, Drama|Fantasy|Romance, Rating: 5.0/5), ’North & South’ (2004, Drama|Romance, Rating: 5.0/5), ’Persuasion’ (2007, Drama|Romance, Rating: 5.0/5), ’Help, The’ (2011, Drama, Rating: 5.0/5), ’Cove, The’ (2009, Documentary, Rating: 5.0/5), ’Flower Drum Song’ (1961, Comedy|Musical|Romance, Rating: 5.0/5), ’Kinky Boots’ (2005, Comedy|Drama, Rating: 5.0/5), ’Laramie Project, The’ (2002, Crime|Drama, Rating: 5.0/5), ’Au revoir les enfants’ (1987, Drama, Rating: 5.0/5), ’Seven Brides for Seven Brothers’ (1954, Comedy|Musical|Romance|Western, Rating: 5.0/5)"
129306,recent,from the years 1961 to 1998,"genres such as Adventure, Comedy, Drama, Fantasy, Horror, Mystery, Romance, Sci-Fi, Thriller, War, Western","’Bitter Moon’ (1992, Drama|Film-Noir|Romance, Rating: 3.0/5), ’Conformist, The (Conformista, Il)’ (1970, Drama, Rating: 5.0/5), ’Hustler, The’ (1961, Drama, Rating: 5.0/5), ’Celebration, The (Festen)’ (1998, Drama, Rating: 5.0/5), ’Ruby in Paradise’ (1993, Drama, Rating: 4.0/5), ’City of Women, The (Città delle donne, La)’ (1980, Comedy|Drama, Rating: 3.0/5), ’Maverick’ (1994, Adventure|Comedy|Western, Rating: 2.0/5), ’Last Man Standing’ (1996, Action|Crime|Drama|Thriller, Rating: 1.0/5), ’All the Pretty Horses’ (2000, Drama|Romance|Western, Rating: 2.0/5), ’Dead Man’ (1995, Drama|Mystery|Western, Rating: 4.0/5)"
129306,top-rated,from the years 1961 to 1998,"genres such as Adventure, Comedy, Drama, Fantasy, Horror, Mystery, Romance, Sci-Fi, Thriller, War, Western","’Conformist, The (Conformista, Il)’ (1970, Drama, Rating: 5.0/5), ’Hustler, The’ (1961, Drama, Rating: 5.0/5), ’Celebration, The (Festen)’ (1998, Drama, Rating: 5.0/5), ’Wild Bunch, The’ (1969, Adventure|Western, Rating: 5.0/5), ’Ran’ (1985, Drama|War, Rating: 5.0/5), ’Alphaville (Alphaville, une étrange aventure de Lemmy Caution)’ (1965, Drama|Mystery|Romance|Sci-Fi|Thriller, Rating: 5.0/5), ’Dr. Strangelove or: How I Learned to Stop Worrying and Love the Bomb’ (1964, Comedy|War, Rating: 5.0/5), ’Brazil’ (1985, Fantasy|Sci-Fi, Rating: 5.0/5), ’Dead Calm’ (1989, Thriller, Rating: 5.0/5), ’Jacob's Ladder’ (1990, Horror|Mystery, Rating: 5.0/5)"
130482,recent,from the years 1939 to 2004,"genres such as Action, Adventure, Animation, Children, Comedy, Crime, Drama, Fantasy, Musical, Mystery, Sci-Fi, Thriller, War","’Shawshank Redemption, The’ (1994, Crime|Drama, Rating: 4.0/5), ’Monsters, Inc.’ (2001, Adventure|Animation|Children|Comedy|Fantasy, Rating: 3.5/5), ’Aladdin’ (1992, Adventure|Animation|Children|Comedy|Musical, Rating: 4.0/5), ’Traffic’ (2000, Crime|Drama|Thriller, Rating: 4.0/5), ’M*A*S*H (a.k.a. MASH)’ (1970, Comedy|Drama|War, Rating: 4.5/5), ’There's Something About Mary’ (1998, Comedy|Romance, Rating: 3.5/5), ’Matrix, The’ (1999, Action|Sci-Fi|Thriller, Rating: 4.5/5), ’Memento’ (2000, Mystery|Thriller, Rating: 4.0/5), ’Kill Bill: Vol. 2’ (2004, Action|Drama|Thriller, Rating: 4.5/5), ’Fight Club’ (1999, Action|Crime|Drama|Thriller, Rating: 4.5/5)"
130482,top-rated,from the years 1939 to 2004,"genres such as Action, Adventure, Animation, Children, Comedy, Crime, Drama, Fantasy, Musical, Mystery, Sci-Fi, Thriller, War","’Rules of the Game, The (La règle du jeu)’ (1939, Comedy|Drama, Rating: 5.0/5), ’M*A*S*H (a.k.a. MASH)’ (1970, Comedy|Drama|War, Rating: 4.5/5), ’Matrix, The’ (1999, Action|Sci-Fi|Thriller, Rating: 4.5/5), ’Kill Bill: Vol. 2’ (2004, Action|Drama|Thriller, Rating: 4.5/5), ’Fight Club’ (1999, Action|Crime|Drama|Thriller, Rating: 4.5/5), ’Monty Python's And Now for Something Completely Different’ (1971, Comedy, Rating: 4.5/5), ’Lord of the Rings: The Return of the King, The’ (2003, Action|Adventure|Drama|Fantasy, Rating: 4.5/5), ’Unvanquished, The (Aparajito)’ (1957, Drama, Rating: 4.5/5), ’World of Apu, The (Apur Sansar)’ (1959, Drama, Rating: 4.5/5), ’Song of the Little Road (Pather Panchali)’ (1955, Drama, Rating: 4.5/5)"
130928,recent,from the years 1977 to 1997,"genres such as Action, Adventure, Animation, Children, Comedy, Drama, Fantasy, Mystery, Sci-Fi, Thriller","’Absolute Power’ (1997, Mystery|Thriller, Rating: 4.0/5), ’Preacher's Wife, The’ (1996, Drama, Rating: 4.0/5), ’Daylight’ (1996, Action|Adventure|Drama|Thriller, Rating: 4.0/5), ’Jingle All the Way’ (1996, Children|Comedy, Rating: 3.0/5), ’Michael’ (1996, Comedy|Drama|Fantasy|Romance, Rating: 3.0/5), ’Dante's Peak’ (1997, Action|Thriller, Rating: 5.0/5), ’Space Jam’ (1996, Adventure|Animation|Children|Comedy|Fantasy|Sci-Fi, Rating: 4.0/5), ’Ransom’ (1996, Crime|Thriller, Rating: 3.0/5), ’Ghost and the Darkness, The’ (1996, Action|Adventure, Rating: 4.0/5), ’Star Wars: Episode VI - Return of the Jedi’ (1983, Action|Adventure|Sci-Fi, Rating: 5.0/5)"
130928,top-rated,from the years 1977 to 1997,"genres such as Action, Adventure, Animation, Children, Comedy, Drama, Fantasy, Mystery, Sci-Fi, Thriller","’Dante's Peak’ (1997, Action|Thriller, Rating: 5.0/5), ’Star Wars: Episode VI - Return of the Jedi’ (1983, Action|Adventure|Sci-Fi, Rating: 5.0/5), ’Happy Gilmore’ (1996, Comedy, Rating: 5.0/5), ’Star Wars: Episode IV - A New Hope’ (1977, Action|Adventure|Sci-Fi, Rating: 5.0/5), ’Rock, The’ (1996, Action|Adventure|Thriller, Rating: 5.0/5), ’Broken Arrow’ (1996, Action|Adventure|Thriller, Rating: 5.0/5), ’Independence Day (a.k.a. ID4)’ (1996, Action|Adventure|Sci-Fi|Thriller, Rating: 5.0/5), ’Absolute Power’ (1997, Mystery|Thriller, Rating: 4.0/5), ’Preacher's Wife, The’ (1996, Drama, Rating: 4.0/5), ’Daylight’ (1996, Action|Adventure|Drama|Thriller, Rating: 4.0/5)"
131445,recent,from the years 1987 to 1999,"genres such as Action, Adventure, Children, Comedy, Crime, Drama, Fantasy, Mystery, Romance, Sci-Fi, Thriller","’8MM’ (1999, Drama|Mystery|Thriller, Rating: 4.0/5), ’Austin Powers: International Man of Mystery’ (1997, Action|Adventure|Comedy, Rating: 5.0/5), ’My Best Friend's Wedding’ (1997, Comedy|Romance, Rating: 2.0/5), ’In & Out’ (1997, Comedy, Rating: 2.0/5), ’Full Monty, The’ (1997, Comedy|Drama, Rating: 5.0/5), ’Wedding Singer, The’ (1998, Comedy|Romance, Rating: 4.0/5), ’Addams Family, The’ (1991, Children|Comedy|Fantasy, Rating: 4.0/5), ’Liar Liar’ (1997, Comedy, Rating: 4.0/5), ’Sabrina’ (1995, Comedy|Romance, Rating: 2.0/5), ’Groundhog Day’ (1993, Comedy|Fantasy|Romance, Rating: 4.0/5)"
131445,top-rated,from the years 1987 to 1999,"genres such as Action, Adventure, Children, Comedy, Crime, Drama, Fantasy, Mystery, Romance, Sci-Fi, Thriller","’Austin Powers: International Man of Mystery’ (1997, Action|Adventure|Comedy, Rating: 5.0/5), ’Full Monty, The’ (1997, Comedy|Drama, Rating: 5.0/5), ’Truman Show, The’ (1998, Comedy|Drama|Sci-Fi, Rating: 5.0/5), ’Trainspotting’ (1996, Comedy|Crime|Drama, Rating: 5.0/5), ’Contact’ (1997, Drama|Sci-Fi, Rating: 5.0/5), ’Lethal Weapon’ (1987, Action|Comedy|Crime|Drama, Rating: 5.0/5), ’Twister’ (1996, Action|Adventure|Romance|Thriller, Rating: 5.0/5), ’Natural Born Killers’ (1994, Action|Crime|Thriller, Rating: 5.0/5), ’Crow, The’ (1994, Action|Crime|Fantasy|Thriller, Rating: 5.0/5), ’Game, The’ (1997, Drama|Mystery|Thriller, Rating: 5.0/5)"
131667,recent,from the years 1994 to 2008,"genres such as Action, Adventure, Comedy, Crime, Drama, IMAX, Romance, Thriller","’Dark Knight, The’ (2008, Action|Crime|Drama|IMAX, Rating: 4.0/5), ’Amelie (Fabuleux destin d'Amélie Poulain, Le)’ (2001, Comedy|Romance, Rating: 5.0/5), ’She's the Man’ (2006, Comedy|Romance, Rating: 4.0/5), ’Shawshank Redemption, The’ (1994, Crime|Drama, Rating: 4.5/5), ’Sex and the City’ (2008, Comedy|Romance, Rating: 5.0/5), ’Sisterhood of the Traveling Pants 2, The’ (2008, Adventure|Comedy|Drama|Romance, Rating: 4.5/5), ’Nanny Diaries, The’ (2007, Comedy|Drama|Romance, Rating: 4.5/5), ’Chasing Liberty’ (2004, Comedy|Romance, Rating: 4.0/5), ’Guy Thing, A’ (2003, Comedy|Romance, Rating: 0.5/5), ’Serving Sara’ (2002, Comedy|Romance, Rating: 4.5/5)"
131667,top-rated,from the years 1994 to 2008,"genres such as Action, Adventure, Comedy, Crime, Drama, IMAX, Romance, Thriller","’Amelie (Fabuleux destin d'Amélie Poulain, Le)’ (2001, Comedy|Romance, Rating: 5.0/5), ’Sex and the City’ (2008, Comedy|Romance, Rating: 5.0/5), ’Shawshank Redemption, The’ (1994, Crime|Drama, Rating: 4.5/5), ’Sisterhood of the Traveling Pants 2, The’ (2008, Adventure|Comedy|Drama|Romance, Rating: 4.5/5), ’Nanny Diaries, The’ (2007, Comedy|Drama|Romance, Rating: 4.5/5), ’Serving Sara’ (2002, Comedy|Romance, Rating: 4.5/5), ’Dark Knight, The’ (2008, Action|Crime|Drama|IMAX, Rating: 4.0/5), ’She's the Man’ (2006, Comedy|Romance, Rating: 4.0/5), ’Chasing Liberty’ (2004, Comedy|Romance, Rating: 4.0/5), ’21’ (2008, Crime|Drama|Romance|Thriller, Rating: 4.0/5)"
131876,recent,from the years 1953 to 2008,"genres such as Action, Comedy, Crime, Drama, IMAX, Mystery, Romance, Thriller","’Batman Begins’ (2005, Action|Crime|IMAX, Rating: 5.0/5), ’American Beauty’ (1999, Comedy|Drama, Rating: 4.0/5), ’Amadeus’ (1984, Drama, Rating: 4.5/5), ’You Don't Mess with the Zohan’ (2008, Comedy, Rating: 4.5/5), ’Forgetting Sarah Marshall’ (2008, Comedy|Romance, Rating: 4.0/5), ’Road to El Dorado, The’ (2000, Animation|Children, Rating: 2.5/5), ’Saving Silverman (Evil Woman)’ (2001, Comedy|Romance, Rating: 3.5/5), ’Two Weeks Notice’ (2002, Comedy|Romance, Rating: 2.5/5), ’Turner & Hooch’ (1989, Comedy|Crime, Rating: 3.0/5), ’Dark Knight, The’ (2008, Action|Crime|Drama|IMAX, Rating: 5.0/5)"
131876,top-rated,from the years 1953 to 2008,"genres such as Action, Comedy, Crime, Drama, IMAX, Mystery, Romance, Thriller","’Batman Begins’ (2005, Action|Crime|IMAX, Rating: 5.0/5), ’Dark Knight, The’ (2008, Action|Crime|Drama|IMAX, Rating: 5.0/5), ’What About Bob?’ (1991, Comedy, Rating: 5.0/5), ’Fast Times at Ridgemont High’ (1982, Comedy|Drama|Romance, Rating: 5.0/5), ’Amadeus’ (1984, Drama, Rating: 4.5/5), ’You Don't Mess with the Zohan’ (2008, Comedy, Rating: 4.5/5), ’Da Vinci Code, The’ (2006, Drama|Mystery|Thriller, Rating: 4.5/5), ’Roman Holiday’ (1953, Comedy|Drama|Romance, Rating: 4.5/5), ’American Beauty’ (1999, Comedy|Drama, Rating: 4.0/5), ’Forgetting Sarah Marshall’ (2008, Comedy|Romance, Rating: 4.0/5)"
132260,recent,from the years 1975 to 2003,"genres such as Action, Adventure, Animation, Children, Comedy, Crime, Drama, Fantasy, Horror, IMAX, Musical, Mystery, Romance, Sci-Fi, Thriller, War","’Cursed’ (2005, Horror|Thriller, Rating: 3.5/5), ’Gothika’ (2003, Horror|Thriller, Rating: 2.5/5), ’Village, The’ (2004, Drama|Mystery|Thriller, Rating: 2.0/5), ’Dracula: Pages from a Virgin's Diary’ (2001, Horror|Mystery, Rating: 0.5/5), ’Shadow of the Vampire’ (2000, Drama|Horror, Rating: 3.0/5), ’Identity’ (2003, Crime|Horror|Mystery|Thriller, Rating: 4.0/5), ’May’ (2002, Drama|Horror, Rating: 4.0/5), ’Ring, The’ (2002, Horror|Mystery|Thriller, Rating: 4.0/5), ’Finding Nemo’ (2003, Adventure|Animation|Children|Comedy, Rating: 2.0/5), ’Indiana Jones and the Last Crusade’ (1989, Action|Adventure, Rating: 2.5/5)"
132260,top-rated,from the years 1975 to 2003,"genres such as Action, Adventure, Animation, Children, Comedy, Crime, Drama, Fantasy, Horror, IMAX, Musical, Mystery, Romance, Sci-Fi, Thriller, War","’Return of the Living Dead, The’ (1985, Comedy|Horror|Sci-Fi, Rating: 5.0/5), ’Evil Dead, The’ (1981, Fantasy|Horror|Thriller, Rating: 5.0/5), ’Monty Python and the Holy Grail’ (1975, Adventure|Comedy|Fantasy, Rating: 5.0/5), ’Princess Bride, The’ (1987, Action|Adventure|Comedy|Fantasy|Romance, Rating: 5.0/5), ’Saving Private Ryan’ (1998, Action|Drama|War, Rating: 5.0/5), ’Lion King, The’ (1994, Adventure|Animation|Children|Drama|Musical|IMAX, Rating: 5.0/5), ’Raiders of the Lost Ark (Indiana Jones and the Raiders of the Lost Ark)’ (1981, Action|Adventure, Rating: 5.0/5), ’Toy Story’ (1995, Adventure|Animation|Children|Comedy|Fantasy, Rating: 5.0/5), ’Braveheart’ (1995, Action|Drama|War, Rating: 5.0/5), ’Forrest Gump’ (1994, Comedy|Drama|Romance|War, Rating: 5.0/5)"
132547,recent,from the years 1964 to 1995,"genres such as Comedy, Crime, Drama, Musical, Mystery, Romance, Thriller, War","’Schindler's List’ (1993, Drama|War, Rating: 5.0/5), ’Searching for Bobby Fischer’ (1993, Drama, Rating: 5.0/5), ’Natural Born Killers’ (1994, Action|Crime|Thriller, Rating: 1.0/5), ’Pulp Fiction’ (1994, Comedy|Crime|Drama|Thriller, Rating: 1.0/5), ’Dolores Claiborne’ (1995, Drama|Thriller, Rating: 2.0/5), ’Much Ado About Nothing’ (1993, Comedy|Romance, Rating: 4.0/5), ’Maverick’ (1994, Adventure|Comedy|Western, Rating: 3.0/5), ’Now and Then’ (1995, Children|Drama, Rating: 2.0/5), ’Only You’ (1994, Comedy|Romance, Rating: 3.0/5), ’Four Weddings and a Funeral’ (1994, Comedy|Romance, Rating: 5.0/5)"
132547,top-rated,from the years 1964 to 1995,"genres such as Comedy, Crime, Drama, Musical, Mystery, Romance, Thriller, War","’Schindler's List’ (1993, Drama|War, Rating: 5.0/5), ’Searching for Bobby Fischer’ (1993, Drama, Rating: 5.0/5), ’Four Weddings and a Funeral’ (1994, Comedy|Romance, Rating: 5.0/5), ’Umbrellas of Cherbourg, The (Parapluies de Cherbourg, Les)’ (1964, Drama|Musical|Romance, Rating: 5.0/5), ’Vanya on 42nd Street’ (1994, Drama, Rating: 5.0/5), ’Ref, The’ (1994, Comedy, Rating: 5.0/5), ’Nobody's Fool’ (1994, Comedy|Drama|Romance, Rating: 5.0/5), ’Madness of King George, The’ (1994, Comedy|Drama, Rating: 5.0/5), ’Don Juan DeMarco’ (1995, Comedy|Drama|Romance, Rating: 5.0/5), ’Usual Suspects, The’ (1995, Crime|Mystery|Thriller, Rating: 5.0/5)"
133211,recent,from the years 1962 to 1999,"genres such as Action, Adventure, Animation, Children, Comedy, Crime, Drama, IMAX, Musical, Sci-Fi, Thriller, War","’Matrix, The’ (1999, Action|Sci-Fi|Thriller, Rating: 2.0/5), ’Willy Wonka & the Chocolate Factory’ (1971, Children|Comedy|Fantasy|Musical, Rating: 2.0/5), ’E.T. the Extra-Terrestrial’ (1982, Children|Drama|Sci-Fi, Rating: 4.0/5), ’American Beauty’ (1999, Comedy|Drama, Rating: 4.0/5), ’Outbreak’ (1995, Action|Drama|Sci-Fi|Thriller, Rating: 1.0/5), ’Lion King, The’ (1994, Adventure|Animation|Children|Drama|Musical|IMAX, Rating: 4.0/5), ’Schindler's List’ (1993, Drama|War, Rating: 5.0/5), ’Star Wars: Episode IV - A New Hope’ (1977, Action|Adventure|Sci-Fi, Rating: 4.0/5), ’Apollo 13’ (1995, Adventure|Drama|IMAX, Rating: 4.0/5), ’Batman’ (1989, Action|Crime|Thriller, Rating: 1.0/5)"
133211,top-rated,from the years 1962 to 1999,"genres such as Action, Adventure, Animation, Children, Comedy, Crime, Drama, IMAX, Musical, Sci-Fi, Thriller, War","’Schindler's List’ (1993, Drama|War, Rating: 5.0/5), ’To Kill a Mockingbird’ (1962, Drama, Rating: 5.0/5), ’Pulp Fiction’ (1994, Comedy|Crime|Drama|Thriller, Rating: 4.5/5), ’E.T. the Extra-Terrestrial’ (1982, Children|Drama|Sci-Fi, Rating: 4.0/5), ’American Beauty’ (1999, Comedy|Drama, Rating: 4.0/5), ’Lion King, The’ (1994, Adventure|Animation|Children|Drama|Musical|IMAX, Rating: 4.0/5), ’Star Wars: Episode IV - A New Hope’ (1977, Action|Adventure|Sci-Fi, Rating: 4.0/5), ’Apollo 13’ (1995, Adventure|Drama|IMAX, Rating: 4.0/5), ’Fugitive, The’ (1993, Thriller, Rating: 4.0/5), ’Jurassic Park’ (1993, Action|Adventure|Sci-Fi|Thriller, Rating: 4.0/5)"
134927,recent,from the years 1941 to 1999,"genres such as Action, Adventure, Animation, Children, Comedy, Crime, Drama, Fantasy, Film-Noir, Mystery, Romance, Sci-Fi, Thriller","’X-Men’ (2000, Action|Adventure|Sci-Fi, Rating: 3.0/5), ’Wild Wild West’ (1999, Action|Comedy|Sci-Fi|Western, Rating: 1.0/5), ’Who Framed Roger Rabbit?’ (1988, Adventure|Animation|Children|Comedy|Crime|Fantasy|Mystery, Rating: 4.0/5), ’Where the Heart Is’ (2000, Comedy|Drama, Rating: 1.0/5), ’What Lies Beneath’ (2000, Drama|Horror|Mystery, Rating: 1.0/5), ’Thirteenth Floor, The’ (1999, Drama|Sci-Fi|Thriller, Rating: 1.0/5), ’Summer of Sam’ (1999, Drama, Rating: 5.0/5), ’Thomas Crown Affair, The’ (1999, Action|Mystery, Rating: 3.0/5), ’Toy Story 2’ (1999, Adventure|Animation|Children|Comedy|Fantasy, Rating: 5.0/5), ’Talented Mr. Ripley, The’ (1999, Drama|Mystery|Thriller, Rating: 2.0/5)"
134927,top-rated,from the years 1941 to 1999,"genres such as Action, Adventure, Animation, Children, Comedy, Crime, Drama, Fantasy, Film-Noir, Mystery, Romance, Sci-Fi, Thriller","’Summer of Sam’ (1999, Drama, Rating: 5.0/5), ’Toy Story 2’ (1999, Adventure|Animation|Children|Comedy|Fantasy, Rating: 5.0/5), ’Shakespeare in Love’ (1998, Comedy|Drama|Romance, Rating: 5.0/5), ’Magnolia’ (1999, Drama, Rating: 5.0/5), ’Ghostbusters (a.k.a. Ghost Busters)’ (1984, Action|Comedy|Sci-Fi, Rating: 5.0/5), ’Pulp Fiction’ (1994, Comedy|Crime|Drama|Thriller, Rating: 5.0/5), ’Who Framed Roger Rabbit?’ (1988, Adventure|Animation|Children|Comedy|Crime|Fantasy|Mystery, Rating: 4.0/5), ’Office Space’ (1999, Comedy|Crime, Rating: 4.0/5), ’Maltese Falcon, The’ (1941, Film-Noir|Mystery, Rating: 4.0/5), ’Fight Club’ (1999, Action|Crime|Drama|Thriller, Rating: 4.0/5)"
135421,recent,from the years 1975 to 2008,"genres such as Action, Adventure, Animation, Children, Comedy, Crime, Drama, Fantasy, Mystery, Romance, Sci-Fi, Thriller","’Princess Bride, The’ (1987, Action|Adventure|Comedy|Fantasy|Romance, Rating: 5.0/5), ’How the Grinch Stole Christmas!’ (1966, Animation|Comedy|Fantasy|Musical, Rating: 3.5/5), ’Monty Python and the Holy Grail’ (1975, Adventure|Comedy|Fantasy, Rating: 4.5/5), ’Back to the Future’ (1985, Adventure|Comedy|Sci-Fi, Rating: 5.0/5), ’Superbad’ (2007, Comedy, Rating: 3.5/5), ’Ratatouille’ (2007, Animation|Children|Drama, Rating: 4.5/5), ’Pirates of the Caribbean: The Curse of the Black Pearl’ (2003, Action|Adventure|Comedy|Fantasy, Rating: 4.5/5), ’Office Space’ (1999, Comedy|Crime, Rating: 4.5/5), ’Ocean's Eleven’ (2001, Crime|Thriller, Rating: 4.0/5), ’Ghostbusters (a.k.a. Ghost Busters)’ (1984, Action|Comedy|Sci-Fi, Rating: 4.0/5)"
135421,top-rated,from the years 1975 to 2008,"genres such as Action, Adventure, Animation, Children, Comedy, Crime, Drama, Fantasy, Mystery, Romance, Sci-Fi, Thriller","’Princess Bride, The’ (1987, Action|Adventure|Comedy|Fantasy|Romance, Rating: 5.0/5), ’Back to the Future’ (1985, Adventure|Comedy|Sci-Fi, Rating: 5.0/5), ’Incredibles, The’ (2004, Action|Adventure|Animation|Children|Comedy, Rating: 5.0/5), ’Monty Python and the Holy Grail’ (1975, Adventure|Comedy|Fantasy, Rating: 4.5/5), ’Ratatouille’ (2007, Animation|Children|Drama, Rating: 4.5/5), ’Pirates of the Caribbean: The Curse of the Black Pearl’ (2003, Action|Adventure|Comedy|Fantasy, Rating: 4.5/5), ’Office Space’ (1999, Comedy|Crime, Rating: 4.5/5), ’Hot Fuzz’ (2007, Action|Comedy|Crime|Mystery, Rating: 4.5/5), ’Forgetting Sarah Marshall’ (2008, Comedy|Romance, Rating: 4.5/5), ’Wallace & Gromit: A Close Shave’ (1995, Animation|Children|Comedy, Rating: 4.5/5)"
136120,recent,from the years 1984 to 2012,"genres such as Action, Adventure, Animation, Children, Comedy, Crime, Drama, Fantasy, Horror, IMAX, Mystery, Romance, Sci-Fi, Thriller, War","’Terminator, The’ (1984, Action|Sci-Fi|Thriller, Rating: 5.0/5), ’Back to the Future Part II’ (1989, Adventure|Comedy|Sci-Fi, Rating: 4.0/5), ’Gladiator’ (2000, Action|Adventure|Drama, Rating: 5.0/5), ’Shrek’ (2001, Adventure|Animation|Children|Comedy|Fantasy|Romance, Rating: 5.0/5), ’Dark Knight Rises, The’ (2012, Action|Adventure|Crime|IMAX, Rating: 5.0/5), ’Harry Potter and the Deathly Hallows: Part 1’ (2010, Action|Adventure|Fantasy|IMAX, Rating: 3.5/5), ’Inception’ (2010, Action|Crime|Drama|Mystery|Sci-Fi|Thriller|IMAX, Rating: 5.0/5), ’Sherlock Holmes’ (2009, Action|Crime|Mystery|Thriller, Rating: 5.0/5), ’Help, The’ (2011, Drama, Rating: 4.0/5), ’Ring Two, The’ (2005, Drama|Horror|Mystery|Thriller, Rating: 3.5/5)"
136120,top-rated,from the years 1984 to 2012,"genres such as Action, Adventure, Animation, Children, Comedy, Crime, Drama, Fantasy, Horror, IMAX, Mystery, Romance, Sci-Fi, Thriller, War","’Terminator, The’ (1984, Action|Sci-Fi|Thriller, Rating: 5.0/5), ’Gladiator’ (2000, Action|Adventure|Drama, Rating: 5.0/5), ’Shrek’ (2001, Adventure|Animation|Children|Comedy|Fantasy|Romance, Rating: 5.0/5), ’Dark Knight Rises, The’ (2012, Action|Adventure|Crime|IMAX, Rating: 5.0/5), ’Inception’ (2010, Action|Crime|Drama|Mystery|Sci-Fi|Thriller|IMAX, Rating: 5.0/5), ’Sherlock Holmes’ (2009, Action|Crime|Mystery|Thriller, Rating: 5.0/5), ’X-Men: First Class’ (2011, Action|Adventure|Sci-Fi|Thriller|War, Rating: 5.0/5), ’Prometheus’ (2012, Action|Horror|Sci-Fi|IMAX, Rating: 4.5/5), ’Harry Potter and the Deathly Hallows: Part 2’ (2011, Action|Adventure|Drama|Fantasy|Mystery|IMAX, Rating: 4.5/5), ’Back to the Future Part II’ (1989, Adventure|Comedy|Sci-Fi, Rating: 4.0/5)"
136296,recent,from the years 1994 to 1996,"genres such as Action, Adventure, Animation, Children, Comedy, Fantasy, Romance, Sci-Fi, Thriller","’Thin Line Between Love and Hate, A’ (1996, Comedy, Rating: 5.0/5), ’Celtic Pride’ (1996, Comedy, Rating: 3.0/5), ’Flipper’ (1996, Adventure|Children, Rating: 4.0/5), ’Grumpier Old Men’ (1995, Comedy|Romance, Rating: 3.0/5), ’Fear’ (1996, Thriller, Rating: 1.0/5), ’Happy Gilmore’ (1996, Comedy, Rating: 4.0/5), ’Crow: City of Angels, The’ (1996, Action|Thriller, Rating: 4.0/5), ’Nutty Professor, The’ (1996, Comedy|Fantasy|Romance|Sci-Fi, Rating: 5.0/5), ’Space Jam’ (1996, Adventure|Animation|Children|Comedy|Fantasy|Sci-Fi, Rating: 4.0/5), ’Craft, The’ (1996, Drama|Fantasy|Horror|Thriller, Rating: 3.0/5)"
136296,top-rated,from the years 1994 to 1996,"genres such as Action, Adventure, Animation, Children, Comedy, Fantasy, Romance, Sci-Fi, Thriller","’Thin Line Between Love and Hate, A’ (1996, Comedy, Rating: 5.0/5), ’Nutty Professor, The’ (1996, Comedy|Fantasy|Romance|Sci-Fi, Rating: 5.0/5), ’River Wild, The’ (1994, Action|Thriller, Rating: 5.0/5), ’Truth About Cats & Dogs, The’ (1996, Comedy|Romance, Rating: 5.0/5), ’Toy Story’ (1995, Adventure|Animation|Children|Comedy|Fantasy, Rating: 5.0/5), ’Twister’ (1996, Action|Adventure|Romance|Thriller, Rating: 5.0/5), ’Flipper’ (1996, Adventure|Children, Rating: 4.0/5), ’Happy Gilmore’ (1996, Comedy, Rating: 4.0/5), ’Crow: City of Angels, The’ (1996, Action|Thriller, Rating: 4.0/5), ’Space Jam’ (1996, Adventure|Animation|Children|Comedy|Fantasy|Sci-Fi, Rating: 4.0/5)"
137619,recent,from the years 1990 to 2005,"genres such as Action, Adventure, Animation, Children, Comedy, Crime, Documentary, Drama, Fantasy, Horror, Mystery, Romance, Sci-Fi, Thriller","’Million Dollar Baby’ (2004, Drama, Rating: 4.5/5), ’Starship Troopers’ (1997, Action|Sci-Fi, Rating: 4.0/5), ’Meet Joe Black’ (1998, Romance, Rating: 4.0/5), ’Dune’ (2000, Drama|Fantasy|Sci-Fi, Rating: 4.0/5), ’Chronicles of Narnia: The Lion, the Witch and the Wardrobe, The’ (2005, Adventure|Children|Fantasy, Rating: 1.5/5), ’Solaris’ (2002, Drama|Romance|Sci-Fi, Rating: 2.0/5), ’Girl with a Pearl Earring’ (2003, Drama|Romance, Rating: 1.5/5), ’March of the Penguins (Marche de l'empereur, La)’ (2005, Documentary, Rating: 4.0/5), ’Big Fish’ (2003, Drama|Fantasy|Romance, Rating: 4.5/5), ’Interpreter, The’ (2005, Drama|Thriller, Rating: 4.0/5)"
137619,top-rated,from the years 1990 to 2005,"genres such as Action, Adventure, Animation, Children, Comedy, Crime, Documentary, Drama, Fantasy, Horror, Mystery, Romance, Sci-Fi, Thriller","’Bourne Supremacy, The’ (2004, Action|Crime|Thriller, Rating: 5.0/5), ’Star Wars: Episode III - Revenge of the Sith’ (2005, Action|Adventure|Sci-Fi, Rating: 5.0/5), ’Devil's Advocate, The’ (1997, Drama|Mystery|Thriller, Rating: 5.0/5), ’Godfather: Part III, The’ (1990, Crime|Drama|Mystery|Thriller, Rating: 5.0/5), ’Beautiful Mind, A’ (2001, Drama|Romance, Rating: 5.0/5), ’Memento’ (2000, Mystery|Thriller, Rating: 5.0/5), ’Dracula (Bram Stoker's Dracula)’ (1992, Fantasy|Horror|Romance|Thriller, Rating: 5.0/5), ’Immortal Beloved’ (1994, Drama|Romance, Rating: 5.0/5), ’Matrix, The’ (1999, Action|Sci-Fi|Thriller, Rating: 5.0/5), ’Monsters, Inc.’ (2001, Adventure|Animation|Children|Comedy|Fantasy, Rating: 5.0/5)"
138289,recent,from the years 1955 to 2006,"genres such as Action, Adventure, Animation, Children, Comedy, Crime, Drama, Fantasy, Mystery, Romance, Thriller, War, Western","’Big Country, The’ (1958, Romance|Western, Rating: 5.0/5), ’Hopscotch’ (1980, Comedy, Rating: 5.0/5), ’Finding Nemo’ (2003, Adventure|Animation|Children|Comedy, Rating: 4.0/5), ’Eagle Has Landed, The’ (1976, Drama|War, Rating: 5.0/5), ’Wild Geese, The’ (1978, Action|Adventure|Drama|War, Rating: 4.5/5), ’To Catch a Thief’ (1955, Crime|Mystery|Romance|Thriller, Rating: 5.0/5), ’Lucky Number Slevin’ (2006, Crime|Drama|Mystery, Rating: 5.0/5), ’Illusionist, The’ (2006, Drama|Fantasy|Mystery|Romance, Rating: 5.0/5), ’El Dorado’ (1966, Western, Rating: 4.0/5), ’Wait Until Dark’ (1967, Drama|Thriller, Rating: 4.0/5)"
138289,top-rated,from the years 1955 to 2006,"genres such as Action, Adventure, Animation, Children, Comedy, Crime, Drama, Fantasy, Mystery, Romance, Thriller, War, Western","’Big Country, The’ (1958, Romance|Western, Rating: 5.0/5), ’Hopscotch’ (1980, Comedy, Rating: 5.0/5), ’Eagle Has Landed, The’ (1976, Drama|War, Rating: 5.0/5), ’To Catch a Thief’ (1955, Crime|Mystery|Romance|Thriller, Rating: 5.0/5), ’Lucky Number Slevin’ (2006, Crime|Drama|Mystery, Rating: 5.0/5), ’Illusionist, The’ (2006, Drama|Fantasy|Mystery|Romance, Rating: 5.0/5), ’World Is Not Enough, The’ (1999, Action|Adventure|Thriller, Rating: 5.0/5), ’View to a Kill, A’ (1985, Action|Adventure|Thriller, Rating: 5.0/5), ’Octopussy’ (1983, Action|Adventure|Thriller, Rating: 5.0/5), ’Never Say Never Again’ (1983, Action|Adventure|Thriller, Rating: 5.0/5)"
138333,recent,from the years 1955 to 2006,"genres such as Action, Adventure, Animation, Comedy, Crime, Drama, Fantasy, Horror, Musical, Mystery, Romance, Sci-Fi, Thriller, War","’Donnie Darko’ (2001, Drama|Mystery|Sci-Fi|Thriller, Rating: 4.0/5), ’Departed, The’ (2006, Crime|Drama|Thriller, Rating: 4.0/5), ’City of God (Cidade de Deus)’ (2002, Action|Adventure|Crime|Drama|Thriller, Rating: 5.0/5), ’American History X’ (1998, Crime|Drama, Rating: 4.0/5), ’American Beauty’ (1999, Comedy|Drama, Rating: 4.5/5), ’12 Angry Men’ (1957, Drama, Rating: 5.0/5), ’Pulp Fiction’ (1994, Comedy|Crime|Drama|Thriller, Rating: 5.0/5), ’Misérables, Les’ (1998, Crime|Drama|Romance|War, Rating: 5.0/5), ’Amityville Horror, The’ (1979, Drama|Horror|Mystery|Thriller, Rating: 4.0/5), ’League of Extraordinary Gentlemen, The (a.k.a. LXG)’ (2003, Action|Fantasy|Sci-Fi, Rating: 4.0/5)"
138333,top-rated,from the years 1955 to 2006,"genres such as Action, Adventure, Animation, Comedy, Crime, Drama, Fantasy, Horror, Musical, Mystery, Romance, Sci-Fi, Thriller, War","’City of God (Cidade de Deus)’ (2002, Action|Adventure|Crime|Drama|Thriller, Rating: 5.0/5), ’12 Angry Men’ (1957, Drama, Rating: 5.0/5), ’Pulp Fiction’ (1994, Comedy|Crime|Drama|Thriller, Rating: 5.0/5), ’Misérables, Les’ (1998, Crime|Drama|Romance|War, Rating: 5.0/5), ’Yellow Submarine’ (1968, Adventure|Animation|Comedy|Fantasy|Musical, Rating: 5.0/5), ’Rebel Without a Cause’ (1955, Drama, Rating: 5.0/5), ’American Beauty’ (1999, Comedy|Drama, Rating: 4.5/5), ’Donnie Darko’ (2001, Drama|Mystery|Sci-Fi|Thriller, Rating: 4.0/5), ’Departed, The’ (2006, Crime|Drama|Thriller, Rating: 4.0/5), ’American History X’ (1998, Crime|Drama, Rating: 4.0/5)"
