text,Financial_Problem,Other,Everyday_Decision_Making,Emotional_Turmoil,School,Family_Issues,Social_Relationships,Work,Health_Fatigue_Physical_Pain,neutralized_text,index
a few things - i can fill you in later when we chat,0,1,0,0,0,0,0,0,0,A few things – I can fill you in later when we chat.,0
a lot of things! where to start?!,0,1,1,1,0,0,0,0,0,A lot of things! Where to start?!,1
"a problem at work, school, or simply planning a meal and the work problem office",0,0,0,0,1,0,0,1,0,"a problem at work, school, or simply planning a meal and the work problem office",2
a recent situation is that my house is listed and not selling quick,1,0,1,0,0,0,0,0,0,A recent situation is that my house is listed and not selling quickly.,3
A situation that has been stressing me out is the coronavirus.,0,0,0,1,0,0,0,0,1,A situation that has been causing me stress is the coronavirus.,4
Adjusting to distance learning for graduate level courses,0,1,0,1,1,0,0,0,0,Adjusting to distance learning for advanced level courses,5
All of the COVID-19 happenings and the financial fallout that has happened as a result.,1,0,0,1,0,0,0,0,1,All of the COVID-19 events and the financial consequences that have resulted.,6
all the craziness going on in the country right now,0,1,1,1,0,0,0,0,1,All the craziness going on in my country right now,7
all these exams i have coming up and no time to study!,0,1,0,0,1,0,0,0,0,All these exams coming up and no time to study!,8
all these extra hours at work are driving me insane.,0,0,0,0,0,0,0,1,1,All these extra hours at work are overwhelming me.,9
amazon turk has been really slow so i haven't been making much extra money...,1,1,0,1,0,0,0,1,0,"Amazon Turk has been really slow, so I haven't been making much extra money.",10
answer with the situation,0,1,0,0,0,0,0,0,0,Answer with the situation,11
anything i can do to help?,1,1,0,1,0,0,0,1,0,Is there anything I can do to help?,12
"Argh, don't have the AMR measure for submission yet.",0,1,0,0,1,0,0,1,0,"Argh, don't have the AMR measure for submission yet.",13
"at my current work, i am feeling so stressful and tired because of my team work pressure",0,0,0,0,0,0,1,1,1,"At my current work, I am feeling very stressed and tired because of the team workload pressure.",14
balancing work with home schooling my children,0,1,0,0,1,1,0,1,0,balancing work with home schooling my dependents,15
be cool,0,1,0,0,0,0,0,0,0,Be cool,16
"being a caregiver for a sick family friend, i feel like i have no time to myself",1,0,1,0,0,1,1,0,1,"Being a caregiver for a sick close friend, I feel like I have no time to myself.",17
being evicted,1,0,0,1,0,0,0,0,0,facing eviction,18
Being stuck at home and not being able to go  to church,0,1,0,1,0,0,0,0,0,Being stuck at home and not being able to attend religious services,19
Being stuck at home with two other people and having no privacy.,0,1,0,0,0,1,1,0,0,Being stuck at home with two other individuals and having no privacy.,20
Being stuck in my house during quarantine,0,1,1,1,0,1,1,1,1,Being stuck at home during quarantine,21
body pain,0,1,0,0,0,0,0,0,1,body pain,22
boss at work,0,1,0,0,0,0,0,1,0,supervisor at work,23
boss has been frustrating me!,0,0,0,0,0,0,0,1,0,The supervisor has been frustrating me!,24
cant figure out what to do in the job or task,0,1,0,0,0,0,0,1,0,Cannot figure out what to do in the job or task.,25
Can't find anything to fix,0,1,1,0,0,0,1,0,0,Cannot find anything to fix,26
classes,0,1,0,0,1,0,0,0,0,classes,27
classes at my college,1,0,0,0,1,0,0,0,0,classes at my educational institution,28
completing a project on time and correctly.,1,1,0,0,0,0,0,1,0,Completing a project on time and correctly.,29
CORNOAVIRUS AND THE UNKNOWN,0,1,1,1,1,0,1,0,1,CORONAVIRUS AND THE UNKNOWN,30
"Corona Virus! I have not work, no contacts, can't leave the house. How are you?",1,0,1,1,1,0,0,1,0,"Coronavirus! I have no work, no contacts, can't leave the house. How are you?",31
Coronavirus is threatening my current employment.,0,0,0,0,0,0,0,1,0,Coronavirus is threatening my current job.,32
CORONAVIRUS preventing me from WORKING so I cannot pay my BILLS and keep family FED,1,0,0,1,0,0,0,1,0,CORONAVIRUS preventing me from WORKING so I cannot pay my BILLS and keep my household FED,33
"Coronavirus, my financial budget, thinking of my student debts",1,1,0,0,0,0,1,0,1,"Coronavirus, my financial budget, thinking of my educational debts",34
Coronavirus.  I am high risk because of asthma so I am worried,1,0,0,1,0,0,0,0,1,"Coronavirus. I am considered high risk due to a respiratory condition, so I am worried.",35
court in 2 weeks nd no deal in sight,1,1,0,1,0,1,0,0,0,Court in two weeks and no deal in sight.,36
COVID 19 is everywhere and I have to respond as a fire fighter,0,1,1,0,0,0,0,1,1,COVID-19 is widespread and I have to respond as an emergency responder.,37
Covid-19 and money,1,1,0,1,0,0,0,1,1,Covid-19 and finances,38
Covid-19 has been really stressing me out. Life as we know it is forever different,0,1,1,1,0,0,0,0,1,Covid-19 has been really stressing me out. Life as it is known is forever different.,39
COVID-19 has been stressing me out!,0,0,1,1,0,0,0,0,1,COVID-19 has been causing a lot of stress!,40
Covid-19 it laid of my husband from work. My surgery got postponed.,1,0,0,0,0,1,0,1,1,Covid-19 caused my partner to be laid off from work. My surgery got postponed.,41
coworkers ostracising me again,0,0,0,1,0,1,1,1,0,Colleagues excluding me again,42
crap life seems to suck!,0,1,0,1,0,0,1,0,0,Life seems to be difficult!,43
currently my relationship but i'm working on it.,0,0,0,1,0,0,1,0,0,"Currently my relationship, but I am working on it.",44
Currently not being able to see my girlfriend is stressing me out slightly.,0,0,0,1,0,0,1,0,0,Currently not being able to see my partner is stressing me out slightly.,45
dealing with grief following the death of both my grandparents last month,0,0,0,1,0,1,1,0,0,dealing with grief following the death of both my grandparents recently,46
dealing with that woman at work,0,0,0,0,0,0,1,1,0,dealing with that person at work,47
difficult people at work,0,0,0,0,0,0,0,1,0,challenging individuals at work,48
do you have time to talk,1,1,0,0,0,1,1,1,0,Do you have time to talk?,49
don't know what to cook for dinner,0,1,1,0,0,0,0,0,0,Not sure what to cook for dinner.,50
driving 2 work really sucks,0,1,1,0,0,0,0,1,0,Driving to work really sucks.,51
due to certain circumstances that have donned on me it has been tough to meet financial,1,0,0,1,0,0,0,0,0,"Due to certain circumstances that have occurred, it has been tough to meet financial obligations.",52
every time i turn on the news and social media facebook it seems to stress me out,0,1,0,1,0,0,1,0,0,"Every time I turn on the news and social media, it seems to stress me out.",53
everything stress me out,0,1,1,1,0,0,0,0,0,Everything stresses me out.,54
Everything that's happening with corona virus is making me nervous.,0,1,1,1,0,0,0,0,1,Everything that's happening with the virus is making me nervous.,55
Everything will be just fine. Just stick with it,0,1,0,0,0,0,0,0,0,Everything will be just fine. Just stick with it.,56
"everything. i'm so overwhelmed, no help, no time urgggg",0,0,1,1,0,0,0,1,0,"Everything. I’m so overwhelmed, no help, no time, urgggg.",57
feeling lonely,0,0,0,1,0,0,1,0,0,feeling lonely,58
finances are tight right now,1,0,0,0,0,0,0,0,0,Financial resources are limited at the moment.,59
financial constraints and so i need a well paying job,1,0,0,0,0,0,0,1,0,Limited financial resources require me to find a well-paying job.,60
financial issues are the main stressor in my life.,1,0,0,0,0,0,1,0,0,Financial issues are the main stressor in my life.,61
financial issues have been getting to me,1,0,0,1,0,0,0,0,0,Financial difficulties have been affecting me.,62
Financial problems have been getting me down lately.,1,0,0,0,0,0,0,0,0,Financial difficulties have been affecting me lately.,63
flat tire,1,1,1,0,0,0,0,0,0,flat tire,64
full time caregiving is hard i am always tired,0,0,0,1,0,0,0,1,1,Full-time caregiving is hard; I am always tired.,65
Getting cabin fever due to coronavirus shutting things down.,0,0,1,1,0,0,1,0,1,Experiencing cabin fever due to the coronavirus causing shutdowns.,66
getting my work done before the deadline with the holidays right around the corner.,0,0,1,0,0,0,0,1,0,Completing work before the deadline with the holidays approaching.,67
Girl I'm stressing out st work. Supervisor is driving me absolutely crazy!! HELP!!,1,0,0,0,0,0,0,1,0,I'm stressing out at work. The supervisor is driving me absolutely crazy!! HELP!!,68
"girl, i can't afford to pay my bills and i'm mentally exhausted.",1,0,1,1,0,0,0,0,1,I can't afford to pay my bills and I'm mentally exhausted.,69
Going out to the store and ppl sneezing without covering the mouth OMG,0,0,0,1,0,0,0,0,1,Going out to the store and people sneezing without covering their mouth OMG,70
great stress about work,0,0,0,0,0,0,1,1,0,great stress related to work,71
half of my coworkers are leaving for new jobs.,0,0,0,1,1,0,0,1,0,Half of my coworkers are leaving for new jobs.,72
have been having this issues resting after work like my whole body needs a massage,0,0,0,0,0,0,0,1,1,I have been having issues resting after work like my whole body needs a massage.,73
have been trying to find online work that is simple but rewarding its been stressfu,0,0,0,0,0,0,1,1,0,I have been trying to find online work that is simple but rewarding. It has been stressful.,74
having to meet time deadlines at work.,0,1,0,0,0,0,0,1,0,having to meet time deadlines at work.,75
having to type messages on my phone.,0,1,1,0,0,0,0,0,0,having to type messages on my device.,76
"hello, what's stressing me out right now is my son's homework, he got too much homework",0,0,0,0,1,1,1,0,0,"Hello, what's stressing me out right now is my child's homework, they have too much homework.",77
Hey friend! This coronavirus has really been stressing me out with paying my bills.,1,0,0,0,0,0,0,1,1,Hey friend! This coronavirus has really been stressing me out with paying bills.,78
hey! right now financial aid is stressing me out,1,0,0,0,1,0,0,0,0,"Hey! Right now, financial aid is stressing me out.",79
hey! work has been stressing me out,0,0,1,0,0,0,0,1,0,Hey! Work has been stressing me out.,80
"hey, i called you three times last week no answer, what's the problem?",0,1,0,1,0,1,1,0,0,"Hey, I called you three times last week with no answer. What’s the problem?",81
hi,0,1,0,0,0,0,0,0,0,hi,82
"hi dear friend, I had stress because of my work . please give me idea to relax.",0,0,0,1,0,0,0,1,0,"Hello friend, I have been feeling stressed because of work. Please share some ideas to help me relax.",83
hi dr..i just so stressful due to my project work.because the dead line is over .,0,0,0,0,0,0,0,1,0,"Hi Dr., I am feeling very stressed due to my project work because the deadline has passed.",84
hi friend i had a problem a work and school ..shall we have lunch outside,0,0,0,0,1,0,1,1,0,"Hi friend, I had a problem at work and school. Shall we have lunch outside?",85
hi friend school has been so stressful i am in finals and have 3 assignments due,0,0,0,1,1,0,0,0,0,"Hi friend, school has been very stressful. I am in finals and have three assignments due.",86
"Hi Friend, Adulting has been stressing me out.",0,1,1,1,0,0,1,0,0,"Hi Friend, managing responsibilities has been stressing me out.",87
"hi friend, recent days i had lot of work pressure. give me some idea to relax.",0,0,1,0,0,0,0,1,1,"Hi friend, recently I have had a lot of work pressure. Can you give me some ideas to relax?",88
"hi friend, school has been stressing me out. i feel like i'm drowning in the homework.",0,0,0,1,1,0,0,0,0,"Hi friend, school has been stressing me out. I feel like I'm drowning in the homework.",89
"hi how are you,i feel very stressful",0,1,0,1,0,0,1,0,1,"Hi, how are you? I feel very stressed.",90
hi there.  my job has been stressing me out.  we are so busy.,0,0,0,0,0,0,0,1,0,Hi there. My job has been stressing me out. We are very busy.,91
hi there.  work is really stressing me out.,0,0,0,0,0,0,0,1,0,Hi there. Work is really stressing me out.,92
hi! i have been really stressing out about my recent school load and doing my studies.,0,0,0,0,1,0,0,0,0,Hi! I have been really stressing out about my recent school load and doing my studies.,93
hi.. how are you?,0,1,0,0,0,0,0,0,0,Hi.. how are you?,94
"holiday break ending for college, next semester is scary",0,0,1,0,1,0,0,0,0,"Holiday break ending for college, next semester feels intimidating",95
home life sucksso many fights,0,1,0,0,0,1,0,0,0,Home life is difficult with many conflicts.,96
homework is killing me lately,0,0,0,0,1,0,0,0,0,Homework has been overwhelming me lately.,97
homework is really stressing me out!,0,1,1,0,1,0,0,0,0,Homework is really stressing me out!,98
"homework, what are they doing at school if they are doing so much here.",0,0,0,0,1,1,0,1,0,"Homework, what are they doing at school if they are doing so much here.",99
"honestly i have been really stressed about my finances, i need another job..",1,0,0,1,0,0,0,1,0,"Honestly, I have been really stressed about my finances; I need another job.",100
"honestly, my job has been super stressful",0,0,0,0,0,0,0,1,0,"Honestly, my job has been very stressful.",101
how to improve my savings and pay off bills.,1,0,0,0,0,0,0,0,0,How to improve savings and pay off bills.,102
"I am a stay-at-home mom with a toddler, this coronavirus thing has me scared for her.",1,1,0,1,1,1,0,0,1,"I am a stay-at-home parent with a young child, this coronavirus situation has me concerned for them.",103
i am concerned about my success in this life. it's needed for us all.,1,1,1,0,0,0,0,1,0,I am concerned about success in life. It is important for everyone.,104
i am feeling stuck in my career.,0,0,0,1,0,0,1,1,0,I am feeling stuck in my career.,105
i am going through a custody battle for my daughter.,0,0,0,1,0,1,0,0,0,I am going through a custody battle for my child.,106
i am having 2 birthday parties this weekend and have lots to get done.,0,0,1,0,0,1,1,0,0,I am having two birthday parties this weekend and have lots to get done.,107
i am having a baby soon. i need to clean out that room.,0,1,1,0,0,1,0,0,0,I am expecting a baby soon. I need to clean out that room.,108
I am having a hard time getting to work,0,0,1,0,0,0,0,1,0,I am having a hard time getting to work.,109
i am having trouble baking this cake,0,1,1,0,0,0,0,1,0,I am having trouble baking this cake.,110
I am having trouble making money with the new virus,1,0,0,0,0,0,0,1,1,I am having trouble making money due to the new virus.,111
"I am in the last stretch of my professional school career, and things a rough!",0,0,0,0,1,0,1,1,0,"I am in the final phase of my professional school journey, and things are rough!",112
i am lonely and don't know how to solve the problem of getting over my depression.,1,0,0,1,0,1,1,0,1,I am feeling lonely and don't know how to overcome my depression.,113
i am not able to get my laptop to start.,1,1,1,0,1,0,0,1,0,I am not able to get my laptop to start.,114
I am on self-isolation and I am a little anxious / stressed and not working enough.,1,1,0,1,1,0,0,1,0,"I am in self-isolation and feeling a little anxious and stressed, and not working enough.",115
I am really stressed out about the pandemic because I have asthma and my man has Copd,0,0,0,1,0,1,1,0,1,I am really stressed out about the pandemic because I have asthma and my partner has COPD.,116
i am starting to regret opening my business. i'm running out of money,1,1,0,0,0,0,0,1,0,I am starting to regret opening my business. I am running out of money.,117
I am stressed about meeting a deadline at work.,0,0,0,0,0,0,0,1,0,I am stressed about meeting a deadline at work.,118
i am stressed about money.,1,0,0,0,0,0,0,0,0,I am stressed about money.,119
i am stressed about my wife's death.,0,1,0,1,0,1,0,0,0,I am stressed about the death of my partner.,120
i am stressed about paying of my credit card after christmas,1,0,0,0,0,1,0,0,0,I am stressed about paying off my credit card after the holidays.,121
i am stressed about planning the thanksgiving meal,0,0,1,0,0,1,1,0,0,I am stressed about planning the holiday meal.,122
i am stressed about whether i should apply for a job or not,0,0,1,1,0,0,0,1,0,I am stressed about whether to apply for a job or not.,123
I am stressed due to the fact my job had to make pay cuts,1,0,0,1,0,0,1,1,0,I am stressed because my job had to implement pay cuts.,124
I am stressed out about not being able to work during COVID 19 outbreak.,1,1,0,0,0,0,1,1,0,I am stressed about not being able to work during the COVID-19 outbreak.,125
I am stressed out from being quarantined for the last 10 days.,1,1,0,1,0,0,1,0,1,I am stressed from being quarantined for the past several days.,126
i am stressed out over getting our old house all packed up.,0,1,1,1,0,1,1,0,0,I am stressed out over getting the old house all packed up.,127
i am stressed out over my current electric bill. i am not going to be able to pay it.,1,0,0,0,0,1,0,0,0,I am stressed out over my current electric bill. I am not going to be able to pay it.,128
I am stressed over the stay at home order from the governor.,1,1,1,1,0,0,1,0,1,I am stressed over the stay at home order from the local authority.,129
I am stressing about my brother and how he is doing. He hasn't been doing well.,0,0,0,0,0,1,0,0,1,I am stressing about my sibling and how they are doing. They haven't been doing well.,130
I AM STRESSING OUT ABOUT HOW TO HANDLE WORING AT HOME,0,0,1,0,0,0,1,1,0,I AM STRESSING OUT ABOUT HOW TO HANDLE WORKING AT HOME,131
i am stressing out because my performance review at work is coming up.,1,0,0,1,1,0,0,1,0,I am stressing out because my performance review at work is coming up.,132
I am super bugged by being trapped in the house during quarentine!,1,1,1,1,0,0,1,0,1,I am really frustrated by being stuck inside the house during quarantine!,133
i am trying my best and dont seem to be getting ahead.,1,1,1,0,0,0,1,1,0,I am trying my best and do not seem to be making progress.,134
I am unable to work because of the Covid 19. It is so stressful,1,0,0,0,0,0,0,1,0,I am unable to work because of Covid-19. It is very stressful.,135
i am undermined by my seniors,1,0,0,0,0,0,1,1,0,I am undermined by my superiors.,136
I am upset because I can't go to grad school this fall.,0,0,0,1,1,0,1,0,0,I am upset because I can't go to graduate school this fall.,137
"I am very concerned about the coronavirus, and my finances.",1,1,0,1,0,0,0,0,1,I am very concerned about the coronavirus and my finances.,138
i am very happy to your meeting that i am very happy,0,1,0,0,0,0,0,0,0,I am very happy about your meeting.,139
I am very stressed about being stuck in the house during COVID-19,0,0,0,1,0,1,1,0,1,I am very stressed about being stuck in the house during COVID-19.,140
I am very stressed right now thinking about the coronavirus.,0,1,1,1,0,0,0,0,1,I am very stressed right now thinking about the coronavirus.,141
I am worried about COVID-19.,0,0,1,1,0,0,0,0,1,I am worried about COVID-19.,142
I am worried about my health from corona virus.,0,0,0,0,1,0,1,0,1,I am worried about my health due to the coronavirus.,143
I am worried about my stepfather who is the primary income provider being laid off.,1,0,0,0,0,1,0,1,0,I am worried about my stepparent who is the primary income provider being laid off.,144
I am worried about the Coronavirus and how it will affect my family.,0,1,0,0,0,1,0,0,1,I am worried about the Coronavirus and how it will affect my family.,145
I been stressed out about work lately.,0,0,0,0,0,0,0,1,0,I have been stressed out about work lately.,146
I can not job and it is stressing me lately.,1,0,0,0,0,0,0,1,0,"I cannot find a job, and it has been stressing me lately.",147
i can't find a job in this pitiful area and need to leave here,1,0,0,0,0,0,1,1,0,I can't find a job in this area and need to leave.,148
i can't get my child to study.,0,0,1,0,1,1,0,0,0,I can't get my child to study.,149
I can't seem to find any toilet paper in stores.,0,1,1,0,0,1,0,0,1,I can't seem to find any toilet paper in stores.,150
I did terrible on an exam yesterday.,0,0,0,1,1,0,0,0,0,I did terrible on an exam yesterday.,151
i didn't have the income that i expected to have for my bills,1,0,0,0,0,1,0,0,0,I didn't have the income I expected to cover my bills.,152
"i do not like my job, my boss is lazy and i get blamed for everything.",0,0,0,1,0,0,1,1,0,"I do not like my job, my supervisor is lazy and I get blamed for everything.",153
i don't have insurance and i have a huge bill from the emergency room.,1,0,0,0,0,0,0,0,1,I do not have insurance and have a large bill from the emergency room.,154
i dont know how long to boil potatoes for,0,1,1,0,0,0,0,0,0,I don't know how long to boil potatoes for.,155
i dont know if i will have enough money for december rent.,1,0,0,0,0,0,0,0,0,I am unsure if I will have enough money for December rent.,156
i don't know where i should work,0,1,1,0,0,0,0,1,0,I don't know where I should work.,157
"i feel jealous of other girls, and worried my husband might be attracted to them.",0,0,0,1,0,1,1,0,0,I feel jealous of others and worried my partner might be attracted to them.,158
i feel like i have been just working all the time and no fun.,0,0,0,1,0,0,1,1,0,I feel like I have been working all the time and not having any fun.,159
I feel like my Manager is unfair,0,0,0,0,0,0,1,1,0,I feel like my manager is unfair.,160
i feel lonely,0,0,0,1,0,0,1,0,0,I feel lonely.,161
I feel stressed about losing income over COVID-19,1,0,0,0,0,0,0,0,0,I feel stressed about losing income due to COVID-19.,162
i feel very streesful in the situation.i can't  time manage.,1,1,1,0,0,0,0,1,0,I feel very stressed in the situation. I can't manage my time.,163
i found out a colleague is quitting.,0,1,0,1,0,0,1,1,0,I found out a coworker is quitting.,164
i got a new boss who is a jerk,0,0,0,0,0,0,1,1,0,I have a new supervisor who is unpleasant.,165
i had a mistake in implementing a new update to the system today morning,0,1,1,0,0,0,0,1,0,I made a mistake while implementing a new update to the system this morning.,166
i had a stress in deciding a meal. give me some suggestions.,0,1,1,0,0,0,0,1,0,I had stress deciding on a meal. Please give me some suggestions.,167
i had a very tiring day at work.,1,0,0,0,0,0,0,1,1,I had a very tiring day at work.,168
I had an assignment for I forgot about,0,0,0,0,1,0,0,1,0,I had an assignment that I forgot about.,169
i had to take my car into the shop and was expensive.,1,0,0,0,0,1,0,0,0,"I had to take my car into the shop, and it was expensive.",170
i have a bunch of tests this week and no time to study,0,1,0,1,1,0,0,0,0,I have a lot of tests this week and no time to study.,171
i have a deadline that's impossible to meet.,0,0,1,1,0,0,0,1,0,I have a deadline that is impossible to meet.,172
i have a deadline to meet and a whole lot of work to complete,0,0,0,0,1,0,1,1,0,I have a deadline to meet and a lot of work to complete.,173
I have a group presentation tomorrow,0,1,0,0,1,0,0,1,0,I have a group presentation tomorrow.,174
i have a lot of work to do at my job.,0,1,0,0,0,0,0,1,0,I have a lot of work to do at my job.,175
i have a lot that i need to do and not enough time.,0,1,1,0,0,0,0,0,0,I have a lot that needs to be done and not enough time.,176
i have a problem at work that's really stressing me out.,0,0,0,0,0,0,0,1,0,I have a problem at work that is really stressing me out.,177
i have all this work and no time to do anything idk what to do,0,0,1,0,0,0,0,1,0,I have all this work and no time to do anything. I don't know what to do.,178
i have an essay due this weekend,0,1,0,0,1,0,0,0,0,I have an essay due this weekend.,179
i have been applying to jobs for months and i still haven't been hired.,1,0,0,0,0,0,0,1,0,I have been applying to jobs for months and still have not been hired.,180
i have been feeling kind of lonely lately,0,0,0,1,0,0,1,0,0,I have been feeling kind of lonely lately.,181
I have been feeling stressed about the COVID-19 situation happening worldwide.,0,1,1,0,0,0,1,0,1,I have been feeling stressed about the COVID-19 situation happening globally.,182
"i have been feeling stressed with my caseload at work, on top of going to school.",0,1,0,0,1,0,0,1,0,"I have been feeling stressed with my caseload at work, on top of attending school.",183
i have been having a hard time dealing with a problem at work. can you give me advice,0,0,0,0,0,0,0,1,0,I have been having a hard time dealing with a problem at work. Can you give me advice?,184
i have been having money issues,1,0,0,0,0,0,0,0,0,I have been experiencing financial difficulties.,185
i have been home the whole time,1,1,0,1,0,1,0,0,0,I have been at home the whole time.,186
I have been losing games.,0,1,1,1,0,0,0,0,0,I have been losing games.,187
I have been most recently about finances and if everything will be ok or not.,1,0,0,0,0,0,0,0,0,I have been most recently concerned about finances and whether everything will be okay or not.,188
I have been really stressed about being separated from my boyfriend from Canada.,0,0,0,1,0,0,1,0,0,I have been really stressed about being separated from my partner from my country.,189
i have been sressing about not getting enough hits on turk,1,0,0,0,0,0,0,1,0,I have been stressing about not getting enough hits on Turk.,190
i have been stessing out about getting my strength back in my legs after finding out i h,0,1,0,1,0,0,0,0,1,I have been stressing out about regaining strength in my legs after finding out I have,191
I have been stressed about COVID-19!!,0,1,0,1,0,0,0,0,1,I have been stressed about COVID-19.,192
i have been stressed about finding a job given all of the recent events going on,1,0,0,1,0,0,0,1,0,I have been stressed about finding a job given all of the recent events happening.,193
i have been stressed about the move coming up.,1,1,1,1,0,0,0,0,1,I have been stressed about the upcoming move.,194
I have been stressed out about being at home and unable to work.,1,0,1,1,0,0,0,1,0,I have been stressed about being at home and unable to work.,195
i have been stressed out about finances and how to get everything paid,1,0,1,0,0,0,0,1,0,I have been stressed about finances and how to get everything paid.,196
I have been stressing about COVID-19,1,0,1,1,1,0,0,0,1,I have been stressing about COVID-19.,197
I have been stressing out about all the work I need to do for work next week.,0,0,1,1,0,0,0,1,0,I have been stressing out about all the work I need to do next week.,198
i have been stressing out about having to substitute teach,0,0,0,1,1,0,0,1,0,I have been stressing out about having to substitute teach.,199
i have been stressing out about work and my health.,0,0,0,0,0,0,0,1,1,I have been stressing out about work and my health.,200
i have been thinking a lot about what i should do when i graduate college.,0,1,0,1,1,0,0,1,0,I have been thinking a lot about what I should do after graduating from college.,201
i have been tired of dealing with frustrations within the family.,0,0,0,0,0,1,0,0,1,I have been tired of dealing with frustrations within the family.,202
i have been trying to apply for a loan but to no avail.,1,1,0,0,0,0,0,0,0,I have been trying to apply for a loan but have not been successful.,203
i have been wanting to find another job for some time now,0,0,0,0,0,0,0,1,0,I have been wanting to find another job for some time now.,204
i have been worried about all of my work projects that are due tomorrow.,0,0,0,1,1,0,0,1,0,I have been worried about all of my work projects that are due tomorrow.,205
i have been worried about my mom.,0,0,0,0,0,1,0,0,0,I have been worried about my parent.,206
i have exams next week but i have not studied enough.,0,0,1,0,1,0,0,0,0,I have exams next week but have not studied enough.,207
i have had some issues at work.,1,0,0,0,0,0,0,1,0,I have experienced some issues at work.,208
i have had some problems at work.,0,0,0,1,0,0,0,1,0,I have had some problems at work.,209
i have had to work extra lately.,0,0,0,0,0,0,0,1,0,I have had to work extra lately.,210
i have just had alot on my mind with work and finances,1,0,0,0,0,0,0,1,0,I have just had a lot on my mind with work and finances.,211
i have lot of work pressure & personal issues. need your advice & way to relax,0,1,0,1,0,0,0,1,1,I have a lot of work pressure and personal issues. I need advice and ways to relax.,212
"i have ma lot of work at my office, i need some time off",0,0,0,0,0,0,0,1,1,I have a lot of work at my office; I need some time off.,213
i have new sales goals at work that have been difficult to achieve,0,1,0,0,0,0,0,1,0,I have new sales goals at work that have been challenging to achieve.,214
I have no work and the bills are piling up,1,0,0,0,1,0,0,1,0,I have no work and the bills are accumulating.,215
i have one close friend . and i have fight with her. she did not talk to me . so i am ve,0,0,0,0,1,0,1,0,0,"I have one close friend, and I had a fight with them. They are not talking to me, so I am very upset.",216
i have several health issues that are causing me extreme stress.,0,0,0,1,0,0,0,0,1,I have several health issues that are causing me extreme stress.,217
i have so much to keep track of but can't stay organized.,0,1,1,1,0,0,0,1,0,I have so much to keep track of but can't stay organized.,218
i have some deadlines at work this friday,0,0,0,0,0,0,0,1,0,I have some deadlines at work this Friday.,219
i have to get work done on my car!,1,1,1,0,0,0,0,1,0,I need to get work done on my vehicle!,220
i have too many essays to write.,0,0,0,0,1,0,0,0,0,I have too many essays to write.,221
i have too much work load at work.,0,0,0,1,0,0,0,1,0,I have too much workload at work.,222
"i have very little money in my account, i can't make ends meet.",1,0,0,0,0,0,0,0,0,I have very little money in my account and cannot make ends meet.,223
i havent been able to make as much money as i need to pay rent.,1,0,0,0,0,0,0,1,0,I have not been able to make as much money as needed to pay rent.,224
i having a major problem at work with a co-worker who bully me often.,0,0,0,1,0,0,1,1,0,I am having a major problem at work with a co-worker who often bullies me.,225
i hear that there may be a storm coming and i work outside.,0,1,1,0,0,0,0,1,0,I hear that there may be a storm coming and I work outdoors.,226
I just am feeling very uncertain about the future,0,0,1,1,0,0,0,0,0,I am feeling very uncertain about the future.,227
I just can't think of what to cook right now,0,0,1,0,0,0,0,0,0,I just can't think of what to cook right now.,228
i just felt distressed due to the happenings in my work station.,0,0,0,1,0,0,0,1,0,I just felt distressed due to the happenings at my workplace.,229
i just got back from vacation and i have a lot of work to do.,1,0,1,0,0,0,1,1,0,I just got back from vacation and have a lot of work to do.,230
i just lost my job and am now doing job interviews.,1,0,0,0,0,0,0,1,0,I just lost my job and am now doing job interviews.,231
i just recenty lost my job,1,0,0,0,0,0,0,1,0,I recently lost my job.,232
"i lost my job three weeks ago, and am stressed about money.",1,0,0,0,0,0,0,1,0,I lost my job three weeks ago and am stressed about money.,233
i m stressing out over the holidays.,1,1,1,1,0,1,1,0,0,I am stressing out over the holidays.,234
"i made a big bet on the game tonight and lost, now i have to pay the bookie.",1,1,0,0,0,0,0,0,0,"I made a big bet on the game tonight and lost, now I have to pay the bookie.",235
i mean i'm going to get half my teeth ripped out on tuesday.,1,1,0,0,0,0,0,0,1,I mean I'm going to have half of my teeth removed on Tuesday.,236
i moved in with my boyfriend too quickly and i realize i don't really like him now.,0,0,0,1,0,0,1,0,0,I moved in with my partner too quickly and I realize I don't really like them now.,237
i need a better job so i'm stressing about bills.,1,0,0,0,0,1,0,1,0,"I need a better job, so I’m stressing about bills.",238
i need a break from this,1,1,1,1,0,0,1,0,0,I need a break from this.,239
I need a haircut and all the barbers are closed.,0,1,1,0,0,0,0,0,1,I need a haircut and all the barbershops are closed.,240
i need help and i need someone to talk to.,0,1,1,1,0,1,1,0,1,I need help and need someone to talk to.,241
i need someone to talk to or shall i say vent. call me asap,0,1,0,1,0,0,1,0,0,"I need someone to talk to or, shall I say, vent. Please call me as soon as possible.",242
"I recently bought a 5th wheel rv, not sure I should have.",1,1,1,0,0,0,0,0,0,"I recently bought a 5th wheel RV, not sure if it was the right choice.",243
i spend most of my workday fixing other employees mistakes.,1,0,0,0,0,0,1,1,0,I spend most of my workday fixing other employees' mistakes.,244
"I stress about work, family, and my weight.",0,0,0,1,0,1,0,1,1,"I stress about work, family, and my health.",245
i think my boss might quit  which will leave my company screwed,0,0,0,0,0,0,0,1,0,"I think my supervisor might quit, which will leave my company in a difficult situation.",246
i think my husband is cheating on me.,0,0,0,1,0,1,1,0,0,I think my partner is cheating on me.,247
i think work has been getting stressful,0,0,0,0,0,0,0,1,0,I think work has been becoming stressful.,248
i totaled my car and i need another car asap.,1,1,1,1,0,0,0,0,0,I totaled my vehicle and need another one as soon as possible.,249
i want to finish my paper,0,0,0,0,1,0,0,1,0,I want to finish the paper.,250
i want to help with your stree.,0,1,0,0,0,0,0,0,0,I want to help with your stress.,251
I was just laid off.,1,0,0,1,0,0,0,1,0,I was recently laid off.,252
i was late for work again,0,0,1,0,0,0,0,1,0,I was late for work again.,253
i was talking to me. x and i told him what was on my mind.,0,0,0,1,0,0,1,0,0,I was talking to my partner and told them what was on my mind.,254
i went to pick up medicine and my insurance was denied.  i tried to call the company,1,1,0,0,0,0,0,0,1,I went to pick up medicine and my insurance was denied. I tried to call the company.,255
I went to the store and I cannot buy anything I need because of the panic buying.,1,1,1,1,0,0,0,0,1,I went to the store and could not buy anything needed because of the panic buying.,256
I worried about losing my job because of the coronavirus.,1,1,0,0,0,0,0,1,0,I worried about losing my job because of the coronavirus.,257
i would feel happy that my friend was inquiring about my mood,0,1,0,1,0,0,1,0,0,I would feel happy that my friend was asking about my mood.,258
i would say the fact that my boyfriend has not been returning my calls.,0,0,0,1,0,1,1,0,0,I would say the fact that my partner has not been returning my calls.,259
"i would tell them to tell me more, i would express my sympathy and offer to help.",0,1,0,1,0,1,1,0,0,"I would ask them to share more, express my sympathy, and offer to help.",260
i would text back asking who they were.,0,1,0,0,0,0,1,0,0,I would text back asking who they were.,261
"if possible, give me a call to discuss.",0,1,0,0,0,0,0,0,0,"If possible, please give me a call to discuss.",262
i'm a caregiver for a 99-year-old lady who is prone to falls.,0,1,0,1,0,1,1,1,0,I’m a caregiver for an elderly person who is prone to falls.,263
i'm behind on my bills and it feels like i'm never going to be able to get ahead.,1,0,0,0,0,0,0,0,0,I am behind on my bills and it feels like I will never be able to get ahead.,264
"i'm broke as a joke, something has to give.",1,0,0,1,0,0,0,0,0,"I'm completely out of money, something has to change.",265
im constantly in pain and the doctors have no idea what to do,0,0,1,1,0,0,0,0,1,I am constantly in pain and the doctors have no idea what to do.,266
i'm cooking dinner for the inlaws tonight.  why bother they hate me?,0,0,0,1,0,1,0,0,0,"I'm cooking dinner for my partner's family tonight. Why bother, they dislike me?",267
I'm currently worried about the corona virus and my job security.,1,1,0,1,0,0,0,1,1,I am currently worried about the virus and job security.,268
i'm due in court in two weeks over a custody dispute.,0,1,0,0,0,1,0,0,0,I have a court date in two weeks regarding a custody dispute.,269
im feeling a little bit stress about work and ive had a very long day.,0,0,0,0,0,0,0,1,1,I'm feeling a little bit stressed about work and have had a very long day.,270
i'm feeling super stressed about work.,0,0,0,1,0,0,0,1,0,I'm feeling super stressed about work.,271
i'm going to be applying and interviewing for pharmacy schools soon and it's stressful.,0,0,1,0,1,0,0,0,0,I am going to be applying and interviewing for pharmacy schools soon and it is stressful.,272
i'm having trouble finding work.,1,0,0,1,0,0,1,1,0,I am having trouble finding work.,273
i'm in the process of job hunting and almond is very sick.,0,1,1,0,0,0,1,1,1,I am in the process of job hunting and Almond is very sick.,274
"im just feeling under appreciated ya know, and super depressed.",0,0,1,1,0,0,1,0,0,"I'm just feeling underappreciated, you know, and very down.",275
i'm just feeling very overwhelmed with my workload and stupid people.,0,1,0,0,0,1,1,1,0,I'm just feeling very overwhelmed with my workload and frustrating people.,276
i'm not good at cooking but must cook sunday dinner.,0,1,1,1,0,0,1,0,0,I'm not good at cooking but must prepare Sunday dinner.,277
i'm not sleeping well,0,0,0,1,0,0,0,0,1,I am not sleeping well.,278
i'm not stressed right now,0,1,0,1,0,0,0,0,0,I am not stressed right now,279
i'm not sure what i can make other than pasta for dinner,0,1,1,0,0,0,0,0,1,I'm not sure what I can make other than pasta for dinner.,280
I'm officially off of work because of the Coronavirus,1,0,0,0,0,0,0,1,0,I am officially off work due to the Coronavirus.,281
I'm really kind of stressed about covid-19.,0,1,0,1,0,0,1,0,1,I'm really kind of stressed about covid-19.,282
I'm really stressed out by everything going on with COVID-19.,0,1,1,1,0,0,0,0,1,I'm really stressed out by everything going on with the current health situation.,283
i'm really worried about my appointment with dr. bean.,0,0,0,1,0,0,0,0,1,I'm really worried about my appointment with Dr. Bean.,284
i'm so stressed about my finances. i don't even know where to start,1,0,0,1,0,0,0,0,0,I am feeling very stressed about my finances. I don't even know where to start.,285
I'm so worried about getting sick or my husband getting sick.,0,0,0,0,0,1,1,0,1,I'm so worried about getting sick or my partner getting sick.,286
i'm sorry about your frustrations at work!,0,1,0,0,0,0,1,1,0,I'm sorry about your frustrations at work!,287
i'm stressed about a math quiz tomorrow.,0,0,0,0,1,0,0,0,0,I am stressed about a math quiz tomorrow.,288
i'm stressed about my new job. expectations are higher and i'm playing catch up.,1,0,0,0,0,0,0,1,0,I'm stressed about my new job. Expectations are higher and I'm playing catch up.,289
i'm stressed about work since we have a filing deadline next week.,0,0,0,1,0,0,1,1,0,I’m stressed about work since there is a filing deadline next week.,290
I'm stressed out about COVID-19 and its' impact on the US.,1,0,1,1,0,0,0,0,1,I'm stressed out about COVID-19 and its impact on my country.,291
i'm stressed out at work and need help,0,0,0,1,0,0,0,1,0,I am stressed at work and need help.,292
i'm stressed out thinking about work.,0,0,0,0,0,0,0,1,1,I'm stressed out thinking about work.,293
i'm stressing out about bills. how about you?,1,0,1,1,0,0,0,0,0,I'm stressing out about bills. How about you?,294
i'm studying for a high stakes exam,0,0,0,1,1,0,0,0,0,I am studying for an important exam.,295
Im sure you know already! The virus like everyone else!,1,1,1,0,0,0,0,0,1,I'm sure you know already! The virus like everyone else!,296
i'm thinking about how to save up money for the birth of my child.,1,0,0,0,0,1,1,0,0,I'm thinking about how to save up money for the birth of my child.,297
i'm tired,0,1,0,1,0,0,0,1,1,I am tired,298
i'm trying to find a job that can work around my son's work schedule.,0,0,0,0,0,1,0,1,0,I'm trying to find a job that can work around my child's work schedule.,299
i'm trying to make some meatloaf but i don't have most of the ingredients.,0,1,1,0,0,0,0,1,0,I’m trying to make some meatloaf but don’t have most of the ingredients.,300
im worried about asking for that raise at work,1,0,0,0,0,0,0,1,0,I am worried about asking for that raise at work.,301
i'm worried about money.,1,0,0,0,0,0,0,0,0,I am worried about money.,302
i'm worried about moving,0,1,0,0,0,0,1,0,1,I am worried about moving.,303
i'm worried about my daughter. i'm afraid she isn't taking school seriously.,0,0,0,0,1,1,0,0,0,I'm worried about my child. I'm afraid they aren't taking school seriously.,304
I'm worried about my parents catching this virus.,1,0,0,1,0,1,0,1,1,I'm worried about my family catching this virus.,305
i'm worried i'm not working hard enough,0,0,1,1,0,0,0,1,0,I'm worried I'm not working hard enough.,306
it is stressful now a days i am going through the test reading all the time,0,0,1,0,1,0,0,1,0,It is stressful nowadays; I am constantly going through the test readings.,307
it seems my kids are having trouble making friends,0,0,0,0,0,1,1,0,0,It seems my children are having trouble making friends.,308
it's been a long day and i'm looking forward to relaxing,0,1,0,0,0,0,0,1,0,It's been a long day and I am looking forward to relaxing.,309
it's been a pain to try and coordinate with everyone to figure out thanksgiving plans!,0,0,0,1,0,1,1,0,0,It's been difficult to coordinate with everyone to figure out holiday plans!,310
it's been really hard not having my own money since i took a leave of absence.,1,1,0,0,0,0,0,0,0,It's been really hard not having my own money since I took a leave of absence.,311
It's been stressful in these current times of pandemic.,0,1,0,1,0,0,1,0,1,It has been stressful during these recent times of the pandemic.,312
It's just the usual craziness at work.,0,0,0,1,0,0,0,1,0,It's just the usual craziness at work.,313
it's my job. i am being harassed and don't know what to do about it,1,0,1,0,0,0,0,1,0,It's my job. I am being harassed and don't know what to do about it.,314
it's usually work,0,1,0,0,0,0,0,1,0,it's usually work,315
I've been concerned about the Wuhan Flu.  I afraid some of my liberal friends might cath,0,0,0,0,0,0,1,0,1,I've been concerned about the flu. I am afraid some of my friends might catch it.,316
i've been dealing with my husband who is an alcoholic.,0,0,0,1,0,1,1,0,0,I've been dealing with my partner who is an alcoholic.,317
I've been getting stressed about this corona virus,1,0,1,1,0,0,0,0,1,I've been feeling stressed about this virus.,318
i've been having a hard time emotionally and financially lately.,1,0,0,1,0,0,0,0,0,I have been having a hard time emotionally and financially lately.,319
i've been having issues completing my thesis.,0,1,1,0,1,0,0,1,0,I have been having issues completing my thesis.,320
i've been looking for a job.,1,0,0,0,0,0,0,1,0,I have been looking for a job.,321
i've been looking for house plans to start building a house and it's very stressful.,1,1,1,0,0,0,0,0,0,"I have been looking for house plans to start building a house, and it is very stressful.",322
i've been really stressed about bills lately. i haven't been able to make enough money.,1,0,0,1,0,0,0,1,0,I have been really stressed about bills lately. I haven't been able to make enough money.,323
i've been really stressed about sean's anxiety lately.,0,0,0,1,0,1,1,0,1,I've been really stressed about my partner's anxiety lately.,324
I've been really stressed about the covid-19 issues that are going on,0,1,1,1,0,0,0,1,1,I've been really stressed about the covid-19 issues that are ongoing.,325
I've been recently stressing about the economy.,1,1,1,0,0,0,0,1,0,I've been recently stressing about the economy.,326
i've been sick lately and need to get to the store for more food.,0,0,1,0,0,0,0,0,1,I have been unwell lately and need to go to the store for more food.,327
I've been so stressed out about figuring out my next move.,1,0,1,1,0,0,0,1,0,I've been very stressed about figuring out my next move.,328
i've been stressed about graduate school applications,0,0,0,1,1,0,0,0,0,I have been stressed about graduate school applications.,329
i've been stressed about not being able to find a job.,1,0,0,1,0,0,0,1,0,I have been stressed about not being able to find employment.,330
I've been stressed about the coronavirus.,1,1,0,0,0,0,1,1,1,I’ve been stressed about the coronavirus.,331
I've been stressed out about my workload for my job.,1,0,0,1,0,0,0,1,0,I have been stressed out about my workload for my job.,332
i've been stressing about about my new job,0,0,0,0,0,0,0,1,0,I have been stressing about my new job.,333
I've been stressing about COVID. I hope I keep my job.,1,0,0,0,0,0,1,1,1,I've been stressing about COVID. I hope I keep my job.,334
ive been struggling to get my bills paid,1,0,0,0,0,0,0,0,0,I have been struggling to get my bills paid.,335
i've been super stressed out at work lately.,0,0,0,0,0,0,0,1,0,I have been very stressed at work lately.,336
i've been wondering if i should apply for promotion at work or not.,1,0,0,1,0,1,1,1,0,I have been wondering if I should apply for a promotion at work or not.,337
i've been working a lot of overtime.,0,1,0,0,0,0,0,1,0,I have been working a lot of overtime.,338
i've been worried about getting enough sleep at night.,0,0,0,1,0,0,0,0,1,I have been worried about getting enough sleep at night.,339
I've been worrying about COVID-19 a lot.,0,1,0,1,0,0,0,0,1,I have been worrying about COVID-19 a lot.,340
i've had to deal with a bunch of nonsense at work.,0,0,0,0,0,0,0,1,0,I have had to deal with a lot of nonsense at work.,341
i've had to start looking for a new job,1,0,1,0,0,0,0,1,0,I have had to start looking for a new job.,342
just a work thing. people just cant seem to do their job,0,0,0,0,0,0,1,1,0,Just a work matter. People just can't seem to do their job.,343
just exhausted from working all night on this project that's due soon,0,0,0,0,1,0,0,1,1,Just exhausted from working all night on this project that's due soon.,344
"just family stuff, nothing to worry about.",0,1,0,0,0,1,1,0,0,"Just family matters, nothing to worry about.",345
"Just laid off work, chilling how are you?",1,1,0,0,0,0,0,1,0,"Just laid off work, relaxing. How are you?",346
just sent a risky text,0,0,1,1,0,0,1,0,0,Just sent a bold text.,347
just some changes happening at work.,0,1,0,0,0,0,1,1,0,Just some changes happening at work.,348
just travel stuff,0,1,0,1,0,0,0,0,0,just travel stuff,349
just trying to motivate myself to do things that need to be done,1,0,1,1,0,0,0,0,0,Just trying to motivate myself to complete tasks that need to be done.,350
lately it has been stressful having a teething infant.,1,0,0,0,0,1,0,1,1,Lately it has been stressful caring for an infant who is teething.,351
lately the biggest stressor for me has been deadlines at work after year end.,0,0,0,0,0,0,0,1,0,Lately the biggest stressor for me has been deadlines at work after year end.,352
"lately, i have been really stressed about a project i am working on in school.",0,0,0,0,1,0,0,0,0,"Lately, I have been really stressed about a project I am working on.",353
Leadership at work! They always have their favorites. I hate it.,0,0,0,1,0,0,1,1,0,Leadership at work! They always have their preferred individuals. I dislike it.,354
Learning to help my kids do school at home.,0,1,0,1,1,1,0,0,0,Learning to help my children do school at home.,355
let me know how i can help,0,1,0,0,0,0,0,1,0,Let me know how I can assist.,356
life as a whole,0,1,0,1,0,0,0,1,0,life in general,357
life has been stressing today.,0,1,1,1,0,0,0,0,0,Life has been stressful today.,358
"life in general has been stressful, thank you for asking.",1,1,1,1,0,0,0,1,0,"Life in general has been stressful, thank you for asking.",359
life's a bust!  i just got a speeding ticket.,1,1,1,1,0,0,0,0,0,Life's a bust! I just got a speeding ticket.,360
living with my mom again has me stressed.,1,0,1,0,0,1,1,0,0,Living with a family member again has me stressed.,361
lots of homework and work,0,0,0,0,1,0,0,1,0,a lot of homework and work,362
making money and finding a steady job,1,1,0,0,1,0,0,1,0,earning income and securing stable employment,363
making sure i have enough money for bills,1,0,1,0,0,0,0,0,0,making sure there is enough money for bills,364
man we're having a lot of isssues with the new house,1,1,1,1,0,1,0,0,0,Person we're having a lot of issues with the new house,365
Me not being able to make ends meet.,1,0,0,0,0,0,0,1,0,Not being able to make ends meet.,366
money has been tight. bills just keep coming.,1,0,0,1,0,0,0,0,0,Money has been tight. Bills just keep coming.,367
money is a big issue right now,1,0,0,1,0,0,0,1,0,Money is a significant issue right now.,368
money issues and job availability; there never seems to be enough of both.,1,0,0,0,0,0,0,1,0,Financial challenges and employment opportunities; there never seems to be enough of either.,369
money problems for school is a bust,1,0,0,0,1,0,0,0,1,Financial difficulties for school are challenging.,370
"money problems, i have been having several unexpected bills recently.",1,0,1,0,0,0,0,0,0,"Financial difficulties, I have been facing several unexpected bills recently.",371
"money, as always.  always worried about money.",1,0,0,0,0,0,0,0,0,"Money, as always. Always worried about money.",372
"Money, I just don't know how I'm gonna make it at times.",1,0,0,0,0,0,0,1,0,"Money, I just don't know how I'm going to manage at times.",373
mostly work and working too many hours,0,0,0,0,0,0,0,1,0,Mostly work and working too many hours.,374
moving to a different state and trying to find a job,1,1,0,0,0,0,1,1,0,Moving to a different region and trying to find a job,375
my 13 year old hates school and tries everything to avoid going,1,0,0,0,1,1,0,0,0,My young person dislikes school and tries everything to avoid going.,376
my back,0,1,0,0,0,0,0,0,1,my back,377
my back has been bothering me and i've decided to see a doctor.,0,0,0,0,0,0,0,0,1,"My back has been bothering me, and I have decided to see a medical professional.",378
"my body looks so bad currently, my birth control won't let me lose weight! i hate it!",0,1,0,1,0,0,0,0,1,"My body looks so bad currently, my birth control won't let me lose weight! I hate it!",379
my boss at work,0,0,0,0,0,0,1,1,0,my supervisor at work,380
"my boss has been crazy lately, threatened to let me go.",0,0,0,0,0,0,0,1,0,My supervisor has been difficult lately and threatened to let me go.,381
my boss has been demanding and it has been hard for me to focus at work.,0,0,0,0,0,0,0,1,0,"My supervisor has been demanding, and it has been hard for me to focus at work.",382
my boss whats more production from me at work!,0,0,0,1,0,0,0,1,0,My supervisor wants more production from me at work!,383
"my boss yelled at me, and i didn't do anything wrong.",1,0,0,1,0,0,1,1,0,"My supervisor yelled at me, and I didn't do anything wrong.",384
my boyfriend and i have been arguing about keeping his mothers cat again lately.,0,0,1,1,0,1,1,0,0,My partner and I have been arguing about keeping their parent's cat again lately.,385
my boyfriend is cheating on me,0,0,0,1,0,1,1,0,0,My partner is cheating on me,386
my boyfriend isn't affectionate with me,0,0,0,1,1,1,1,0,0,My partner isn't affectionate with me.,387
my boyfriend lot his job,1,0,0,0,0,0,1,1,0,My partner lost their job.,388
My brother has been missing for a few weeks now. And I don't know what to do.,0,1,0,1,0,1,0,0,0,A close family member has been missing for a few weeks now. And I don't know what to do.,389
my brother just found out he has cancer,0,0,0,1,0,1,0,0,1,My sibling just found out they have cancer.,390
my car had recently started running hot and i don't know what to do.,1,1,1,1,0,0,0,0,0,The car had recently started running hot and I don't know what to do.,391
my car has broken down and i really can't afford to fix it.,1,0,0,0,0,0,0,0,0,My car has broken down and I really can't afford to fix it.,392
my child has gotten a real smart mouth,1,0,0,0,0,1,0,0,0,My child has developed a sharp tongue.,393
my child's father is not active in my sons life and i'm struggling!,1,0,1,0,0,1,1,0,0,My child's other parent is not active in my child's life and I'm struggling!,394
my company is selling the buisness and i might be jobless.,1,0,0,0,0,0,0,1,0,"My company is selling the business, and I might be without a job.",395
my coworker and i dont get along at a all,0,1,0,0,0,0,1,1,0,My coworker and I do not get along at all.,396
my coworker is soo annoying and crazy,0,0,0,0,0,0,1,1,0,My coworker is very annoying and unpredictable.,397
my daughter is depressed and i have tried everything to help her.,0,0,0,1,0,1,0,0,0,My child is depressed and I have tried everything to help them.,398
my daughter is having issues in kindergarten with someone stealing her stuff.,0,0,0,0,1,1,1,0,0,My child is having issues in early school with someone stealing their belongings.,399
my daughter's upcoming birthday party that i have to plan for.,0,1,1,0,0,1,1,0,0,an upcoming birthday party that I have to plan for.,400
my decision to go back to school,1,1,1,1,1,0,0,0,0,my decision to return to education,401
my diet/fasting is stressing me at the moment.,0,1,0,1,0,0,0,0,1,My diet and fasting are causing me stress at the moment.,402
my dog keeps barking,0,1,0,0,0,1,0,0,0,My dog keeps barking,403
"my extended family is coming for dinner, and there will be twenty of them crammed togeth",0,1,1,0,0,1,0,0,0,"My extended family is coming for dinner, and there will be twenty people crammed together.",404
my family problems and stressful office work,0,0,0,0,0,1,0,1,0,personal family issues and stressful work responsibilities,405
my fiance is in jail,0,1,0,1,0,1,1,0,0,My partner is in jail.,406
my financial situation is stressing me out.,1,0,0,0,0,0,0,0,0,My financial situation is causing me stress.,407
my financial situation was been worrying me. i feel useless.,1,0,0,1,0,0,0,1,0,My financial situation has been worrying me. I feel useless.,408
my foster kitten is dying.,0,1,1,1,0,1,1,0,0,The foster kitten is dying.,409
my friend being mad at me,0,1,0,0,0,0,1,0,0,my friend upset with me,410
"my friends death, his service was today.",0,1,0,1,0,0,1,0,0,"My friend's death, their service was today.",411
My friend's grandparents health is declining,0,0,0,0,0,1,0,0,1,A close person's grandparents' health is declining.,412
My girlfriend moved out today,0,0,0,1,0,0,1,0,0,My partner moved out today,413
my grades and a course that i really cant handle right now.,0,0,0,1,1,0,0,0,0,My grades and a course that I really can't handle right now.,414
My graduate level capstone project deadline,0,0,0,0,1,0,0,1,0,My advanced level capstone project deadline,415
my health isn't so good right now,1,0,0,1,0,0,0,0,1,My health is not very good at the moment.,416
my hours were cut back at work,1,0,0,0,0,0,0,1,0,My work hours were reduced.,417
my house build - i've been continuing to run into issues with the construction manager.,1,1,1,1,0,0,1,0,0,My house build - I have been continuing to run into issues with the construction manager.,418
My husband lost his job,1,0,0,0,0,0,1,1,0,My partner lost their job,419
"my husband went to go to work and our truck was gone, it had been repoed,",1,1,0,0,0,1,0,0,0,My partner went to work and our truck was gone; it had been repossessed.,420
my husbands affair has left us with a pregnant girl that is  a jerk.,0,0,0,1,0,1,1,0,0,My partner's affair has left us with a pregnant individual who is difficult to deal with.,421
my job is stressful with a co-worker who i think is bipolar,0,0,0,1,0,0,1,1,0,My job is stressful with a co-worker who I think has bipolar disorder.,422
my job it has been full of crazy stuff.,0,0,0,0,0,0,0,1,0,My job has been full of crazy experiences.,423
My job makes me stressed out and have a little bit of anxiety.,1,0,0,0,0,0,0,1,0,My job causes me stress and some anxiety.,424
"my job, my living situation, men.",1,0,0,0,0,0,1,1,0,"my job, my living situation, people.",425
my kids and their school and activities schedule.,0,0,1,0,1,1,1,0,0,my children and their school and activities schedule.,426
my kids are driving me crazy,0,0,0,1,0,1,0,0,0,The children are driving me crazy.,427
my kids spent too much money at the event today,1,0,0,0,0,1,0,0,0,My children spent too much money at the event today.,428
My last semester of college was cancelled and I am sad.,0,0,0,1,1,0,0,0,0,My final semester of college was cancelled and I am sad.,429
My manager is difficult to deal with.  I am stressed so much.  Help I need my friends ..,0,0,0,1,0,0,1,1,0,My manager is difficult to deal with. I am very stressed. I need support from my friends.,430
My mom had her cognitive assessment and they think she might have dementia.,0,0,0,1,0,1,0,0,1,My parent had a cognitive assessment and they think they might have dementia.,431
my mom is not leaving me alone,0,1,0,0,0,1,1,0,0,My parent is not leaving me alone.,432
"my move on wednesday, thanks for asking. you?",0,1,1,0,0,0,0,0,0,"My move on Wednesday, thanks for asking. You?",433
"my new, used car has been costing me a lot of money.",1,1,0,0,0,0,0,0,0,"My new, used car has been costing a lot of money.",434
My partner has been very dismissive towards my feelings lately.,1,0,0,1,0,0,1,0,1,My partner has been very dismissive towards my feelings lately.,435
my partner smokes cigarettes and can't quit. i feel sad for him.,0,0,0,1,0,1,1,0,1,My partner smokes cigarettes and can't quit. I feel sad for them.,436
my proposal deadline is tomorrow and no one is sending me their stuff,0,0,0,0,0,0,0,1,0,My proposal deadline is tomorrow and no one is sending me their materials.,437
my quarantine,1,1,1,1,0,0,1,0,0,my time in isolation,438
my sinuses are really hurting again.,0,1,0,0,0,0,0,0,1,My sinuses are really hurting again.,439
my sister-in-law has been diagnosed with ovarian cancer,0,0,0,1,0,1,0,0,1,My partner's sibling has been diagnosed with ovarian cancer.,440
my skin has been breaking out and i need a regimen that will clear it up.,0,0,0,0,0,0,0,0,1,My skin has been breaking out and I need a regimen that will clear it up.,441
my stress timing is very loss many things.,0,1,1,1,0,0,1,0,0,"My stress timing is very off, causing many issues.",442
my truck broke down last week and i didn't have the money to buy the parts for repair,1,1,0,0,0,1,0,0,0,My vehicle broke down last week and I didn't have the money to buy the parts for repair.,443
my truck won't start,0,1,0,0,0,0,0,0,1,The truck won't start.,444
my workload and my personal wellness or hobbies just don't work out!,0,0,0,1,0,0,1,1,1,My workload and my personal wellness or hobbies just don't work out!,445
my workload is just too much for me to handle.,0,0,0,0,0,0,1,1,0,The workload is just too much to handle.,446
no,0,1,0,0,0,0,0,0,0,no,447
"no money, been cold, christmas coming",1,1,1,0,0,0,0,0,1,"No money, been cold, holiday season approaching",448
No toilet paper on the shelves at Walmart.,1,1,1,0,0,0,0,0,1,No toilet paper on the shelves at the store.,449
"noisy, disrespectful, rude tenants",0,1,1,0,0,0,1,0,0,"noisy, disrespectful, rude individuals",450
Not being able to see my family.,1,0,0,0,1,1,1,1,0,Not being able to see my loved ones.,451
not being able to take a long vacation.,0,1,1,1,0,0,0,0,1,not being able to take an extended vacation.,452
not enough hours at work so not enough money to pay the bills.,1,0,0,0,0,0,0,1,0,"Not enough hours at work, so not enough money to pay the bills.",453
not having enough money to make ends meet,1,0,0,0,1,0,1,0,0,lacking sufficient financial resources to cover basic expenses,454
not having enough time in my day to get everything done and just being forgetful.,0,0,1,0,0,0,0,1,1,Not having enough time in the day to get everything done and just being forgetful.,455
Not knowing if my job is secure.,1,0,0,1,0,0,0,1,0,Uncertainty about job security.,456
Not working because of COVID19,0,0,0,0,0,0,1,1,1,Not working due to illness-related reasons,457
nothing really,0,1,0,0,0,0,0,0,0,nothing really,458
nothing! i'm having a good time right now,0,1,0,0,0,0,0,0,0,Nothing! I am having a good time right now.,459
"oh boy, where to start! i guess my biggest stressor is my boss.",0,1,0,0,0,0,1,1,0,"Oh, where to start! I guess my biggest stressor is my supervisor.",460
"oh my gosh! everything. the washer broke, the dog peed on the bed, and johnie is puking.",1,0,0,1,0,1,0,0,1,"Oh my gosh! Everything. The washer broke, the dog peed on the bed, and someone is puking.",461
"oh, you know, life crap. nothing new, always something stressing me out.",0,1,1,1,0,0,0,0,0,"Oh, you know, life stuff. Nothing new, always something stressing me out.",462
"omg, my kitchen is on fire",1,1,0,0,0,0,0,0,1,"Oh no, the kitchen is on fire.",463
one of my dogs is sick,0,1,0,1,0,1,0,0,1,One of my pets is sick.,464
one of my textbooks may not deliver on time for class.,0,0,0,1,1,0,0,0,0,One of my textbooks may not arrive on time for class.,465
one of my workers had been slacking off.,0,0,0,1,0,0,1,1,0,One of my team members had been slacking off.,466
Online school work has been stressing me out quite a bit.,1,0,0,1,1,0,1,1,0,Online school work has been causing a lot of stress.,467
"Past relationship, work, and pandemic crisis",1,0,0,0,0,0,1,1,0,"Previous relationship, work, and pandemic crisis",468
paying off my debts,1,0,0,0,0,0,0,0,0,paying off debts,469
People are polluting my life with their goofy garbage.,1,0,0,1,0,0,1,0,0,People are polluting my life with their silly garbage.,470
people ask so much of me and i have no time for myself.,0,0,0,1,0,1,1,0,1,"People ask so much of me, and I have no time for myself.",471
physics class. i just don't see why i need to know this stuff.,0,1,0,0,1,0,0,0,0,Physics class. I just don't see why this information is necessary.,472
planning financially for my internship next year,1,0,0,1,0,0,0,1,0,Planning financially for an internship next year,473
planning menus for two different dinner parties in one weekend,0,0,1,0,0,1,1,1,0,Planning menus for two different dinner gatherings in one weekend,474
possibly being short of money,1,0,0,0,0,0,0,0,0,possibly experiencing financial difficulties,475
problem at work and school,0,0,0,0,1,0,0,1,0,problem at work and school,476
problems at home,1,0,0,0,0,1,1,0,0,challenges at home,477
problems with my relationship,0,0,0,1,0,0,1,0,0,challenges in my relationship,478
productivity,1,1,1,0,0,0,1,0,0,productivity,479
reaching my goals at work,0,1,0,0,0,0,0,1,0,achieving goals at work,480
recent days lot of works its kind of stress. need some advice about relaxing,0,0,1,1,0,0,0,1,0,"Recently, there has been a lot of work, which is causing some stress. I need some advice about relaxing.",481
recent situation that has been stressing is the survey without catch.,0,1,0,0,0,0,0,1,0,A recent situation that has been stressful is the survey without catch.,482
recent stock market crash,1,0,1,0,0,0,0,0,0,recent stock market decline,483
Recently I have been super stressed that I'm losing someone who is very special,0,0,0,1,0,1,1,0,0,Recently I have been very stressed about losing someone who is very special.,484
recently my new job has been stressing me out,0,1,0,0,0,1,0,1,0,"Recently, my new job has been causing me stress.",485
recently our money situation is stressing us out. i feel we should downsize.,1,0,0,0,0,0,0,1,0,"Recently, the financial situation has been causing stress. It feels like downsizing might be necessary.",486
relationships,0,1,0,0,0,1,1,0,0,relationships,487
retiring from my job,0,0,0,0,0,0,1,1,0,retiring from their job,488
roommate is driving me crazy,0,1,0,0,0,0,1,0,0,My roommate is driving me crazy.,489
school and work have just been so hectic,0,0,0,0,1,0,0,1,0,School and work have just been so hectic.,490
school has been very stressful right now.,0,0,0,0,1,0,0,0,0,School has been very stressful right now.,491
school have been stressing me out a bit. i have so much papers to write.,0,0,0,0,1,0,0,0,0,School has been stressing me out a bit. I have so many papers to write.,492
"School shutting down and having to design an online class - fast, like.",1,0,0,0,1,0,0,1,1,School shutting down and having to design an online class quickly.,493
"school, homework, work, and social obligations",0,0,0,0,1,0,0,1,0,"school, homework, work, and social obligations",494
"So I have been dealing with my dogs lately, they got into a fight last week",0,1,0,1,0,1,1,0,0,"So I have been dealing with my dogs lately, they got into a fight last week.",495
so much to do,0,1,1,1,0,1,0,1,0,so much to do,496
Social Distancing because of Coronavirus,0,1,1,1,0,0,1,0,1,Social Distancing due to Coronavirus,497
some drama in my wife's family,0,1,0,1,0,1,0,0,0,Some drama in my partner's family,498
some health decisions,1,1,0,1,0,0,0,0,1,some health-related decisions,499
some of my outdoor plants died in the recent cold weather.,0,1,1,0,0,0,0,0,0,Some of the outdoor plants died in the recent cold weather.,500
Staying home from the CV outbreak,0,1,0,1,0,0,1,0,1,Staying home during the outbreak,501
stress is very loss of my business earnings.,1,0,0,0,0,0,0,1,0,Stress is causing a significant loss of my business earnings.,502
stressed about my poor weight loss efforts.,0,0,1,1,0,0,0,0,1,Stressed about my poor weight loss efforts.,503
stressed out about my health not feeling well very congested.,0,0,0,0,0,0,0,0,1,"Stressed about health, not feeling well, very congested.",504
"sup bro, just trying to balance work and social life",0,1,0,0,0,0,1,1,0,"Hey, just trying to balance work and social life.",505
Super stresses about coronavirus and its impact on my job and my finances,1,0,0,0,0,0,0,1,0,Super stressed about coronavirus and its impact on my job and finances.,506
thanks for asking. to much work and so little time..lol,1,1,0,0,0,0,0,1,0,Thanks for asking. Too much work and so little time..lol,507
"thanks for replying, i really need someone to unload on.",0,1,0,1,0,0,0,0,1,"Thanks for replying, I really need someone to talk to.",508
thanks for your concern. lack of money and bills have been pretty stressful to me.,1,0,0,0,0,0,0,1,0,Thanks for your concern. Financial difficulties and bills have been pretty stressful for me.,509
"thanks, i'm just dealing with some stuff.",0,1,1,1,0,0,0,0,0,"Thanks, I'm just dealing with some things.",510
The abrupt stopping of all client calls has me very nervous at this point!!,1,0,0,0,0,0,0,1,0,The abrupt stopping of all client calls has me very concerned at this point.,511
the constant schedule change at my job.,1,0,0,0,0,0,0,1,0,the constant schedule change at my job.,512
The corona virus and quarantine,1,1,0,0,0,0,1,0,1,The coronavirus and quarantine,513
The corona virus has been stressing me out.  It has affected our business.,1,0,0,0,0,0,0,1,0,The coronavirus has been causing stress. It has affected the business.,514
The corona virus is really stressing me out!,0,1,0,1,0,0,1,0,1,The coronavirus is really stressing me out!,515
The coronavirus epidemic is frightening me and causing intense worry to me and my family,0,1,0,1,0,1,0,0,1,The coronavirus epidemic is frightening me and causing intense worry to me and my loved ones.,516
The coronavirus has been stressing me out,0,1,1,1,0,0,1,0,1,The coronavirus has been causing a lot of stress.,517
The coronavirus has been stressing me out because if things get shut down completely i w,1,1,0,1,0,0,0,1,1,"The coronavirus has been causing stress because if things get shut down completely, I will...",518
"The coronavirus is in our town, just got a letter saying a teacher had it!",0,0,1,1,1,0,1,0,1,"The coronavirus is in our town, just received a letter saying a teacher had it!",519
The coronavirus pandemic is taking a toll on me financially.,1,0,0,0,0,0,0,0,0,The coronavirus pandemic is having a financial impact on me.,520
the corono virus - wanting to leave the house but don't want to die,0,1,1,1,0,0,0,0,1,The coronavirus - wanting to leave the house but not wanting to risk health.,521
the cost of my daughter's wedding.,1,0,0,0,0,1,0,0,0,the cost of my child's wedding.,522
The COVID 19 and my job loss,1,1,0,0,0,0,0,1,1,The COVID-19 pandemic and the loss of my job,523
"The COVID issue.  It's stressing me out, it's so difficult to think about anything else.",0,0,1,1,0,0,0,0,1,The COVID issue is stressing me out; it's so difficult to think about anything else.,524
The COVID-19 mess has been stressing me out.,0,1,1,1,0,0,0,0,1,The COVID-19 situation has been stressing me out.,525
the covid-19 pandimic,0,1,0,0,0,0,0,0,1,the COVID-19 pandemic,526
The covid19 virus shutting down our production,1,1,0,1,0,0,0,1,0,The COVID-19 virus shutting down production.,527
THE CURRENT CORONA VIRUS AND THE ECONOMIC IMPACT,1,0,0,1,0,0,0,0,1,THE CURRENT CORONAVIRUS AND THE ECONOMIC IMPACT,528
The current healthcare situation COVID-19,0,1,0,1,0,0,0,0,1,The current healthcare situation regarding COVID-19,529
The currently going corona virus situation.,0,1,0,1,1,0,0,1,1,The current coronavirus situation.,530
the fact that I have been laid off due to the coronavirus with no prospects,1,0,0,0,0,0,0,1,0,The fact that I have been laid off due to the coronavirus with no prospects.,531
the final results of a court case involving my grand kids.,0,0,0,1,0,1,0,0,0,The final results of a court case involving my grandchildren.,532
the holidays are coming up,1,1,1,0,0,1,0,0,0,The holidays are approaching.,533
the holidays coming up lol you?,0,1,0,1,1,0,1,1,0,The holidays are coming up lol you?,534
the insecurity of not having an adequate income.,1,0,0,0,0,0,0,1,0,the insecurity of not having an adequate income.,535
the man in my life!,0,1,0,1,0,0,1,0,0,The person in my life!,536
the management at work is causing a lot of stress on me.,0,0,0,0,0,0,1,1,0,The management at work is causing a lot of stress.,537
the most recent situation stressing me has been my job,0,0,0,1,0,0,0,1,0,The most recent situation causing me stress has been my job.,538
the new assistant at the lab is not really helpful,0,0,0,0,0,0,1,1,0,The new assistant at the lab is not very helpful.,539
the overwhelming thought of being at home during COVID-19,0,1,0,1,0,0,1,0,0,The overwhelming thought of being at home during the COVID-19 pandemic,540
The pandemic situation of covid-19 is really stressing me out. i cant go out,0,0,1,1,0,0,1,0,1,The pandemic situation of covid-19 is really stressing me out. I can't go out.,541
"The pandemic, hoarding, stupidity of people",0,1,0,0,0,0,1,0,1,"The pandemic, hoarding, lack of awareness among people",542
the paper i need to write before school semester ends this year.,0,0,0,0,1,0,0,1,0,the paper I need to write before the school semester ends this year.,543
the ppl at work are driving me nuts,0,0,0,1,0,0,1,1,0,The people at work are driving me nuts.,544
The recent coronavirus outbreak is stressing me out.,0,1,0,1,0,0,0,0,1,The recent coronavirus outbreak is causing me stress.,545
the sale of my house is making lose sleep.,1,0,0,1,0,1,0,0,1,The sale of my house is causing me to lose sleep.,546
The shelves being empty and not being able to find things we need because of coronaviru.,0,1,1,1,0,0,0,0,0,The shelves being empty and not being able to find needed items because of the virus.,547
The stay at home order due to covid 19 virus,0,1,1,0,0,0,1,0,1,The stay-at-home order due to the COVID-19 virus,548
the trump corruption and impeachment with new controversies every day is exhausting,0,1,1,1,0,0,1,0,1,The political corruption and impeachment with new controversies every day is exhausting,549
The virus going around,1,1,0,1,0,0,0,0,1,The virus circulating,550
the whole covid 19 situation,1,1,1,1,0,0,0,0,1,the entire COVID-19 situation,551
the whole decision to leave my job in six months.,1,0,1,1,0,0,0,1,0,the whole decision to leave the job in six months.,552
The whole world right now. Covid Politics,1,1,0,1,0,0,1,0,1,The entire world at this moment. Covid Politics,553
The work here is overwhelming,0,0,0,1,0,0,0,1,0,The work here is overwhelming,554
The world is involved in a global pandemic and we have been told to isolate ourselves,0,1,1,1,0,0,1,0,1,The world is experiencing a global pandemic and people have been advised to isolate themselves.,555
there is not enough time in the day for both work and errands.,1,0,1,1,0,0,0,1,0,There is not enough time in the day for both work and errands.,556
there is not enough to do around here i am worried that i might lose my job,1,0,0,0,0,0,0,1,0,"There is not enough to do around here, and I am worried about possibly losing my job.",557
there's just so much going on at work.,0,0,1,0,0,0,0,1,0,There is just so much going on at work.,558
there's the one guy who keeps calling the desk every few minutes all night.,0,0,0,1,0,0,0,1,0,There's a person who keeps calling the desk every few minutes all night.,559
there's too much to do at work and having the kids home from school is a pain,1,0,0,0,0,1,0,1,0,"There is too much to do at work, and having children home from school is challenging.",560
these people do not care about their workers. they do not want to pay us.,1,0,0,0,0,0,0,1,0,These individuals do not care about their workers. They do not want to pay them.,561
things at work has been getting a little crazy.,0,0,0,1,0,0,0,1,0,Things at work have been getting a little crazy.,562
thinking about work i should be doing,0,1,1,0,1,0,0,1,0,Thinking about work that should be done,563
"This corona virus, with the kids being out of school.  We are now going onto our 3 week.",0,0,0,1,1,1,0,0,1,"This coronavirus, with children being out of school. We are now going into our third week.",564
This coronavirus outbreak and having to leave work has me stressed out.,0,0,0,0,0,0,1,1,1,This coronavirus outbreak and having to leave work has caused stress.,565
This coronavirus pandemic has been driving me crazy,0,1,0,1,0,0,0,0,1,This coronavirus pandemic has been very challenging.,566
This COVID mess in the world,1,1,1,0,0,0,0,1,1,This COVID situation globally,567
this dang corona virus has me stressed,0,0,1,1,0,0,1,0,1,This virus has me stressed.,568
this house remodel. it's a lot to take on alone,1,1,1,0,0,0,1,1,1,This house remodel is a lot to take on alone.,569
this overseas move and trying to figure out how we will move the dogs.,0,1,1,0,0,1,1,0,0,this international move and trying to figure out how we will move the dogs.,570
this stupid girl that likes my boyfriend has been stressing me out,0,0,0,1,0,0,1,0,0,This person who likes my partner has been stressing me out.,571
This virus is stressing me out.,0,1,1,1,0,0,1,0,1,This virus is causing stress.,572
This virus that's going around.  Finding an apartment is hard.  Everything Is expensive,1,0,1,1,0,0,0,0,1,This virus that is spreading makes finding an apartment difficult. Everything is expensive.,573
This whole corona virus thing has me pretty stressed,0,1,0,1,0,0,1,1,1,This whole coronavirus situation has me pretty stressed.,574
"This whole coronavirus mess is stressing me out, not sure whats going to happen",0,0,1,1,0,0,0,0,1,"This whole coronavirus situation is stressing me out, not sure what’s going to happen.",575
This whole Coronavirus thing and being forced to go to work has me very stressed.,1,1,0,0,0,0,1,1,1,This whole Coronavirus situation and being required to go to work has caused a lot of stress.,576
this whole ivf proces,1,0,0,1,0,1,1,0,1,this whole IVF process,577
todd and i are both miserable and i know know how to fix our relationship.,0,0,0,1,0,0,1,0,0,My partner and I are both miserable and I do not know how to fix our relationship.,578
too many tasks at work,0,0,0,1,0,0,0,1,0,Too many tasks at work,579
too many unexpected and unavoidable expenses this past week.,1,0,1,0,0,0,0,0,0,Too many unexpected and unavoidable expenses occurred this past week.,580
traffic!,0,1,0,1,0,1,1,0,0,traffic!,581
Trying to get Easton to do more school work and less wanting to play!,0,0,0,1,1,1,0,0,0,Trying to encourage Easton to focus more on school work and less on playing!,582
Trying to homeschool my son is really stressing me out,0,1,0,0,1,1,1,0,0,Trying to homeschool my child is really stressing me out,583
trying to keep up with my research schedule.,0,1,0,0,1,0,0,0,0,Trying to keep up with my research schedule.,584
trying to save for a down payment on a house,1,1,0,0,0,0,0,0,0,Trying to save for a down payment on a house.,585
"trying to speed up at work, especially with tires.",0,0,0,0,0,0,0,1,0,"Trying to speed up at work, especially with tires.",586
ugh im fucking stressed,1,1,1,1,0,0,1,0,0,"Ugh, I am really stressed.",587
"ugh, just work stress. maybe will help to sleep on it.",0,0,0,1,0,0,0,1,0,"Ugh, just work stress. Maybe it will help to sleep on it.",588
"ugh.  it's so slow at work, so i'm not making much money.",1,0,1,0,0,0,0,1,0,"Ugh. It's so slow at work, so I'm not earning much.",589
UM WELL THE MAUJOR CANT DECIDE WEATHER  OGDEN CITY WILL GO ON LOCKE DOWN OR NOT THTAS ST,0,1,0,1,0,0,0,0,1,UM WELL THE MAJOR CAN'T DECIDE WHETHER OGDEN CITY WILL GO ON LOCKDOWN OR NOT THAT'S ST,590
Upper management just won't listen to my ideas to make things better.,0,1,1,0,0,0,1,1,0,Upper management just won't listen to my ideas to improve things.,591
we got a new guy at work and he is not experienced at all,0,0,0,0,0,0,0,1,0,We got a new person at work and they are not experienced at all.,592
we have been really short-staffed at work recently.,0,0,0,0,0,0,0,1,1,We have been really short-staffed at work recently.,593
well i just found out my soon to be exhusband just had another baby,0,0,0,1,0,1,1,0,0,"Well, I just found out my soon-to-be ex-partner just had another baby.",594
WELL OF COURSE IT WOULD ONLY BE THE CORONUS VIRUS SITUATION GOING ON. BEING SEPARATED FR,0,1,0,1,0,0,1,0,1,WELL OF COURSE IT WOULD ONLY BE THE CORONAVIRUS SITUATION GOING ON. BEING SEPARATED FROM EACH OTHER,595
well the stress of choosing what to eat. i wake up int the morning and find it difficult,0,1,1,0,0,0,0,0,0,The stress of choosing what to eat is challenging. I wake up in the morning and find it difficult.,596
"well, i applied for a master's degree and got denied :(",0,0,0,1,1,0,0,0,0,I applied for a master's degree and was not accepted.,597
"well, i just took a test i did not study for.",0,0,1,0,1,0,0,0,0,"Well, I just took a test I did not study for.",598
"well, we're expecting a new baby soon so that will mean some adjusting for everyone.",0,0,0,0,0,1,1,0,0,"We are expecting a new baby soon, so that will mean some adjusting for everyone.",599
well... my job is very stressful and i feel like i need to find a new one right away.,0,0,0,0,0,0,0,1,0,My job is very stressful and I feel like I need to find a new one right away.,600
we're gearing up for a big move and there's so much to do!,0,1,1,0,0,1,0,1,0,We are preparing for a big move and there is so much to do!,601
We're on lockdown and my husband is overbearing.,0,1,0,1,0,1,1,0,1,We're on lockdown and my partner is overbearing.,602
We've been stressing alot about school for the kids,1,0,0,0,1,1,0,0,1,We've been stressing a lot about school for the children.,603
what a stressful day with my co-worker!  shes so annoying!,0,0,0,0,0,0,1,1,0,What a stressful day with my co-worker! They are so annoying!,604
"What else, the Global Pandemic!",0,1,0,1,0,0,0,0,1,"What else, the worldwide pandemic!",605
When I caught a person talking bad about me,0,1,0,1,0,0,1,0,0,When I heard someone speaking negatively about me,606
when i had to finish my annual report last week.,1,0,0,0,0,0,0,1,0,when I had to finish my annual report recently.,607
whether or not i am going to be paid,1,0,0,0,0,0,0,1,0,Whether or not payment will be received,608
which bot am i talking to?,0,1,0,0,0,0,0,0,0,Which bot am I communicating with?,609
Wondering if my food stamps are gonna stretch until we get more.,1,1,1,0,0,0,0,0,0,Wondering if my food assistance will last until we receive more.,610
work and family balance,0,1,0,0,0,1,1,1,0,work and personal life balance,611
work and school have been insane lately,0,0,0,1,1,0,0,1,0,Work and school have been very busy lately.,612
work has been kinda crazy lately,0,0,0,0,1,0,0,1,0,Work has been quite busy lately.,613
Work has been really stressful lately.,0,0,0,0,0,1,0,1,0,Work has been really stressful lately.,614
work has been slow and that is taking a toll on the bills lately.,1,0,0,0,0,0,0,1,0,"Work has been slow, and that is affecting the bills lately.",615
work has been so stressful,0,0,0,0,0,0,0,1,0,Work has been very stressful.,616
Work has been stressing me out lately due to having to deal with sick customers/,1,1,0,0,0,0,0,1,1,Work has been stressing me out lately due to having to deal with unwell customers.,617
work has been stressing me out lately.,0,0,0,0,0,0,0,1,0,Work has been stressing me out lately.,618
work has been stressing me out. i want to quit my job so badly.,0,0,0,1,0,0,0,1,0,Work has been stressing me out. I want to quit my job so badly.,619
Work has been too crazy. The deadlines are too short and the pressure is high,0,0,0,1,0,0,0,1,0,Work has been very hectic. The deadlines are tight and the pressure is intense.,620
Work is driving me crazy!,0,0,0,0,0,0,0,1,0,Work is driving me crazy!,621
work is killing me,0,0,0,0,0,0,0,1,0,Work is overwhelming me.,622
work is really getting me down.,1,0,0,1,0,0,0,1,0,Work is really getting me down.,623
work is stressful and planning for the upcoming wedding next year!,0,0,0,0,0,1,0,1,0,"Work is stressful, and planning for the upcoming wedding next year!",624
Work pressure in my current project,0,0,0,0,1,0,0,1,0,Work pressure in the current project,625
Work was stressful today,0,0,0,0,0,0,1,1,0,Work was stressful today,626
"work, can't stand these lazy kids i work with.",1,0,0,0,0,0,1,1,0,"Work, can't stand these lazy people I work with.",627
"work, it has been a stressful week! hope it gets better",0,0,0,0,0,1,0,1,0,Work has been stressful this week! Hope it gets better.,628
"work, too much to do and not enough hours in the day to accomplish everything",1,0,0,0,0,1,0,1,1,"Work, too much to do and not enough hours in the day to accomplish everything",629
work. my new boss has limited technical ability.,0,1,0,1,0,0,0,1,0,Work. My new supervisor has limited technical ability.,630
work. work is so stressful. the principal seems to have it out for the staff.,0,0,0,0,1,0,0,1,0,Work is very stressful. The principal seems to have it out for the staff.,631
working long hours with hardly any sleep,0,0,0,0,0,0,0,1,1,working long hours with minimal rest,632
working part time job,0,1,0,0,0,0,0,1,0,working a part-time job,633
Worried about getting the family sick,0,0,0,0,0,1,0,0,1,Worried about spreading illness to loved ones,634
worried about my folks and this virius.,1,0,0,0,0,1,1,0,1,Worried about my family and this virus.,635
worried about paying bills on time,1,0,0,0,0,0,0,1,0,concerned about paying bills on time,636
worrying about money and either i can pay my bills,1,1,0,0,0,0,0,0,1,Worrying about money and whether I can pay my bills.,637
worrying about my high risk family getting sick with the covid 19 virus,1,0,0,0,0,1,0,0,1,Worrying about my high-risk family members getting sick with the virus.,638
You know my daughter lives in NYC and I m concerned about her.,1,1,0,0,0,1,0,0,1,"You know my child lives in a large city, and I am concerned about them.",639
"You know, current events... the world is crazy right now",1,1,1,1,0,0,0,0,0,"You know, current events... things are crazy right now.",640
"Back hurts, stomach hurts, I have a stomach ache.",0,1,0,0,0,0,0,0,1,"Back hurts, stomach hurts, there is a stomach ache.",641
"this entry kinda sucked, but i'm tired, so i'm qoinq to bed.",1,1,0,1,0,0,0,1,0,"This entry wasn’t great, but I’m tired, so I’m going to bed.",642
i was so tired though that i went to bed at 1.,0,1,0,0,0,0,0,0,1,"I was very tired, so I went to bed at 1.",643
"I'm not in a very excited mood at the moment, just tired.",0,1,0,0,0,0,0,0,1,"I am not in a very excited mood at the moment, just tired.",644
but I didn't sleep very well.,0,1,0,0,0,0,0,0,1,I didn't sleep very well.,645
"I am sore, and I am tired.",0,0,0,0,0,0,0,0,1,I am sore and tired.,646
"i'm tired. tired mentally, emotionally and physically",0,0,0,1,0,0,0,0,1,"I’m tired. Tired mentally, emotionally, and physically.",647
"but yeah, now I am feeling way tired, a bit on the sore side and fatigued.",0,0,0,1,0,0,0,0,1,"But yeah, now I am feeling very tired, a bit sore, and fatigued.",648
"i feel like hell. my neck is thick with knots, and i have a tension headache. i`m tired and stuffed up with allergies. and those are merely the physical problems.",0,0,0,1,0,0,0,0,1,"I feel terrible. My neck is tight with knots, and I have a tension headache. I'm tired and congested with allergies. And those are just the physical problems.",649
"food sounds so gross right now, but my stoamch hurts, so i think i have to find something to eat.",0,1,0,0,0,0,0,0,1,"Food sounds unappealing right now, but my stomach hurts, so I think I need to find something to eat.",650
"i'm hungry, but when i try to eat, i start feeling all sick.",0,0,0,0,0,0,0,0,1,"I am hungry, but when I try to eat, I start feeling unwell.",651
"And then when I'm not working or on the go I get so exhausted, that I can hardly move.",0,0,0,1,0,0,0,1,1,"And then when not working or on the go, I get so exhausted that I can hardly move.",652
"Simply because when you're tired you don't think and feel straight, right?",0,1,1,0,0,0,0,0,1,"Simply because when someone is tired, they don't think and feel clearly, right?",653
Then I got injured my foot.,0,0,0,0,0,0,0,0,1,Then I injured my foot.,654
"! I'm in major pain, via my back.",0,0,0,0,0,0,0,0,1,I am experiencing significant pain in my back.,655
"I'm not making the money I could, I'm not in good health.",1,0,0,0,0,0,0,1,1,"I'm not earning as much as I could, and my health is not good.",656
"And now, if you'll excuse me, I need to go make an appointment to get my back checked out, because it's still in pain.",0,0,0,0,0,0,0,0,1,"And now, if you'll excuse me, I need to go make an appointment to get my back checked, because it is still in pain.",657
"After speaking with the doctor, they've decided I strained a back muscle, which apparently is causing these weird symptoms.",0,0,0,0,0,0,0,0,1,"After speaking with the doctor, it was decided that a strained back muscle is causing these unusual symptoms.",658
"i'm still having this unexplained pain, so Dr is going to do more test.",0,0,0,1,0,0,0,0,1,"I am still experiencing this unexplained pain, so the doctor is going to conduct more tests.",659
I guess stress put the pounds on and I have been emotionally eating because of it.,0,0,0,1,0,0,0,0,1,"I guess stress caused weight gain, and I have been emotionally eating because of it.",660
It has been suggested to me that the source of the muscle spasms and pains that I have been having lately is due to stress.,0,0,0,1,0,0,0,0,1,It has been suggested that the source of the muscle spasms and pains experienced lately is due to stress.,661
I am so tired of being sick.,0,0,0,0,0,0,0,0,1,I am so tired of feeling unwell.,662
"I'm tired, and I am tired of being sick and vice versa.",0,0,0,0,0,0,0,0,1,"I'm tired, and I am tired of being unwell and vice versa.",663
"im suddenly ill with an aching body a sore throat and ears and i just dont feel good today. figures, its my day off and i had plans.",0,0,0,1,0,0,0,0,1,"I am suddenly ill with an aching body, a sore throat, and ears, and I just don't feel good today. Figures, it's my day off and I had plans.",664
"So now i'm very tired, and i don't cope well with lack of sleep, it makes me sad.",0,0,1,1,0,0,0,0,1,"I am very tired now, and I don't cope well with lack of sleep; it makes me sad.",665
"It's a real pain when you're trying to rest or sleep, and it's quite disconcerting, they just won't hold still!",0,1,0,0,0,1,0,0,1,"It's really frustrating when trying to rest or sleep, and it's quite disconcerting that they just won't hold still!",666
My body aches from lack of sleep and shitty bed.,1,0,0,1,0,0,0,0,1,My body aches from lack of sleep and an uncomfortable bed.,667
P.S. I've been having trouble sleeping.,0,0,0,0,0,0,0,0,1,P.S. I have been having trouble sleeping.,668
I NEED MORE SLEEP!!Im so sleep deprived it seems.but im not.but I need and want more sleep.. im out.ttyl xoxo byee,0,0,0,1,0,0,0,0,1,"I NEED MORE SLEEP!! I feel very sleep deprived it seems. But I’m not. Still, I need and want more sleep. I’m out. Talk to you later. Bye.",669
I haven't had a good night's sleep in i dont know how long i feel drained because i haven't been able to sleep..,0,0,0,0,0,0,0,0,1,I haven't had a good night's sleep in a long time and feel drained because I haven't been able to rest.,670
"I've been so, so stressed lately that I haven't really been able to concentrate on much of anything.",0,0,0,1,0,0,0,1,1,I've been very stressed lately and haven't been able to concentrate on much of anything.,671
I haven't been getting any sleep lately and I am very tired.,0,0,0,0,0,0,0,0,1,I haven't been getting any sleep lately and I am very tired.,672
"So, as I'm trying to go to sleep at night my mind starts to wonder until it is tired.",0,1,0,1,0,0,0,0,1,"As I try to go to sleep at night, my mind starts to wander until it becomes tired.",673
"It almost seems to be hurting more and more, but I think that is because I have started sleeping on it in the middle of the night.",0,0,0,0,0,0,0,0,1,"It almost seems to be hurting more and more, but I think that is because I have started sleeping on it during the night.",674
I've been so busy lately and now I'm tired and achey to boot.,0,0,0,0,0,0,0,1,1,I've been very busy lately and now I'm tired and achy as well.,675
"She's working very hard, loads of hours, and she just seems so stressed.",0,0,0,0,0,1,1,1,1,"They are working very hard, many hours, and they just seem very stressed.",676
ill drink too much and something is just going to set me off and ill be a bawling mess.,0,1,0,1,0,0,0,0,1,"I will drink too much and something will just set me off, and I will be a crying mess.",677
"Between Tom's surgery last week, a sick wife and a sick kid over the past week, and my mom's surgery this Thursday, I'm dangerous to be around.",0,0,0,0,0,1,1,0,1,"Between Tom's surgery last week, a sick partner and a sick child over the past week, and my parent's surgery this Thursday, I'm dangerous to be around.",678
"I've been claiming I've wanted to do this for over a year, but scanning is just such a major pain in the butt and general time filler.",0,1,1,1,0,0,0,1,1,"I've been saying I've wanted to do this for a long time, but scanning is just such a major hassle and general time filler.",679
"To make things worse, I'm four weeks out of knee surgery and long periods of standing can be quite painful.",0,0,0,0,0,0,0,0,1,"To make things worse, I am four weeks out of knee surgery and long periods of standing can be quite painful.",680
"Not only did it hurt like hell, but now I have to wait an entire week to find out the results of the biopsy.",0,0,0,1,0,0,0,0,1,"Not only did it hurt a lot, but now I have to wait an entire week to find out the results of the biopsy.",681
His health began to rapidly deteriorate when well intentioned but overbearing regulations were set in place.,0,0,1,0,0,0,0,0,1,Their health began to rapidly deteriorate when well-intentioned but overbearing regulations were set in place.,682
"I'm really tired and have been feeling kinda bummed lately, and my lesson wasn't that great either.",0,0,0,1,1,0,0,0,1,"I'm really tired and have been feeling kind of down lately, and my lesson wasn't that great either.",683
"My nutritional levels plummeted, my liver was on the verge of failing, and my heart rate and blood pressure were still at dangerous levels.",0,0,1,0,0,0,0,0,1,"Nutritional levels plummeted, the liver was on the verge of failing, and heart rate and blood pressure were still at dangerous levels.",684
This job is hazardous to my health.,0,0,0,0,0,0,0,1,1,This job is hazardous to their health.,685
"i just started my birth control today, and now have sucha bad stomach ache, and my chest pains are terrible.",0,0,1,0,0,0,0,0,1,"I just started birth control today and now have a bad stomach ache, and chest pains are terrible.",686
I'm tired. I'm tired all the time and I don't know why.,0,0,0,0,0,1,0,0,1,I’m tired. I’m tired all the time and don’t know why.,687
"While that may have contributed, the primary reason is I was just flat tired of being tired, of always getting tired so goddamn fast.",0,1,0,0,0,0,0,0,1,"While that may have contributed, the primary reason is I was just completely exhausted from always feeling tired so quickly.",688
i'm pretty damn worried about the exam.,0,0,0,0,1,0,0,0,0,I'm quite worried about the exam.,689
My ankle still hurts like a bitch.,0,0,0,0,0,0,0,0,1,My ankle still hurts a lot.,690
I dont even get any medicine to take away the pain.,0,0,0,0,0,0,0,0,1,I don't even get any medicine to relieve the pain.,691
She never meets with me to process our work and doesn't delegate or give very good advice.,0,0,0,1,0,0,1,1,0,They never meet with me to process our work and don't delegate or give very good advice.,692
"Will I always hate working?Because of all this stress, I can't seem to gain any weight and subsequently I hate my body.",0,0,1,1,0,0,0,1,1,"Will I always dislike working? Because of all this stress, I can't seem to gain any weight and subsequently dislike my body.",693
"im sick of being sick, sick and tired of being in the hospital cause i cant stop throwing up, im loosing weight, and i dont know what to do, 4.",0,0,0,1,0,0,0,0,1,"I am sick of being sick, tired of being in the hospital because I can't stop throwing up, losing weight, and I don't know what to do.",694
"I've had a nagging lower backache for about three days now, and finally started blasting it with ibuprofen.",0,0,0,0,0,0,0,0,1,"I've had a nagging lower backache for a few days now, and finally started treating it with ibuprofen.",695
I admitted to my smoking relapse the last 3 weeks.,0,1,1,1,0,0,0,0,1,I admitted to relapsing into smoking over the last 3 weeks.,696
Worst week ever. Feels like my dog died all over again.,0,0,0,1,0,0,0,0,0,Worst week ever. Feels like my pet died all over again.,697
i've been having a real hard time sleeping without him next to me.,0,0,0,1,0,1,1,0,1,I've been having a real hard time sleeping without my partner next to me.,698
I've been hurting or sick lately and its getting tough to keep doing everything.,0,0,0,1,0,0,0,0,1,"I have been feeling unwell lately, and it is becoming difficult to keep doing everything.",699
I struggled through the whole day of a stressful headache and I got tired of it.,0,0,0,1,0,0,0,1,1,I struggled through the whole day with a stressful headache and became tired of it.,700
I'm dealing with a big bout of mental tiredness and hurt.,0,0,0,1,0,0,0,0,1,I'm dealing with a significant bout of mental tiredness and hurt.,701
"For some reason I've been feeling ill again, and that would explain why I've been so tired lately.",0,0,0,1,0,0,0,0,1,"For some reason, I have been feeling unwell again, which would explain why I have been so tired lately.",702
My health I think is doing worse.,0,1,0,0,0,0,0,0,1,I think my health is getting worse.,703
The doctor said it's getting worse because of stress.,1,1,0,1,0,0,0,1,1,The doctor said it's getting worse because of stress.,704
"man, my stomach has been hurting so bad lately.",0,0,0,0,0,0,0,0,1,My stomach has been hurting so bad lately.,705
"Its always the worse when you are so sad, so lost, that there are no words to help convey the matter.",0,0,0,1,0,0,1,0,1,"It's always the worst when someone is so sad, so lost, that there are no words to help convey the matter.",706
"I feel your pain Keita, I'm also experiencing much stress and may be experiencing IBS as well as ADD so yes, I feel your pain.",0,0,0,1,0,0,0,0,1,"I understand your pain, I am also experiencing a lot of stress and may be dealing with similar health issues, so yes, I relate to your experience.",707
At least someone is gaining weight.,0,1,0,1,0,0,0,0,1,At least someone is gaining weight.,708
I've been putting on a little bit of weight as well.,0,1,0,0,0,0,0,0,1,I've been gaining a little bit of weight as well.,709
Facing everything I put behind me and being on this medication is really making my body freak out.,0,0,0,1,0,0,0,0,1,Facing everything I left behind and being on this medication is really making my body react strongly.,710
"The whole 'winter' thing is kinda putting a cramp on my style though, damn you short days and freezing cold steel.",0,1,0,1,0,0,0,0,1,"The whole 'winter' thing is kinda putting a cramp on my style though, darn those short days and freezing cold steel.",711
It's getting cold enough already that my hands are aching.,0,1,0,0,0,0,0,0,1,It's getting cold enough already that the hands are aching.,712
i've been losing my touch with reality and everyday is just getting worse and worse.,0,1,1,1,0,0,0,0,0,"I have been losing my touch with reality, and every day is just getting worse.",713
But then I tried to sleep and my throat just kept getting worse and worse.,0,0,0,0,0,0,0,0,1,But then I tried to sleep and my throat just kept getting worse.,714
"Anyways, my lows are the more worriesome where i fall into a depression so badly that its hard to even get out of bed.",0,0,0,1,0,0,0,0,1,"Anyways, my lows are the more worrisome times where I fall into a depression so severe that it is hard to even get out of bed.",715
I'm sick and I'm tired and I've been trying so hard to keep it all together.,0,0,0,1,0,0,0,0,1,I'm exhausted and frustrated and have been trying very hard to keep it all together.,716
When she woke up she had a splitting headache and she couldn't remember anything.,0,1,0,0,0,0,1,0,1,"When they woke up, they had a splitting headache and couldn't remember anything.",717
I have gotten headaches from it for days now.,0,0,0,0,0,0,0,0,1,I have had headaches from it for several days now.,718
uhh im tired and i've had a headache for three days now.,0,1,0,1,0,0,0,0,1,"Uhh, I'm tired and have had a headache for three days now.",719
"She's been sick, and I'm worried that she's worried about a ton of things.",0,0,0,1,0,1,1,0,1,"They've been sick, and I'm worried that they're worried about a ton of things.",720
I miss my girlfriend..she's been sick.,0,0,0,1,0,1,1,0,1,I miss my partner.. they have been sick.,721
"Like my mom, for example, she has breast surgery and now she has a headache and is somewhat depressed, and I just feel very bad for her.",0,0,0,1,0,1,1,0,1,"Like my parent, for example, they had breast surgery and now have a headache and are somewhat depressed, and I just feel very bad for them.",722
Many sleepless nights had weakened my own body after this ongoing bout with severe dehydration complicated by my first ever case of constipation.,0,0,0,0,0,0,0,0,1,Many sleepless nights had weakened my body after this ongoing bout with severe dehydration complicated by a first ever case of constipation.,723
I'm actually sore from so much coughing and I'm tired of sleeping all day.,0,0,0,0,1,0,0,1,1,I'm actually sore from so much coughing and tired of sleeping all day.,724
i'm on such a bad sleeping schedule.,0,1,1,0,0,0,0,0,1,I'm on a bad sleeping schedule.,725
I think my dog is sick. or something's wrong with him.,0,1,0,0,0,1,0,0,1,I think my dog is sick or something's wrong with them.,726
"My sinuses hurt, my head hurts, my nose is runny, my throat hurts, breathing is feeling more and more like a chore, and my back hurts.",0,0,0,1,0,0,0,0,1,"The sinuses hurt, the head hurts, the nose is runny, the throat hurts, breathing feels more and more like a chore, and the back hurts.",727
"On the darker side of the news, I'm having severe problems with those muscle spasms again.",0,0,0,0,0,0,0,0,1,"On the darker side of the news, I am experiencing severe problems with muscle spasms again.",728
"Its not easy work, and my back hurts.",0,1,0,0,0,0,0,1,1,"The work is not easy, and there is back pain.",729
"it's been days. as you can see all the things i eat, no wonder my stomach hurts.",0,1,0,0,0,0,0,0,1,"It's been days. As you can see, all the things I eat, no wonder my stomach hurts.",730
"Speaking of eating, though, I've been feeling ooky after some meals for the past week and, unfortunately, the common denominator has been cheese.",0,1,0,0,0,0,0,0,1,"Speaking of eating, though, I've been feeling unwell after some meals for the past week and, unfortunately, the common denominator has been cheese.",731
"But even when I was there, she wasn't doing too well physically.",0,0,0,0,0,1,1,0,1,"But even when I was there, they weren't doing too well physically.",732
I wasnt feeling so good towards the end of practice.,0,0,0,0,0,0,0,0,1,I wasn't feeling well towards the end of practice.,733
"Work is beastly, I'm really struggling to have any enthusiasm for my job anymore.",0,0,0,1,0,0,0,1,0,Work is difficult; I'm really struggling to have any enthusiasm for my job anymore.,734
I can't sleep anymore and I know it's a problem I need to fix but I can't seem to be able to.,0,0,0,0,0,0,0,0,1,I can't sleep anymore and I know it's a problem that needs to be fixed but it seems difficult to do so.,735
"I was killing time working on a project, but due to recent events, I've decide it wasn't worth the extra effort.",0,1,0,1,0,0,0,1,0,"I was passing time working on a project, but due to recent events, I decided it wasn't worth the extra effort.",736
I need an event planner in my life because I am too tired and stressed to plan and think and think and ah think.,0,0,1,0,0,0,0,0,0,I need an event planner because I am too tired and stressed to plan and think and think and ah think.,737
I am often physically and emotionally exhausted. Stands to reason that lack of sleep might be a proximate cause.,0,0,0,1,0,0,0,1,1,I am often physically and emotionally exhausted. It stands to reason that lack of sleep might be a proximate cause.,738
"I had a lot of trouble getting to sleep, despite my being extremely tired.",0,0,0,0,0,0,0,0,1,"I had a lot of trouble getting to sleep, despite feeling extremely tired.",739
My boss had been sick for a couple of days and got hammered with other appointments.,0,1,0,0,0,0,0,1,0,My supervisor had been unwell for a couple of days and was overwhelmed with other appointments.,740
Wayyyyy too many late nights and sleeping untill i have to go to work.,0,1,0,0,0,0,0,1,1,Way too many late nights and sleeping until it's time to go to work.,741
"Sitting alone is quite hard for me, so my practice suffers and I suffer with it.",0,0,1,1,0,0,1,0,0,"Sitting alone is quite hard for me, so my practice suffers and I suffer with it.",742
I'm getting really tired of working shitty jobs.,0,0,0,1,0,0,0,1,1,I'm getting really tired of working unpleasant jobs.,743
"my back,feet, and legs hurt pretty bad and im not getting paid enough for that shite.",0,0,0,0,0,0,0,1,1,"My back, feet, and legs hurt pretty bad and I'm not getting paid enough for that.",744
Work sucked too because Byron was giving me a hard time with the crew.,0,0,0,0,0,0,1,1,0,Work was difficult because a person was giving me a hard time with the crew.,745
"Pain so bad that I couldn't eat, sleep, pee, walk, etc.",0,0,0,0,0,0,0,0,1,"Pain so severe that I couldn't eat, sleep, urinate, walk, etc.",746
I've been worrying a lot about coronavirus lately and vulnerable family members,0,0,0,0,1,1,1,0,1,I've been worrying a lot about coronavirus lately and vulnerable family members.,747
i am stressed out with my work,0,0,0,0,0,1,0,1,0,I am stressed out with my work.,748
"This COVID-19 has me stressed. I'm dealing w/the baby, keeping house clean & hub-B.",0,1,0,1,0,1,0,0,1,"This COVID-19 has me stressed. I'm dealing with the baby, keeping the house clean, and my partner.",749
My work has been stressing me lately. I now have to work from home,0,0,0,0,0,0,0,1,0,Work has been stressful lately. I now have to work from home.,750
I've been having trouble sleeping at night,0,1,0,1,0,0,0,0,1,I have been having trouble sleeping at night.,751
having a pile of laundry to do,0,1,1,0,0,0,1,0,0,having a pile of laundry to do,752
That I'll be graduating and having to find a job next semester.,1,0,0,0,1,0,0,1,0,That I will be graduating and needing to find a job next semester.,753
my income is not proper and its difficult for me to run a normal life with specific need,1,0,0,1,1,0,0,0,0,"My income is insufficient, and it is difficult for me to maintain a normal life with specific needs.",754
I feel like this corona virus situation is going to last forever.,0,1,1,1,0,0,0,0,1,I feel like this virus situation is going to last forever.,755
Money,1,0,0,1,0,0,0,0,0,Money,756
I am stressed out because the gym has been closed for months.,0,1,0,1,0,0,1,0,1,I am stressed out because the gym has been closed for months.,757
Not knowing if I will get a teaching position in August!,0,0,0,1,0,0,0,1,0,Uncertain about securing a teaching position in August!,758
I've been thinking about the future a lot so it's been hard for me to manage the stress.,0,1,1,0,0,1,0,0,0,"I've been thinking about the future a lot, so it's been hard to manage the stress.",759
I have been stressing about my work situation.,1,0,0,1,0,0,0,1,0,I have been stressing about my work situation.,760
good,0,1,0,0,0,0,0,0,0,good,761
I cant stand not having work to do,1,0,0,0,0,0,0,1,0,I can't stand not having work to do.,762
This covid-19 thing has got me stressed bad,0,0,0,1,0,0,1,1,1,This covid-19 situation has caused me a lot of stress.,763
Money has been on my mind a lot and really stressing about income.,1,0,0,0,0,1,0,1,0,Money has been on my mind a lot and really stressing about income.,764
I don't feel like I'm making any progress.,0,0,1,1,1,0,0,1,0,I don't feel like progress is being made.,765
your are mine and i am yours,0,1,0,1,0,0,1,0,0,"You are mine, and I am yours.",766
Finding childcare has been hard!,1,0,1,0,0,1,1,1,0,Finding childcare has been challenging!,767
mt criminal charges,1,1,1,0,0,0,1,0,0,mt legal charges,768
Fighting with my racist family,0,0,0,1,0,1,1,0,0,Fighting with my family over prejudiced views,769
feel free to stress out,0,1,1,1,0,0,0,0,0,Feel free to feel stressed.,770
"Alex's position as an airline pilot worries me, the planes aren't flying often anymore.",0,1,0,1,0,1,1,1,0,"Alex's position as a pilot worries me, the planes aren't flying often anymore.",771
I have been stressed about my health and fear of COVID-19.,1,0,0,1,0,0,0,0,1,I have been stressed about my health and fear of the illness.,772
I'm tired of not having my mother. what happened,0,0,0,1,0,1,1,0,0,I'm tired of not having my parent. What happened?,773
"I kept losing track of how that last one goes, and trying to write it up was a serious pain.",1,1,1,1,0,0,0,0,1,"I kept losing track of how that last one goes, and trying to write it up was a serious challenge.",774
"Hmm... Life has just been feeling alittle monotonous lately, i need spontinaity.",0,1,1,1,0,0,0,0,0,"Hmm... Life has just been feeling a little monotonous lately, I need spontaneity.",775
"Actually, it's not really a good thing... Anyways, need to get working, now that I don't have school.",0,1,0,0,0,0,0,1,0,"Actually, it's not really a good thing... Anyways, need to get working, now that there are no more classes.",776
"to top it all off, now I'm worried about my dreams because they've started to become inconsistent.",0,1,0,1,0,0,0,0,1,"To top it all off, now I'm worried about my dreams because they have started to become inconsistent.",777
another Satuday has come and I'm really dreading work ......,1,0,0,0,1,0,0,1,0,Another Saturday has come and I'm really dreading work ......,778
Any clarity I had found is piled under stress and unwanted responsibilities at the moment.,0,1,1,1,0,0,1,0,1,Any clarity I had found is currently overwhelmed by stress and unwanted responsibilities.,779
"As soon as I came back to work, I am miserable.",0,0,0,1,0,0,0,1,0,"As soon as I returned to work, I felt miserable.",780
it's really making me worry about the future of my family.,1,0,1,1,0,1,0,0,0,It's really making me worry about the future of my loved ones.,781
"I find myself, worrying and getting all stressed out over the littlest of things.",0,0,1,1,0,0,0,1,0,I find myself worrying and getting stressed out over the smallest of things.,782
"on my days off, I just feel like I'm wasting time.",0,1,1,1,0,0,1,0,1,"On days off, it just feels like time is being wasted.",783
bwahahaha first part of practice was really frustrating for me.,1,1,1,1,1,0,0,0,0,"Bwahahaha, the first part of practice was really frustrating.",784
"Conversation on the way home from Gville made me pretty frustrated, I don't know.",0,1,0,1,0,0,1,0,1,"Conversation on the way home from the city made me pretty frustrated, I don't know.",785
"dang well my cermaics final is over, and dude it was kinda hard!",0,1,0,0,1,0,0,0,0,"Finally, my ceramics final is over, and it was pretty challenging!",786
dude i just lost a really important entry and i'm not happy.,1,1,0,1,0,0,0,1,0,I just lost a really important entry and I'm not happy.,787
Frustrated and I've sold myself out down the road with time growing old I've got to change.,0,0,1,1,0,0,1,0,0,"Frustrated and I've compromised myself over time as things have changed, I've got to make a change.",788
Have I mentioned lately that work really sucks now?,0,0,0,0,0,0,0,1,0,Have I mentioned lately that work really sucks now?,789
I am SO sick of this past year for some reason.,1,0,1,1,1,0,0,1,0,I am SO sick of this past year for some reason.,790
"I am so so so so tired but I need to do my work that I have neglected, blah.",0,0,1,0,1,0,0,1,1,I am very tired but I need to do the work that has been neglected.,791
"i am tired, nervous, hungry, and to top it all off i have my period. today sucks.",0,1,0,1,0,0,0,0,1,"I am tired, nervous, hungry, and to top it all off, I am experiencing discomfort. Today sucks.",792
I bitch about my job and my lack of a nicer one.,1,0,0,0,0,0,0,1,0,I complain about my job and my lack of a better one.,793
I dunno it's just something I've been kind of upset about lately.,0,1,1,1,0,0,0,0,0,"I don't know, it's just something I've been kind of upset about lately.",794
i feel bad i didn't get to stay around longer on thrusday.,0,1,1,0,0,0,1,0,0,I feel bad I didn't get to stay around longer on Thursday.,795
"I feel like I did before we started going out, i'm discontent, i'm tired.",0,1,0,1,0,0,1,0,1,"I feel like I did before we started seeing each other, I'm discontent, I'm tired.",796
I feel so bad having to turn down everything that I am offered because I have to work.,0,1,0,0,0,0,0,1,0,I feel bad having to turn down everything that is offered because I have to work.,797
I have been feeling really bad about the way that things have been going on lately.,0,1,0,1,0,0,0,0,0,I have been feeling really bad about how things have been going lately.,798
I have been having some $$$ issues as of late and it has just been really stressful.,1,1,0,1,0,0,0,0,0,"I have been experiencing some financial issues recently, and it has been really stressful.",799
"I have been putting it off, which isn't good cuz i need to do well in that class",0,0,1,0,1,1,0,0,0,"I have been putting it off, which isn't good because I need to do well in that class.",800
i have been so frustrated lately and i don't kno why.,0,1,0,1,0,0,0,0,0,I have been feeling very frustrated lately and don't know why.,801
"I have felt out of balance for weeks, and really needing some kind of something to clear the fuzzy energy.",0,1,0,1,0,0,0,0,1,I have felt out of balance for weeks and really need something to clear the fuzzy energy.,802
I have procrastinated too long and I'm going to be struggling to do stuff in the fall.,1,1,1,0,1,0,1,1,0,I have procrastinated too long and will be struggling to do things in the fall.,803
I have recently been at a loss for words which is weird because i have a lot on my mind.,0,1,1,1,0,0,1,0,0,"I have recently been at a loss for words, which is unusual because I have a lot on my mind.",804
I have stress and worry about my future and I have made mistakes.,0,1,1,1,0,0,0,1,0,I have stress and worry about the future and have made mistakes.,805
"I have to work today, and I am horribly unenthused about this.",0,1,0,0,0,0,0,1,0,"I have to work today, and I am very unenthusiastic about this.",806
I just don't know what's up with me lately... I'm so torn from day to day.,0,1,1,1,0,0,0,0,0,I just don't know what's going on with me lately... I'm feeling very conflicted from day to day.,807
I should sort myself out but I just haven't been in the mood to work this year.,0,1,1,1,0,0,0,1,0,I should sort myself out but I just haven't been in the mood to work this year.,808
I think I'm getting worn out with the schedule i have.,0,1,1,0,0,0,0,1,1,I think I'm getting worn out with the schedule I have.,809
I think this because things weren't easy when I left work.,0,0,0,0,0,0,0,1,0,I think this because things weren't easy when I left work.,810
"I was getting frustrated today with it so, I stopped for a little bit.",0,1,1,1,0,0,0,1,0,"I was getting frustrated today with it, so I stopped for a little bit.",811
"i was having another ""one of those days"" and was quite frustrated with the way i was feeling.",0,1,1,1,0,0,0,1,0,"I was having another ""one of those days"" and was quite frustrated with how I was feeling.",812
I was very stressed about Nanny though.,0,1,0,0,0,1,1,1,0,I was very stressed about the caregiver though.,813
I'm a lil scared about finding all of my classes.,0,1,0,0,1,0,0,0,0,I'm a little scared about finding all of my classes.,814
i'm becoming very depressed about not getting a job.,0,0,1,1,0,0,0,1,0,I am becoming very depressed about not getting a job.,815
I'm concerned about the coming week's running plan as I haven't sorted out my schedule in detail.,0,1,1,0,1,0,0,1,0,I'm concerned about the coming week's running plan as I haven't sorted out my schedule in detail.,816
"I'm getting a little stressed over it, 'cause its one of the next ones on my schdedule...",0,0,1,1,0,0,0,1,0,I'm getting a little stressed over it because it's one of the next ones on my schedule...,817
im getting kinnda sick of updating.,0,1,1,0,0,0,0,0,0,I am getting kind of tired of updating.,818
I'm getting really nervous and concerned now about acceptances.,0,1,0,1,1,0,1,1,0,I’m feeling really nervous and concerned now about acceptances.,819
i'm having a hard time today working up the interest to do much of anything lately...someone save me from myself...,0,1,1,1,0,0,0,1,0,I'm having a hard time today finding the motivation to do much of anything lately... someone help me.,820
"I'm inevitably put into the position of not having money at school, and needing it.",1,0,0,0,1,0,0,0,0,I often find myself in the position of not having money at school and needing it.,821
"I'm just a bit stressed about work, anxious about upcoming vacation, and missing Steve.",0,0,0,1,0,1,1,1,0,"I'm just a bit stressed about work, anxious about the upcoming vacation, and missing my partner.",822
im just really worried about things lately...idk...,0,1,1,1,0,0,0,0,0,I'm just really worried about things lately... idk...,823
i'm kinda screwin myself over right now by not studying... but its so hard to get motivated right now.,0,0,0,1,1,0,0,0,0,I'm kind of messing myself up right now by not studying... but it's so hard to get motivated at the moment.,824
im more sad that i dont have a new job to start.,0,0,0,1,0,0,0,1,0,I am more sad that I do not have a new job to start.,825
I'm really really in a conundrum about my job.,0,0,1,0,0,0,0,1,0,I am really in a conundrum about my job.,826
i'm tired of thinking. what the fuck am i accomplishing in my life at this moment.,0,1,0,1,0,0,0,0,0,I'm tired of thinking. What am I accomplishing in my life at this moment?,827
I'm very stressed in general about life.,0,1,1,1,0,0,0,0,0,I am very stressed in general about life.,828
"I'm way behind, the last 2 days have been kind of crazy, I'm trying to get stuff back in order.",0,1,1,0,0,0,0,0,0,"I'm behind, the last couple of days have been kind of crazy, I'm trying to get things back in order.",829
I'm whiney right now and I'm sure its not going to get better when I get to work.,0,0,0,1,0,0,0,1,0,I'm whiny right now and I'm sure it’s not going to get better when I get to work.,830
It exhausts me when that's all I seem to deal with lately.,0,1,1,1,0,0,0,0,1,It exhausts me when that's all I seem to deal with lately.,831
"It starts where I have to work, and I didn't like that idea.",0,1,0,0,0,0,0,1,0,"It starts where I have to work, and I did not like that idea.",832
it's like life doesn't stay good for long with me.,0,1,0,1,0,0,1,0,1,It's like life doesn't stay good for long with me.,833
"It's nearing the end, so I'm becoming really anxious.",0,1,0,1,1,0,0,1,0,"It's nearing the end, so I'm becoming really anxious.",834
i've been having a serious upon serious case of artist's block lately and i most definately do NOT like it.,0,1,0,1,0,0,0,1,0,I've been experiencing a serious case of artist's block lately and I definitely do NOT like it.,835
I've been neglecting my schoolwork too much.,0,1,0,0,1,0,0,0,0,I have been neglecting my schoolwork too much.,836
I've been shaking from making an awful decision.,0,1,1,1,0,0,0,0,0,I've been shaking from making a terrible decision.,837
I've been trying to keep my head up saying that the past few days just weren't good.,0,1,1,1,0,0,0,0,0,"I've been trying to stay positive, reminding myself that the past few days just weren't good.",838
I've been upset over that...my life is LITERALLY ....,0,1,1,1,0,0,0,0,0,I've been upset over that... my life is LITERALLY ....,839
"I've been very busy lately? I dunno, I just didn't feel like typing...",0,1,1,0,0,0,0,0,0,I've been very busy lately. I just didn't feel like typing.,840
"I've spent the last couple of days second guessing myself, and beating myself up about making that decision.",0,1,1,1,0,0,0,0,1,I have spent the last couple of days second guessing myself and being hard on myself about making that decision.,841
la dee da dee daaaa i have a lot to do right now that i don't feel like doing.,0,1,1,0,0,0,0,0,0,la dee da dee daaaa i have a lot to do right now that i don't feel like doing.,842
"Late, mind you, because someone messed up my schedule.",0,1,1,0,0,0,1,1,0,"Late, mind you, because someone messed up the schedule.",843
Lately I have just been worried about choosing a job.,0,0,0,0,0,0,0,1,0,"Lately, I have just been worried about choosing a job.",844
Lately work has been really upsetting me.,0,0,0,1,0,0,0,1,0,"Lately, work has been really upsetting.",845
"Lately, again hopefully caused by my period, I have been feeling unloved.",0,0,0,1,0,0,1,0,1,"Lately, possibly due to hormonal changes, I have been feeling unloved.",846
Latley i have been pretty scared about life and where i will end up and stuff.,0,1,1,1,0,0,1,1,0,"Lately, I have been feeling pretty scared about life and where I will end up.",847
maybe that's why i'm having so much trouble quitting...,0,1,1,1,0,0,0,1,1,maybe that's why i'm having so much trouble quitting...,848
money has become such an issue of worry for me (and my parents as well).,1,0,0,0,0,1,0,0,0,Money has become such a source of worry for me (and my family as well).,849
My control has been shite over the past couple days. I need to do *something* today to get myself back.,0,1,1,1,0,0,0,0,0,My control has been poor over the past couple of days. I need to do *something* today to get back on track.,850
"my emotions are so up and down lately, i dunno what im gonna do.",0,0,0,1,0,0,0,0,0,"My emotions have been very up and down lately, and I don't know what to do.",851
My family had started arriving and things were getting hectic and out of control.,0,0,0,0,0,1,0,0,0,My family had started arriving and things were becoming hectic and out of control.,852
my head hurts. now i have to go to work.,0,1,0,0,0,0,0,1,1,My head hurts. Now I have to go to work.,853
My main report is that I just feel so confused lately.,0,0,1,1,0,0,0,0,0,My main report is that I just feel very confused lately.,854
My personal goals have changed so much that I've kinda lost track of everything.,0,1,1,1,0,0,0,0,0,My personal goals have changed so much that I have kind of lost track of everything.,855
My stepdad seems to have a problem with EVERYTHING I do these days.,0,1,0,1,0,1,1,0,0,My stepparent seems to have a problem with EVERYTHING I do these days.,856
No wonder like I feel like I'm struggling with my identity lately...,0,1,0,1,0,0,0,0,0,"No wonder, I feel like I'm struggling with my identity lately...",857
Not sure how to fix that... Definitely feeling like there's something missing from my life.,0,1,1,1,0,0,1,0,0,Not sure how to fix that... Definitely feeling like something is missing from life.,858
"On top of that, I'm really depressed feeling/stressed over work and finding a new job.",0,1,0,1,0,0,0,1,0,"On top of that, I'm feeling really depressed and stressed over work and finding a new job.",859
once i think abt the time we had in rg my heart aches.,0,1,0,1,0,0,1,0,0,"Once I think about the time we had in RG, my heart aches.",860
"Since the last time I made a post, life has been extremely challenging.",0,1,1,1,0,0,0,1,0,"Since the last time I made a post, life has been extremely challenging.",861
"So, I've been kind of upset with myself with the way I've been running my life.",0,1,1,1,0,0,0,0,0,"So, I've been kind of upset with myself about the way I've been managing my life.",862
Take into consideration my exhausting semester... but I'm still worried.,0,0,0,0,1,0,0,0,0,Take into consideration my exhausting semester... but I'm still worried.,863
That situation with work has gotten more complicated. I now have to go back in for a 're-interview'.,0,0,0,0,0,0,1,1,0,That situation with work has become more complicated. I now have to go back in for a 're-interview'.,864
The adjustment with school and work have been making me insane.,0,0,0,0,1,0,0,1,0,The adjustment with school and work has been overwhelming.,865
"Things have been getting so hectic lately, i have to give up a role.",0,1,1,1,0,0,0,0,0,"Things have been getting so hectic lately, I have to give up a role.",866
things have changed alot and i think we have been growing apart and i dont really like it,0,1,0,1,0,1,1,0,0,"Things have changed a lot, and I think we have been growing apart, which I don't really like.",867
"Ummm... once again, livejournaling has become a chore, and I feel that I haven't quite captured the essence of today.",0,1,1,1,0,0,0,0,0,"Ummm... once again, livejournaling has become a chore, and I feel that the essence of today hasn't quite been captured.",868
Very nervous about going back to work.,0,0,0,0,0,0,0,1,0,Very nervous about returning to work.,869
"We had follies rehearsal today, and needless to say, im a bit frustrated.",0,1,0,0,1,0,0,0,0,"We had follies rehearsal today, and needless to say, I am a bit frustrated.",870
We must get together asap or I shall explode. I'm having a really hard time with my eyes lately.,0,1,1,1,0,0,0,0,1,We must get together as soon as possible or I will explode. I'm having a really hard time with my eyes lately.,871
"well, unfortunately, some hard times came upon my family...",1,0,0,0,0,1,0,0,0,"Well, unfortunately, some hard times came upon my family...",872
"When commitment is already made, and prioritiys crash, leaving us bothin in a state of confusion.",0,1,1,1,0,0,1,0,0,"When commitment is already made, and priorities clash, leaving both in a state of confusion.",873
Work was going quite badly for me.,0,0,0,1,0,0,0,1,0,Work was not going well for me.,874
"Wow, it seems almost every day I find yet another reason to absolutely loathe my current residence.",1,1,1,0,0,1,1,0,0,"Wow, it seems almost every day I find yet another reason to absolutely loathe my current residence.",875
Yeah. + I've been really paranoid about how I talk lately.,0,1,1,1,0,0,0,0,1,Yeah. I've been really paranoid about how I talk lately.,876
"Life is really busy lately and you know, there just isn't enough time in the world to do everything i want!",0,1,1,1,0,0,0,0,1,"Life has been really busy lately, and there just isn't enough time to do everything I want!",877
"This has led to some extreme food bills, as I take it upon myself to eat out whenever I get hungry.",1,0,1,0,0,0,0,0,0,"This has led to some extreme food bills, as I make it a point to eat out whenever I get hungry.",878
"Every time I think about the new Castlevania, I feel angry.",0,1,0,0,0,0,0,0,0,"Every time I think about the new Castlevania, I feel angry.",879
I'm hungry and of course there is nothing in this house to eat.,0,1,1,0,0,0,0,0,1,I am hungry and there is nothing in this house to eat.,880
"I have too much work to do, and too little time.",0,0,1,0,0,0,0,1,0,I have too much work to do and too little time.,881
The problem comes when you are constantly thinking about it.,0,1,1,1,0,0,0,0,0,The problem arises when it is constantly on one's mind.,882
"I mean, I'm starving by this point and my brain is pissed at me and demands food if I refuse it sleep.",0,0,0,1,0,0,0,0,1,"I mean, I'm starving by this point and my brain is upset with me and demands food if I refuse it sleep.",883
Obviously my practice is not strong enough to maintain a momentum.,0,1,0,0,0,0,0,1,1,"Obviously, the practice is not strong enough to maintain momentum.",884
"im so stressed out, i just dont have time for extra work.",0,0,1,1,1,0,0,1,0,"I am so stressed out, I just don't have time for extra work.",885
"On top of that, we're starting our house hunt, which is stressful for more reasons than I even have space to mention.",1,1,1,0,0,1,0,1,0,"On top of that, we're starting our house hunt, which is stressful for more reasons than there is space to mention.",886
"yeh, we talked for like 10 minutes but had to go cuz i had to finish work at starbucks.",0,1,0,0,0,0,0,0,0,"Yeah, we talked for about 10 minutes but had to go because I had to finish work.",887
With all the thoughts that run through my head everyday I just can't sort out my feelings on everything.,0,0,1,1,0,0,1,0,0,"With all the thoughts that run through my head every day, I just can't sort out my feelings about everything.",888
I am pretty upset about my Thanksgiving plans that keep getting jumbled!,1,1,1,1,0,1,1,0,0,I am pretty upset about my holiday plans that keep getting jumbled!,889
The problem I have with cooking breakfast is that I always seem to burn it.,0,1,1,0,0,1,0,0,0,The problem with cooking breakfast is that it always seems to get burned.,890
i am already sick and tired of waking up in the morning.,0,1,1,1,0,0,0,0,1,I am already sick and tired of waking up in the morning.,891
i spend alot of my time at work worrying about kids like this.,0,0,0,1,0,1,0,1,0,I spend a lot of my time at work worrying about children like this.,892
"It's so odd, driving on my way to work everything that seemed to be so pain staking and huge became frivolous.",0,1,1,0,0,0,0,1,0,"It's so odd, driving on the way to work, everything that seemed to be so painstaking and huge became frivolous.",893
I don't know what I want for dinner.,0,1,0,0,0,1,0,0,0,I don't know what to have for dinner.,894
With so many lay off's everybody worried about their jobs.,0,0,0,0,0,0,0,1,0,"With so many layoffs, everyone worried about their jobs.",895
"I'm especially conflicted at this point because I don't where to go with my life, especially job related.",0,0,1,1,0,1,0,1,0,"I am especially conflicted at this point because I don't know where to go with my life, especially regarding work.",896
The constant milling over this subject has really got to end soon.,0,1,1,0,1,0,0,1,0,The constant milling over this subject really needs to end soon.,897
"No more than three hours after finally picking something to major in I'm already getting shit about it. """,0,0,0,0,1,0,1,0,0,"No more than three hours after finally choosing a major, I'm already getting criticism about it.",898
Their schedules lately had made it hard for them to get even this small amount of time together.,0,1,1,0,0,0,1,1,0,Their schedules lately had made it hard for them to find even this small amount of time together.,899
Same stress and hecticness as always.,0,1,1,0,0,1,1,1,0,Same stress and hecticness as always.,900
"However, I believe it has gone from writing to cooking. I've been making relatively complex meals and putting thought into their presentation.",0,1,1,0,0,0,0,0,0,"However, I believe it has shifted from writing to cooking. I have been preparing relatively complex meals and putting thought into their presentation.",901
i realized that i really have no self control when it comes to me finishing food.,1,0,1,1,0,0,0,0,1,I realized that I really have no self-control when it comes to finishing food.,902
i'm cleaning out my closet of a lot of shit that's accumulated over the years and i've lost all amor for.,0,1,0,1,0,0,0,0,0,I'm cleaning out my closet of a lot of things that have accumulated over time and I've lost all interest in.,903
"As usual, changing that on checks will be the hardest part.",1,1,0,0,0,0,0,0,0,"As usual, changing that on checks will be the most difficult part.",904
"pretty much for the past two weeks, i've been struggling with finding enough time for everything, and stressing out in the process.",0,1,1,1,0,0,1,0,0,"For the past two weeks, I have been struggling to find enough time for everything and have been feeling stressed in the process.",905
It has been a very hard week. I have had to admit to my own problems and I have had to set boundaries with my family.,0,1,0,1,0,1,0,0,0,It has been a very hard week. I have had to acknowledge my own problems and set boundaries with my family.,906
"My car still hasn't been fixed, it really sucks.. I've really been missing how my life used to be .. yeah",1,1,1,0,0,0,0,0,0,"My car still hasn't been fixed, it really sucks.. I've really been missing how life used to be .. yeah",907
i think im just stressed out cuz of the all the things i have to do.,0,0,1,1,0,0,0,1,0,I think I am just stressed out because of all the things I have to do.,908
"I've got lots of work, and no motivation to do it.",0,1,0,1,0,0,0,1,1,I have a lot of work and no motivation to do it.,909
"So its hard to take care of them all, since they work and fixing up their freshly built house.",0,0,1,0,0,1,0,1,0,"So it's hard to take care of them all, since they work and are fixing up their newly built house.",910
he wouldn't even start his meals until the potatoes came.,0,1,0,0,0,0,0,0,0,They wouldn't even start their meals until the potatoes came.,911
everyday life is so exhausting that i can't control it. only to pick up,1,0,1,1,0,0,0,0,1,"Everyday life is so exhausting that it feels uncontrollable, only to manage.",912
all it does is stress me out and i can't get my shit done on time.,0,1,1,0,1,0,0,1,0,"All it does is stress me out, and I can't get my work done on time.",913
I'm constantly worrying about what comes after my show closes.,0,1,0,1,0,0,0,1,0,I'm constantly worrying about what comes after my show closes.,914
its torture turning over everyday.,0,0,1,1,0,0,0,0,1,It's torture going through every day.,915
Today was such I stressed out day.,0,1,1,0,0,0,0,0,0,Today was such a stressful day.,916
"I was sooo frustrated. Because okay, it's stressful enough to be responsible for finding almost everything all week.",0,1,1,0,0,1,0,1,0,I was very frustrated. It's stressful enough to be responsible for finding almost everything all week.,917
No idea what I'm going to cook for dinner.,0,1,1,0,0,0,0,0,0,No idea what to cook for dinner.,918
After dinner I didn't know what to do.,0,1,0,1,0,0,0,0,0,"After dinner, I didn't know what to do.",919
"I'm not following my ""Whatch what I Eat "" or ""Eat Healthy"" because I didn't Work Out today and Ive been eating a little bit of junk food.",0,1,1,0,0,0,0,0,1,"I'm not following my ""Watch What I Eat"" or ""Eat Healthy"" plans because I didn't work out today and have been eating a little bit of junk food.",920
Now back to the daily grind here at work!,0,1,0,0,0,0,0,1,0,Now back to the daily routine here at work!,921
"our friends don't come through, our finances are always wanting, and our appetite is never satisfied.",1,0,0,1,0,0,1,0,0,"Our friends don't come through, our finances are always lacking, and our appetite is never satisfied.",922
One of the problems with all of this is that we have to struggle with this every day.,0,1,1,1,0,1,1,0,0,One of the problems with all of this is that it must be struggled with every day.,923
"Well, that's all for me. I need to try not to explode from eating too much this week!",0,1,0,0,0,0,0,0,1,"Well, that's all for me. I need to try not to feel overwhelmed from eating too much this week!",924
It seems like things always just shit on you whenever you do anything.,0,1,1,1,0,0,0,0,0,It seems like things always just go wrong for you whenever you do anything.,925
It's frustrating when I come home and Brett can't fully understand the choas I go through at work.,0,0,0,1,0,1,1,1,0,It's frustrating when I come home and my partner can't fully understand the chaos I go through at work.,926
"Usually whenever my friends are over for a dinner, my family always winds up fighting about something, but not tonight!",0,1,0,0,0,1,0,0,0,"Usually whenever friends are over for dinner, the family always ends up arguing about something, but not tonight!",927
i'm actually really stressed about finding an apartment because i have to be moved out by dec.,1,1,1,0,0,1,0,0,0,I am really stressed about finding an apartment because I have to be moved out by December.,928
"Moving house, getting married and becoming self employed are scary things.",0,0,0,1,0,1,1,1,0,"Moving house, entering a partnership, and becoming self-employed are challenging experiences.",929
I'm trying not to go on every day.,1,1,0,1,0,0,0,0,0,I’m trying not to go every day.,930
Work has been stessful and other stuff has been even more stressful.,0,1,1,0,1,0,1,1,0,Work has been stressful and other things have been even more stressful.,931
There are so many things I have to do and not enough time to do them.,0,1,1,0,0,0,0,1,1,There are many tasks to complete and not enough time to do them.,932
"The growing stress of day to day life is growing explicitly, especially regarding my newfound internship.",0,0,1,0,1,0,0,1,0,"The increasing stress of daily life is becoming more evident, especially concerning a new internship.",933
The plates of food aren't nearly enough to make up for the fact that I have to deal with the family for a day.,0,1,0,0,0,1,0,0,0,The plates of food aren't nearly enough to make up for the fact that I have to spend a day with the family.,934
Everytime I have to pick my classes I have major issues with finalizing anything.,0,0,0,0,1,0,0,0,0,"Every time I have to choose my classes, I have major issues with finalizing anything.",935
"i cook, but i cook for me, I'm hungry, shit.",0,1,1,0,0,0,0,0,0,"I cook, but I cook for myself, I'm hungry.",936
"I know my job is not what gives me value, but it's painful going to work every day and feeling like I haven't contributed to anything.",0,0,0,1,0,0,0,1,0,"I know my job is not what gives me value, but it's painful going to work every day and feeling like I haven't contributed to anything.",937
We're getting a bunch of work lately and tis STRESSING ME OUT.,0,0,1,0,0,0,0,1,0,We're getting a lot of work lately and it's stressing me out.,938
"oftentimes i have a lot of work I am doing and i am stressed just like Shane, i just do not say it out loud.",0,1,1,1,0,0,1,1,0,"Often, I have a lot of work to do and feel stressed, just like another person I know, but I just do not say it out loud.",939
everyday is getting harder.,0,1,1,1,0,0,0,0,0,Every day is becoming more difficult.,940
I know there is so much to do in this house but I just can't sit here and stare at these walls all day long.,0,1,1,1,0,0,0,0,0,"I know there is so much to do in this house, but I just can't sit here and stare at these walls all day long.",941
"On Friday I made coffee, read the paper, then called into work and left a voicemail for my boss saying I'd be out sick.",0,1,0,0,0,0,0,1,0,"On Friday, I made coffee, read the paper, then called into work and left a voicemail for my supervisor saying I would be out sick.",942
Hard day at work and kind of tiring.,0,0,0,0,0,0,0,1,1,Hard day at work and feeling tired.,943
"i have to clean my house, between work and this damn outfit, it's a fucking mess.",0,0,1,0,0,0,0,1,1,"I have to clean my house; between work and this outfit, it's a mess.",944
i have to take a shower yet but it's freezing in my house.,0,1,1,0,0,0,0,0,0,"I have to take a shower yet, but it's freezing in the house.",945
"I had a lot of stress at home and school, with the added stress of work, and people that didn't take me seriously, it was just a bad year.",0,0,0,0,1,0,1,1,0,"I experienced a lot of stress at home and school, along with the added pressure of work and people who didn't take me seriously; it was just a difficult year.",946
i've gotten really behind on keeping dishes washed.,0,1,1,0,0,1,0,0,1,I have fallen behind on washing the dishes.,947
It's hard to put into words the different emotions and thoughts that run through my head on a daily basis.,0,1,0,1,0,0,0,0,1,It's hard to put into words the various emotions and thoughts that run through my mind daily.,948
I spent an inordinate amount of time on trying to figure out what I want to do with the next three years of my life.,0,1,1,1,0,0,0,1,0,I spent a significant amount of time trying to figure out what to do with the next few years of my life.,949
At work the current project is finishing off and will soon be winding down.,0,1,0,0,0,0,0,1,0,"At work, the current project is finishing and will soon be winding down.",950
"Ecept on of the managers is always asking why I'm not eating and I always say something like ""I had a big breakfast"" or ""I'm going out after work"".",0,1,0,0,0,0,0,1,1,"Except one of the managers is always asking why I'm not eating, and I always say something like ""I had a big breakfast"" or ""I'm going out after work.""",951
i've been kinda down lately. and stressed. really stressed. there's just been a lot of stuff going on lately and,0,1,1,1,0,0,0,0,0,I've been feeling down lately and stressed. There's just been a lot going on recently.,952
It's gonna be hard adjusting to not seeing them every day.,0,1,0,0,0,1,1,0,0,It's going to be hard adjusting to not seeing them every day.,953
thinking too much is tiring and worrisome when you have nothing else to do but work work work. right now,0,1,0,1,0,0,0,1,1,"Thinking too much is tiring and worrisome when there is nothing else to do but work, work, work. Right now.",954
"no matter what I was doing in terms of our roaming and eating routine, I was not able to gain a complete control over it.",1,1,1,1,1,0,0,0,1,"No matter what I was doing in terms of our roaming and eating routine, I was not able to gain complete control over it.",955
I feel so stressed out in deciding what to do with my life.,0,1,1,1,0,0,1,1,0,I feel very stressed about deciding what to do with my life.,956
"it'll be three consecutive days off of work, which I desperately need.",0,1,0,0,0,0,0,1,0,"It will be three consecutive days off work, which is desperately needed.",957
Life is no fun when you have to be worried about so many things.,1,0,1,1,0,0,0,0,0,Life is no fun when there are many things to worry about.,958
work has been really exhausting lately.,0,0,0,0,0,0,0,1,1,Work has been really exhausting lately.,959
"i've been really busy at work, and having my monitor at home crap out on me has made things difficult there too.",1,1,0,0,0,1,0,1,0,"I've been really busy at work, and having my monitor at home stop working has made things difficult there too.",960
"It's annoying because mostly it hits in the middle of the workday, where I can't do a whole fuck of a lot with it. I need to find focus.",0,1,0,0,0,0,0,1,1,"It's annoying because it mostly happens in the middle of the workday, when it's hard to do much about it. I need to find focus.",961
"Because of my recent sick days, I have way too much homework and work to do.",0,0,0,1,1,0,0,1,1,"Due to recent sick days, there is a lot of homework and work to complete.",962
Got frustrated while workin on my math cuz well i am so lossed on wat we are doin in that class.,0,1,0,0,1,0,0,0,0,Got frustrated while working on my math because I am really lost on what we are doing in that class.,963
"I'm a worrywart. I mean, really. I'm due to take a placement test for the school I hope to get into.",0,1,0,0,1,0,0,0,0,I tend to worry a lot. I have a placement test coming up for the school I hope to get into.,964
"i am getting super stressed out about school, and i do not heart that.",0,0,0,0,1,0,0,0,0,"I am getting very stressed out about school, and I do not like that.",965
"School was tiring, and I had a TON of homework.",0,0,0,0,1,0,0,0,1,"School was tiring, and there was a lot of homework.",966
I'm worried now about going back to school.,0,0,0,0,1,0,0,0,0,I am worried now about going back to school.,967
School is fucking killing me.,0,0,0,0,1,0,0,0,0,School is really overwhelming me.,968
"omggggggggggggg school is stressing me out so bad, i have like a total of tests to make up its sucks the biggest dick.",0,0,0,0,1,0,0,0,0,"School is stressing me out so much, I have a total of tests to make up and it really sucks.",969
I must improve my grades.,0,0,0,0,1,0,0,0,0,I must improve my grades.,970
I officially have 2 weeks of classes before finals week.,0,1,0,0,1,0,0,0,0,I officially have 2 weeks of classes before finals week.,971
I'm burnt out on school and just feel like I'm not doing what I should be doing.,0,0,1,1,1,0,0,0,1,I'm burnt out on school and just feel like I'm not doing what I should be doing.,972
I have to write my college essays this weekend.,0,1,0,0,1,0,0,0,0,I have to write my college essays this weekend.,973
"Work, drama and I have a PoliSci essay due Monday on Parliament or something that I haven't started.",0,0,0,0,1,0,0,1,0,"Work, drama, and I have a political science essay due Monday on Parliament or something that has not been started.",974
I have been working hard lately to pull my grades up in school that I have sadly let slip.,0,0,0,1,1,0,1,0,0,I have been working hard lately to improve my grades in school that I had let slip.,975
God I am so stressed out everytime I think of homework I literally start pitying myself so much that I cry.,0,0,0,0,1,0,0,0,0,I am so stressed out every time I think of homework that I start feeling overwhelmed and end up crying.,976
"School has just been stress, stress, stress for me!",0,0,0,0,1,0,0,0,0,"School has just been stress, stress, stress for me!",977
"i can't pay attention in class, i can't pay attention with my friends.",0,0,0,1,1,0,1,0,0,"I can't pay attention in class, I can't pay attention with others.",978
thats about it ill be busy studying for finals this weekend so cya some other time.,0,1,0,0,1,0,0,0,0,"That's about it. I'll be busy studying for exams this weekend, so see you some other time.",979
the tests are really gonna be important for my grades.,0,0,0,0,1,0,0,0,0,The tests are going to be really important for the grades.,980
"I took a test today that I forgot to study for, so I doubt I did very well.",0,0,0,0,1,0,0,0,0,"I took a test today that I forgot to study for, so I doubt I did very well.",981
school was extra stressful today.,0,1,0,0,1,0,0,1,0,School was extra stressful today.,982
I have a college orientation Wednesday and Thursday down at Kutztown.,0,1,0,0,1,0,0,0,0,I have a college orientation Wednesday and Thursday in my area.,983
you're starting to make school unbearable.,0,0,0,0,1,0,1,0,0,You are starting to make school unbearable.,984
"Didn't get nearly enough sleep before getting up to go to the game, so I felt like crap the first half.",0,1,0,0,0,0,0,0,1,"Didn’t get nearly enough sleep before getting up to go to the game, so felt terrible the first half.",985
I am really nervous for my other exams and like I really really want to get it over with already.,0,0,0,1,1,0,0,0,0,I am really nervous about my upcoming exams and really want to get them over with already.,986
"It's not due till Monday, but I MUST GET A B on this stupid paper so I can get a B in the class, maybe even an A.",0,0,0,0,1,0,0,0,0,"It's not due till Monday, but I MUST GET A B on this paper so I can get a B in the class, maybe even an A.",987
School has been driving me nuts.,0,0,0,0,1,0,0,0,0,School has been driving me nuts.,988
I couldn't sleep for crap last night cause I was all scared.,0,1,0,1,0,0,0,0,1,I couldn't sleep at all last night because I was really scared.,989
I do not think I can go to school today.,0,1,0,0,1,0,0,0,0,I do not think I can go to school today.,990
"I've been really busy, obviously, because of school starting.",0,0,0,0,1,0,0,0,0,"I've been really busy, obviously, because of the start of classes.",991
I am deep in studying for finals.,0,1,1,0,1,0,0,0,0,I am deeply focused on studying for finals.,992
"Somehow, this school year is sucking. really badly too. i dread going every day.",1,0,0,1,1,0,0,0,0,"Somehow, this school year is going very poorly. I dread going every day.",993
I AM ALSO SO SAD THAT I HAVE SO MUCH HOMEWORK LEFT TO DO!,0,0,0,1,1,0,0,0,0,I AM ALSO SO SAD THAT I HAVE SO MUCH HOMEWORK LEFT TO DO!,994
I need to do well in school.,0,0,0,0,1,0,0,0,0,I need to do well in school.,995
On a plus note while putting off my writing two papers and studying for a midterm this weekend I got alot done.,0,1,0,0,1,0,0,0,0,"On a positive note, while postponing my writing of two papers and studying for a midterm this weekend, I got a lot done.",996
2 weeks till my first 2 exams.,0,1,1,0,1,0,0,0,0,Two weeks until my first two exams.,997
high school is so frustrating.,0,1,0,0,1,0,0,0,0,Secondary school is so frustrating.,998
"School work is getting ridiculous, the profs.",0,0,0,0,1,0,0,0,0,"School work is becoming overwhelming, the professors.",999
School was hella hectic there towards the end.,0,0,0,1,1,0,1,0,0,School was really hectic there towards the end.,1000
"Between all this emotional stress and like the unsurmountable amounts of stress due to school, I am dieing.",0,0,0,1,1,0,0,0,1,"Between all this emotional stress and the overwhelming amounts of stress due to school, I am struggling.",1001
I'm taking 18 credits this semester.,0,1,0,0,1,0,0,0,0,I am taking 18 credits this semester.,1002
it makes me angry cos of how different it is compared to all the stuff we have to do at my school.,0,0,0,0,1,0,0,0,0,It makes me angry because it is so different from all the things we have to do at my school.,1003
im sad that school is ending onli cus some of my frends r going to college.,0,1,0,0,1,0,1,0,0,I’m sad that school is ending only because some of my friends are going to college.,1004
I'm really hating school right now.,0,0,0,1,1,0,0,0,0,I am really disliking school right now.,1005
"now, school is the most stressful thing in my life.",0,0,0,0,1,0,0,0,0,"Currently, school is the most stressful thing in my life.",1006
I spent the whole day doing homework and now I don't even feel up to going to school tomorrow.,0,1,0,0,1,0,0,0,1,I spent the whole day doing homework and now I don't even feel up to going to school tomorrow.,1007
I've been really busy with school and practicly obsessing over CPAT.,0,0,0,0,1,0,0,0,0,I've been really busy with school and practically obsessing over CPAT.,1008
I had a stressful week at school.,1,0,0,1,1,0,0,0,0,I had a stressful week at school.,1009
"School's been bumming me out, and since I missed a day at school, I will have to go to take the exams and I am NOT exempt.",0,1,0,0,1,0,0,0,0,"School has been frustrating me, and since I missed a day, I will have to take the exams and am NOT exempt.",1010
I don't even read when I'm forced to for school.,0,1,0,0,1,0,0,0,0,I don't even read unless I'm required to for school.,1011
now we have school tomorrow and i'm NOT looking forward to that.,0,1,0,1,1,0,0,0,0,Now we have school tomorrow and I am not looking forward to that.,1012
To the college kids that are on their way to School this weekend..,0,1,0,0,1,0,0,0,0,To the students who are on their way to school this weekend..,1013
I need to get ready for school.,0,1,0,0,1,0,0,0,0,I need to get ready for school.,1014
I feel like I haven't really gotten into the Christmas spirit because of studying for finals.,0,1,0,0,1,0,0,0,0,I feel like I haven't really gotten into the holiday spirit because of studying for finals.,1015
that class is terrible. its high school,0,0,0,0,1,0,0,0,0,That class is terrible. It is a secondary education course.,1016
i need to work on my procrastinating. school.,0,1,0,0,1,0,0,0,0,I need to work on my procrastination. School.,1017
"Mostly due to being busy with school and being exhausted, I havent been praying and meditating as much as I usually do.",0,0,1,0,1,0,0,0,1,"Mostly due to being busy with studies and feeling exhausted, I haven't been praying and meditating as much as I usually do.",1018
NO MORE PUBS for the NEXT 2 WEEKS due to massive amounts of schoolwork.,0,1,0,0,1,0,0,0,0,No more pubs for the next two weeks due to a heavy workload.,1019
"So first they are pissed off on what Im going to major in, in college.",0,1,0,0,1,1,0,0,0,"So first they are upset about what I am going to major in, in college.",1020
School has been so hectic already.,0,0,0,0,1,0,0,0,0,School has been very hectic already.,1021
"I have a feeling I'm falling behind in school, and I'm finding it difficult to get back on track.",0,0,0,0,1,0,0,0,0,"I have a feeling I am falling behind in school, and I am finding it difficult to get back on track.",1022
Doing some homework and then work Sorry it seems like i don't have time for you but right now,0,0,0,0,1,0,1,1,0,"Doing some homework and then work. Sorry, it seems like I don't have time for you right now.",1023
"so.. yeah. school, aint nothin to talk about there. bus rides, both sucked.",0,1,0,0,1,0,0,0,0,"So.. yeah. School, nothing to talk about there. Bus rides, both were unpleasant.",1024
My classes have far too much reading already.,0,1,0,0,1,0,0,0,0,My classes already have far too much reading.,1025
I have a lot of big homework things due this next week.,0,0,0,0,1,0,0,0,0,I have a lot of big homework assignments due next week.,1026
"I am really trying! School is getting crazy busy with tests, papers, probes, research, all that junk.",0,0,0,0,1,0,0,1,0,"I am really trying! School is getting very busy with tests, papers, projects, research, and all that work.",1027
"Whatever has caused the situation, you just don't seem to be able to sustain or maintain relationships as you would wish to.",0,1,0,1,0,0,1,0,0,"Whatever has caused the situation, it seems difficult to sustain or maintain relationships as desired.",1028
Is it because my aunt is tired of my mom?,0,1,0,0,0,1,0,0,0,Is it because my relative is tired of another relative?,1029
whining about my life doesn't make it better.,0,1,1,0,0,0,0,0,0,Complaining about life doesn't make it better.,1030
"i haven't really spent much time with my dad lately, and i know he's been kinda disappointed in me lately.",0,0,0,1,0,1,1,0,0,"I haven't really spent much time with my parent lately, and I know they have been kind of disappointed in me recently.",1031
"I Feel that he was really mistreated in past relationships, because he thinks more times than he should that i am mad at him.",0,1,0,0,0,1,1,0,0,"I feel that they were really mistreated in past relationships, because they think more times than they should that I am mad at them.",1032
i am excited about my small dinner party tommrow and then seeing sara. and my party in two weeks cause the parents are gone all weekend,0,1,0,0,0,0,0,0,0,I am excited about my small dinner party tomorrow and then seeing my friend. Also looking forward to my party in two weeks since the parents will be away all weekend.,1033
i wont be able to reply to ur comments to this so ya.,0,1,0,0,0,0,0,0,0,"I won’t be able to reply to your comments on this, so yeah.",1034
"Hell, there are times I want to disown my family and get away from fucking society.",0,0,1,1,0,1,1,0,0,There are times I want to disown my family and get away from society.,1035
"Told my landlady that I wasn't impressed with her ""lease addendum"" and would not sign it.",1,1,1,0,0,0,1,0,0,"Told my landlord that I wasn't impressed with the ""lease addendum"" and would not sign it.",1036
you know what is really getting on my nerves.. having johns emotions cramping up my relationship.,0,1,0,1,0,0,1,0,0,You know what is really getting on my nerves... having my partner's emotions cramping up my relationship.,1037
i dont like having a huge group of friends. too hard to satisfy everyone.,0,0,0,0,0,0,1,0,0,I don't like having a large group of friends. It's too hard to satisfy everyone.,1038
My roommate Rhoneil broke up with hers.,0,1,0,0,1,0,1,0,0,My roommate Rhoneil broke up with their partner.,1039
My mom is having a hard tie with the holidays.,0,1,0,0,0,1,0,0,0,My parent is having a hard time with the holidays.,1040
You can't stand people ad you don't want to be around them.,0,0,0,1,0,0,1,0,0,You can't stand others and you don't want to be around them.,1041
It is so fucking annoying when your boyfriend guesses what you're giving him for Christmas.,0,1,0,0,0,0,1,0,0,It is so frustrating when your partner guesses what you're giving them for the holiday.,1042
jealous girlfriends get on my nerves,0,1,0,1,0,0,1,0,0,jealous partners get on my nerves,1043
I think that it really sucks when someone hates you because you're friends with their ex girlfriend.,0,1,0,0,0,0,1,0,0,I think that it really sucks when someone dislikes you because you're friends with their ex-partner.,1044
then I wouldn't get to see my PKD and CFA buddies.,0,1,0,0,0,0,1,0,0,then I wouldn't get to see my PKD and CFA friends.,1045
"Frankly, I was a little afraid of my father.",0,1,0,1,0,1,0,0,0,"Frankly, I was a little afraid of my parent.",1046
i had crappy rude customers and it was really busy.,0,0,0,0,0,0,0,1,0,I had difficult customers and it was very busy.,1047
"unpopular opinion, I can't stand Calli.",0,1,0,0,0,0,1,0,0,"Unpopular opinion, I can't stand Calli.",1048
"Not that it really matters or anything as adults should enjoy life as they see fit,and neither am I complaining or passing judgment on anybody but man!",0,1,1,0,0,0,1,0,0,"Not that it really matters or anything as adults should enjoy life as they see fit, and neither am I complaining or passing judgment on anybody but wow!",1049
"I know my life is busy, I feel the strain from it all the time, but damn, it's scary when I write it all out like that, isn't it?",0,1,1,1,0,0,0,0,1,"I know life is busy, and I feel the strain from it all the time, but it's scary when I write it all out like that, isn't it?",1050
girlfriend hated you because she was so damn jealous of the relationship you had with her boyfriend?,0,0,0,1,0,0,1,0,0,The partner disliked you because they were very jealous of the relationship you had with their significant other?,1051
"Social situations make me nervous sometimes, and I worry about the DSU student body hating me.",0,0,0,1,1,0,1,0,0,"Social situations make me nervous sometimes, and I worry about the student body disliking me.",1052
Getting an apartment for gary has been the most stressful thing.,0,1,1,1,0,0,1,0,0,Getting an apartment for my partner has been the most stressful thing.,1053
"My company hasn't been giving me a lot of support, and it's wearing me out.",0,0,0,1,0,0,0,1,0,"The company hasn't been providing much support, and it's wearing me out.",1054
it' just hitting me that i'm leaving this place and these people that have become such a part of my life i don't want to go home with out them!,0,1,0,1,0,0,1,0,0,It's just hitting me that I'm leaving this place and these people who have become such a part of my life. I don't want to go home without them!,1055
I can't have a nice life!,0,1,0,1,0,0,0,0,1,I can't have a good life!,1056
"Lots of trauma, lots of pain, and my father gets seriously depressed, imho, when he's sick and unable to work.",0,0,0,1,0,1,0,0,1,"Lots of trauma, lots of pain, and my parent gets seriously depressed, in my opinion, when they are sick and unable to work.",1057
some of my friends really worry me.,0,0,0,0,0,0,1,0,0,Some of my friends really worry me.,1058
"That's not to say that I don't want to fix things and eventually become friends with some people again, but I have no control over that.",0,0,0,0,0,0,1,0,0,"That's not to say that I don't want to fix things and eventually become friends with some individuals again, but I have no control over that.",1059
He is one who has previously ignored me at parties and not returned my phonecalls due to some problem his ex has with me.,0,0,0,0,0,0,1,0,0,This is someone who has previously ignored me at gatherings and not returned my phone calls due to some issue their former partner has with me.,1060
"She's too busy, and also claims I upset her boyfriend with my mere presence in their vicinity.",0,0,0,0,0,1,1,0,0,They are too busy and also claim I upset their partner with my mere presence in their vicinity.,1061
MY BOYFRIEND CHEATED ON ME.,0,0,0,1,0,0,1,0,0,My partner cheated on me.,1062
ugh i can't stop thinking about MYSELF and my Life Problems it's consuming everything i'm driving myself absoultely insane and i'm getting moody and mean and more ridiculous than usual.,0,1,1,1,0,0,0,0,0,"Ugh, I can't stop thinking about my life problems; it's consuming everything. I'm driving myself absolutely insane and becoming moody, mean, and more ridiculous than usual.",1063
"My mother got extremely angry when she heard what he said, and now my brother isn't playing for the Minutemen Flames 90 next year.",0,1,0,0,0,1,0,0,0,"My parent got extremely angry when they heard what was said, and now my sibling isn't playing for the team next year.",1064
im kinda scared haha justin's party was on saturday.,0,1,0,1,0,0,1,0,0,I'm kinda scared haha the party was on Saturday.,1065
"honey i'm scared about the talk too, that we are going to have this saturday.",0,1,0,1,0,1,1,0,0,"Honey, I'm scared about the talk too, that we are going to have this Saturday.",1066
A certain ex makes me feel really uncomfortable when I run into him.,0,1,0,0,0,0,1,0,0,A certain ex makes me feel really uncomfortable when I run into them.,1067
I'm not really enjoying my job downtown lately.,0,0,0,0,0,0,0,1,0,I'm not really enjoying my job in the city lately.,1068
My boyfriend is having a hard time with his family.,0,0,0,0,0,1,1,0,0,My partner is having a hard time with their family.,1069
Work basically sucks because I dont get along with the new manager.,0,0,0,0,0,0,1,1,0,Work is difficult because I don't get along with the new manager.,1070
Im sick of how alone I feel when it comes to family.,0,0,0,1,0,1,0,0,0,I'm tired of feeling so alone when it comes to family.,1071
"Too much masculinity, and he doesn't need women at all, not on the deepest level.",0,1,0,0,0,0,1,0,0,"Excessive masculinity, and they don't need others at all, not on the deepest level.",1072
woohoo i skipped p.e. for like 3 weeks and they just now caught me so i'm suspended tomorrow lol..well how's everyone been doing i haven't updated in a while!,0,0,1,0,1,0,0,0,0,"Woohoo, I skipped P.E. for a few weeks and just now got caught, so I'm suspended tomorrow lol. Well, how has everyone been doing? I haven't updated in a while!",1073
He's a friend that hasn't had much positive stability in his life.,0,1,0,1,0,0,1,0,0,They are a friend who hasn't had much positive stability in their life.,1074
"i think im afraid to fess up that i feel worse, that my plans cant work out. then again.",0,1,1,1,0,0,0,0,0,"I think I'm afraid to admit that I feel worse, that my plans can't work out. Then again.",1075
I'm tired of people trying to talk me out of my decisions.,0,0,1,1,0,0,1,0,0,I'm tired of people trying to talk me out of my decisions.,1076
"It's too much to deal with and adds stress to my life, and I am plenty stressed on my own with classes and family and the like.",0,0,0,0,1,1,1,0,0,"It's too much to deal with and adds stress to my life, and I am already stressed with classes and family and similar responsibilities.",1077
You know something's wrong when spending time with your friends makes you miserable.,0,0,0,1,0,0,1,0,0,You know something's wrong when spending time with people you care about makes you miserable.,1078
i really dont like working everyday. and my days off are not the same as anyone elses and that makes me sad. in other news.,0,0,0,1,0,0,1,1,0,"I really don’t like working every day. My days off are not the same as others', and that makes me sad. In other news.",1079
I'm sorry to be such a pain around the holidays.,0,1,0,1,0,0,1,0,0,I'm sorry to be such a pain during the holidays.,1080
I have been kind of a bad friend to her for I don't call her like I used to.,0,0,0,0,0,0,1,0,0,I have not been a very good friend because I don't call them like I used to.,1081
"I have to work a birthday party Saturday, so much for seeing Claire.",0,0,0,0,0,0,1,1,0,"I have to work a birthday party Saturday, so much for seeing my partner.",1082
"My life is falling apart, Im not going into details just because I dont want to.",0,1,1,1,0,1,1,0,0,"My life is falling apart, and I’m not going into details because I don’t want to.",1083
"Since my parents divorced so many years ago, its hard to relate to my mom about how I feel.",0,0,0,1,0,1,0,0,0,"Since my parents separated many years ago, it's hard to relate to my parent about how I feel.",1084
I am so frustrated about Christmas this year.,0,1,0,0,0,1,1,0,0,I am so frustrated about the holidays this year.,1085
DC pimp has a new girlfriend.,0,1,0,0,0,0,0,0,0,A person from my country involved in pimping has a new partner.,1086
Incredible! I'm also very anxious about the upcoming show that we have at M.C. this Saturday.,0,1,0,1,0,0,1,1,0,Incredible! I'm also very anxious about the upcoming show that we have at M.C. this Saturday.,1087
Things like why is it so hard for me to meet new people and make new friendships.,0,0,1,1,0,0,1,0,0,Things like why it is so hard for me to meet new people and make new friendships.,1088
I had to vaccuum all day over because my guest was coming this weekend.,0,1,1,0,0,0,1,0,0,I had to vacuum all day because my guest was coming this weekend.,1089
You can't be friends with someone who never talks to you and acts like you're a nobody which is what she has done to me.,0,0,0,0,0,0,1,0,0,"You can't be friends with someone who never talks to you and acts like you're a nobody, which is what they have done to me.",1090
Sometimes my dad makes me feel so bad about things.,0,1,0,1,0,1,0,0,0,Sometimes my parent makes me feel so bad about things.,1091
Like the people that mean most to you are unhappy with you? I've felt it alot lately and I'm not sure what I did to make them feel that way.,0,1,0,1,0,1,1,0,0,Like the people who mean most to you are unhappy with you? I've felt it a lot lately and I'm not sure what I did to make them feel that way.,1092
rachelle's boyfriend and i are in conflict.,0,1,0,0,0,0,1,0,0,Rachelle and their partner and I are in conflict.,1093
"WHO CARES if you act a little bossy sometimes, you don't need to apologize to anyone, no one is mad at you when you direct people to do stuff.",0,1,0,0,0,0,1,1,0,"WHO CARES if someone acts a little bossy sometimes, they don't need to apologize to anyone, no one is upset when they direct others to do things.",1094
"Charles Whitman told his doctor that he was feeling ""low"" after his parents' divorce and hadn't been feeling well.",0,0,0,1,0,1,1,0,1,"The individual told their doctor that they were feeling ""low"" after their parents' divorce and hadn't been feeling well.",1095
"I know that Andrew and I are broken up but I have this feeling like we're going to be complicating each other's lives for a long, long time.",0,0,0,1,0,1,1,0,0,"I know that my partner and I are broken up but I have this feeling like we're going to be complicating each other's lives for a long, long time.",1096
"I'd think about not being with my family, which made me start thinking about my family dying, which to me is so much worse.",0,1,0,1,0,1,0,0,0,"I'd think about not being with my loved ones, which made me start thinking about them passing away, which to me is so much worse.",1097
"If someone hurts me, like really hurts me which is hard to do, I never fully reconcile my relationship with them.",0,1,0,1,0,0,1,0,0,"If someone hurts me, like really hurts me which is hard to do, I never fully reconcile my relationship with that person.",1098
I think it's sad how holidays mark the times I get to see members of my family.,0,1,0,0,0,1,1,0,0,I think it's sad how holidays mark the times I get to see members of my family.,1099
i can't take my job anymore i mean like between her and my boss the lack of consideration is horrendous.,0,0,0,0,0,0,1,1,0,I can't take my job anymore; the lack of consideration between my partner and my boss is horrendous.,1100
that I'm upset because of my friend situation.,0,1,0,0,0,0,1,0,1,That I'm upset because of my partner's situation.,1101
"I notice that because of my parents divorce, that might be why I'm so scared to love.",0,0,0,1,0,1,0,0,0,"I notice that because of my parents' separation, that might be why I'm so scared to love.",1102
Its just been hard coming to terms with losing a friendship that I had no say in.,0,0,0,0,0,0,1,0,0,It has been difficult coming to terms with losing a friendship that I had no control over.,1103
I could not ask for a more supportive partner and it has not been easy.,0,1,0,1,0,1,1,0,0,"I could not ask for a more supportive partner, and it has not been easy.",1104
I dont know I am just getting annoyed by my roommates.,0,0,0,0,1,0,1,0,0,"I don't know, I am just getting annoyed by my roommates.",1105
i've been so moody and negative about life lately..its really starting to depress me.,0,1,0,1,0,0,1,0,0,I have been feeling very moody and negative about life lately. It is really starting to affect my mood.,1106
Work has gotten bad and just life is raping me.,0,0,1,0,0,0,0,1,1,Work has become very difficult and life feels overwhelming.,1107
Something bad happened with my family and it stressed me out and made me sad.,0,0,0,1,0,1,0,0,0,Something bad happened with my family and it stressed me out and made me sad.,1108
I haven't spoken to my boyfriend in weeks and now he won't respond to me.,0,1,0,1,0,0,1,0,0,I haven't spoken to my partner in weeks and now they won't respond to me.,1109
I'm tired of putting my heart and my feelings on the line and then get hurt all over again.,0,1,0,1,0,0,1,0,0,I'm tired of putting my heart and my feelings on the line and then getting hurt all over again.,1110
"Right now, I have a lot of stress looming over me.",0,1,1,1,0,0,0,0,0,"Right now, I have a lot of stress looming over me.",1111
I feel really lonely and depressed.,0,1,0,1,0,0,0,0,1,I feel really lonely and depressed.,1112
sorry bout all that but i really needed to vent some stuff.,0,1,0,1,0,0,1,0,0,"Sorry about all that, but I really needed to vent some things.",1113
"i am so unbelievably fucking pissed right now! the more i think about it, the more upset and pissed i get.",0,1,0,1,0,0,1,1,0,"I am extremely upset right now! The more I think about it, the more upset I become.",1114
Mado's father died at 12pm today and she was so upset.,0,0,0,1,0,1,1,0,0,Mado's parent died at 12pm today and they were very upset.,1115
Recently I've been realizing that I miss a lot of people more than I thought I would.,0,1,0,1,0,0,1,0,0,Recently I've been realizing that I miss many people more than I thought I would.,1116
"I have a HUGE Whelmed conflict, but I am trying to work it out.",0,1,0,1,0,0,1,1,0,"I have a HUGE Whelmed conflict, but I am trying to work it out.",1117
it happens sorry change is very stressful for me.,0,1,0,1,0,0,0,0,0,"It happens, sorry, change is very stressful for me.",1118
I'm worried about my dog cos I found a tumor on her.,1,1,0,1,0,1,0,0,1,I'm worried about my dog because I found a tumor on them.,1119
i have so many emotional issues.,1,0,0,1,0,0,1,0,0,I have many emotional issues.,1120
its all so hard. to try to make myself feel better,0,0,0,1,0,0,0,0,0,It's all so hard to try to make myself feel better.,1121
This stuff stress's me out so much and makes me wonder why this is happening.,0,1,1,1,0,0,0,0,0,This situation stresses me out so much and makes me wonder why this is happening.,1122
"Anxiety and a restless antagonism, as a result of unfulfilled emotional needs, has resulted in considerable stress.",0,1,0,1,0,0,0,0,1,"Anxiety and restless antagonism, resulting from unfulfilled emotional needs, have caused considerable stress.",1123
"Jenna fell in love, and had her heart broken, so we're all trying to deal with that.",0,1,0,1,0,1,1,0,0,"A person fell in love and had their heart broken, so we're all trying to deal with that.",1124
"I've been having serious problems with depression latly, I'm just so lonely.",0,1,0,1,0,0,1,0,0,I've been having serious problems with depression lately; I just feel very lonely.,1125
what happened to Michael today makes me angrier than I've been in a long time.,0,0,0,1,0,0,1,1,0,What happened to this person today makes me angrier than I've been in a long time.,1126
"To Grave dismay, my little fury dog Scout has become incredibly ill.",0,1,0,0,0,1,1,0,0,"To great dismay, my small furry dog Scout has become incredibly ill.",1127
"Growing up I had to watch my mother cry, beset by two problematic children and horrifying employment situations.",0,0,0,1,0,1,1,1,1,"Growing up I had to watch my parent cry, beset by two problematic children and difficult employment situations.",1128
"I have a ton of stress and I cant handle it, or anymore, right now.",0,1,1,1,0,0,0,0,1,I have a lot of stress and I can't handle it anymore right now.,1129
i feel like im being put in tough positions in a lot of ways and i just dont know how to handle it.,0,0,1,1,0,1,1,1,0,I feel like I am being put in tough positions in many ways and I just don’t know how to handle it.,1130
What happened To all the tear and screams I alreay went through Theres always More just waiting To crush me I'm feeling This idea Breaking,0,1,1,1,0,0,0,0,0,What happened to all the tears and screams I already went through? There's always more just waiting to crush me. I'm feeling this idea breaking.,1131
This whole thing has been making my life so stressful.,0,1,1,1,0,0,0,0,0,This whole situation has been causing a lot of stress in my life.,1132
"The thing is, war is a stressful situation that breaks people down to their most basic tendencies.",0,1,0,0,0,0,0,0,0,"The thing is, war is a stressful situation that breaks individuals down to their most basic tendencies.",1133
i feel like s h i t. it's kind of hard for me to even describe the way that i feel right now. at the risk of not being understood,0,1,0,1,0,0,0,0,1,I feel terrible. It's hard for me to even describe how I feel right now. At the risk of not being understood.,1134
"I suppose it is just a lot of stress, but over what?",0,1,0,1,0,0,1,0,0,"I suppose it is just a lot of stress, but over what?",1135
It's so fuckign stupid that my head is ready to explode just thinking about it.,0,1,1,1,0,0,0,0,0,It's so frustrating that my head feels like it's about to explode just thinking about it.,1136
It was so hurting when i found out that he was sad in this relationship.,0,0,0,1,0,1,1,0,0,It was very hurtful when I found out that they were sad in this relationship.,1137
paperwork and money and stuff seriously stress me out and make me want to barf..but its important..so yes. im officially scared.,1,0,1,0,0,0,0,1,0,Paperwork and money and stuff seriously stress me out and make me want to barf.. but it's important.. so yes. I’m officially scared.,1138
I get so nervous in those types of situations I don't even work on my audition,0,1,0,1,0,0,0,1,0,I get so nervous in those types of situations that I don't even work on my audition.,1139
I feel so lonely and scared.,0,0,0,1,0,0,1,0,1,I feel very lonely and scared.,1140
I have been going through a huge emotional issue lately and I cant control it.,0,0,0,1,0,0,0,0,0,I have been experiencing a significant emotional challenge lately and am finding it difficult to manage.,1141
I'm really stressed and overwhelmed.,0,1,1,1,0,0,0,1,0,I'm really stressed and overwhelmed.,1142
"My dad tried to talk to me about what happened in my last post, but it just made me more depressed, even though it was nice that he cared.",0,1,0,1,0,1,0,0,0,"A family member tried to talk to me about what happened in my last post, but it just made me more depressed, even though it was nice that they cared.",1143
Phil today they had a messed up couple getting a divorce.,0,1,0,0,0,1,0,0,0,Phil today they had a couple going through a difficult divorce.,1144
"Um, I know his mother died and his uncle and aunt don't really want him.",0,0,0,1,0,1,1,0,1,I know their parent passed away and their relatives don't really want them.,1145
Which is the one that means they lack a conscience and are severely emotionally stilted?,0,1,1,0,0,0,1,0,0,Which one means a person lacks a conscience and is severely emotionally stilted?,1146
The way things are you are under considerable stress and you feel that there is little hope of matters righting themselves.,0,1,1,1,0,0,0,0,0,"The way things are, there is considerable stress and a feeling that there is little hope of matters righting themselves.",1147
Well I am all alone and sad and depressed but I feel it even more right now.,0,0,0,1,0,0,0,0,1,"I am feeling alone, sad, and depressed, and I feel it even more right now.",1148
I don't know what to expect with the next coming months.,0,1,1,1,0,0,0,0,0,I don't know what to expect in the coming months.,1149
"I was lonely, and depressed.",0,1,0,1,0,0,0,0,0,I felt lonely and depressed.,1150
i wish there was something i could do besides birth control but this is getting rediculous so ill probobly inquire with the parental unit.,0,1,0,0,0,0,0,0,1,"I wish there was something I could do besides birth control, but this is getting ridiculous, so I'll probably inquire with the parent.",1151
You can get very upset when you are frustrated.,0,1,0,1,0,0,1,0,0,A person can get very upset when they are frustrated.,1152
"I hate my job, I don't have time to date, I don't have time to exercise, and when I do I'm way too tired from work.",0,0,0,0,0,0,1,1,0,"I dislike my job, I don't have time to date, I don't have time to exercise, and when I do, I'm too tired from work.",1153
probablly from being so stressed out lately.,0,1,0,1,0,0,0,0,1,Probably from experiencing a lot of stress lately.,1154
"Your Actual Problem Anxiety and restless dissatisfaction, either with circumstances or with unfulfilled emotional requirements, have produced tension and stress.",0,0,1,1,0,0,0,0,1,"Your Actual Problem Anxiety and restless dissatisfaction, either with circumstances or with unfulfilled emotional needs, have produced tension and stress.",1155
"I'm trying really hard though, to find my place, to find my stance on this matter.",0,1,1,1,0,0,0,0,0,"I'm trying really hard, though, to find my place and my stance on this matter.",1156
we went to robins long lost grandparents house and we cryed cause it was so sad. and,0,0,0,1,0,1,1,0,0,We went to Robin's long-lost grandparents' house and cried because it was so sad.,1157
I'm always scared of forgetting something.,0,1,1,0,0,0,0,0,0,I am always scared of forgetting something.,1158
"i want to be pursued by God, i dont know how to be his bride, i have a hard time understanding that one, without it seeming weird.",0,1,0,0,0,0,0,0,0,"I want to be pursued by a higher power, but I don't know how to be in that kind of relationship, and I have a hard time understanding it without it seeming strange.",1159
You are experiencing extreme emotional disappointment because it would seem that a particular relationship is no longer running smoothly.,0,0,0,1,0,1,1,0,0,You are experiencing extreme emotional disappointment because it seems that a particular relationship is no longer running smoothly.,1160
I was told I have a major attitude problem and that my life is full of drama by someone who doesn't even really know me.,0,1,0,1,0,0,1,0,0,I was told I have a major attitude problem and that my life is full of drama by someone who doesn't even really know me.,1161
I have major problems and I need to figure out how to deal with them.,0,1,1,1,0,0,0,0,0,I have major problems and need to figure out how to deal with them.,1162
i'm sick of being worried about it all the time.,0,1,0,1,0,0,0,0,1,I'm tired of feeling worried about it all the time.,1163
"It hurts my feelings a great deal, but I am not allowed to express that.",0,0,0,1,0,0,0,0,0,"It hurts my feelings a great deal, but I am not allowed to express that.",1164
"ended up writing this ""woe is me"" story about how stress is taking hold of my mental stability.",0,1,0,1,0,0,0,0,0,"Ended up writing this ""woe is me"" story about how stress is affecting my mental stability.",1165
I know I haven't been sleeping very well this past week.,0,1,0,1,0,0,0,0,1,I know I haven't been sleeping very well this past week.,1166
"When you cry at watching Ladder 49 because she loses the love of her life, imagine if that acutally happened to you.",0,1,0,1,0,1,0,0,0,"When you cry watching Ladder 49 because a character loses their significant other, imagine if that actually happened to you.",1167
"i can't stand living here.if something happends it gets pinned on me,like its my fault or like i have the answers to the fuckin problems.",0,0,1,1,0,1,1,0,0,"I can't stand living here. If something happens, it gets pinned on me, like it's my fault or like I have the answers to the problems.",1168
oh one more thing.. Brandon's dog is dying and i feel like an ass because i couldn't be there for him.,0,0,0,1,0,0,1,0,0,"Oh, one more thing... my partner's dog is dying and I feel bad because I couldn't be there for them.",1169
i dunno i guess i am just too emotional about certain things.,0,0,0,1,0,0,1,0,0,I guess I am just too emotional about certain things.,1170
"Those people, I guarentee, made a huge mistake.",0,1,0,0,0,0,1,0,0,"Those individuals, I guarantee, made a huge mistake.",1171
"I feel so angry, can you take it?",0,0,0,1,0,0,1,0,0,"I feel very angry, can you handle it?",1172
"LOL When she passed my grandpa was very depressed and I think that made his alzheimer's ""come on"".",0,0,0,1,0,1,0,0,1,"LOL When they passed, my grandparent was very depressed and I think that made their Alzheimer's ""come on.""",1173
All you people who have problems I can't solve everything!!!,0,1,1,1,0,0,1,0,0,"All of you who have problems, I can't solve everything!!!",1174
"Now all of a sudden, they're getting a divorce.",1,0,0,0,0,1,1,0,0,"Now all of a sudden, they are ending their relationship.",1175
"my mom and my brother constantly fight, over the stupidest things.",0,0,0,1,0,1,0,0,0,My family members constantly fight over the stupidest things.,1176
i'm just really upset right now and i hope it will get better.,0,0,0,1,0,0,1,0,0,I am just really upset right now and hope it will get better.,1177
Our Dog Passed away after 12 years.,0,1,0,1,0,1,0,0,0,Our dog passed away after many years.,1178
"It just confused me more, and my head is now going to proceed to explode.",0,1,1,1,0,0,1,0,1,"It just confused me more, and my head feels like it is going to explode.",1179
"it is getting on my nerves, i think i am stressing way to much over it but i cant really figure out how to stop.",0,0,0,1,0,0,0,0,0,"It is getting on my nerves; I think I am stressing way too much over it, but I can't really figure out how to stop.",1180
I am trying to chalk it up to stress and maybe pms.,0,1,1,1,0,1,0,0,1,I am trying to chalk it up to stress and maybe hormonal changes.,1181
I've had too much heartbreak.,0,0,0,1,0,0,1,0,0,I've experienced too much heartbreak.,1182
my older brother and his wife are getting divorced and i feel really bad for them. him i mean.,0,0,0,0,0,1,1,0,0,"My older sibling and their partner are getting divorced and I feel really bad for them. Them, I mean.",1183
ON TOP of all this emotional stress that been hiding inside of me ive been dealing with MAJOR stress about the play.,0,1,0,1,0,0,0,1,0,"On top of all this emotional stress that I've been hiding inside of me, I've been dealing with major stress about the play.",1184
" I was super tired and just didn't feel like being sociable, which you absolutely have to be at my job.",0,1,0,0,0,0,1,1,0,"I was very tired and just didn't feel like being sociable, which is something you absolutely have to do at my job.",1185
With all the freaking drama it is like i cannot do anything without it affecting everyone else.,0,0,0,1,0,1,1,0,0,"With all the constant drama, it feels like I cannot do anything without it affecting others.",1186
"I'm trying to fight it, to overcome it, to accept head on the events on the horizon.",0,0,1,1,0,0,0,0,0,"I’m trying to fight it, to overcome it, to accept head on the events on the horizon.",1187
"Today I quit the charity job because I hated it, I get really stressed out because when I don't sign people up I get pissed off.",1,0,0,0,0,0,0,1,0,"Today I quit the charity job because I disliked it; I get really stressed out when I don't sign people up, which makes me upset.",1188
"So, he and I have to have a talk about calling me and being like ""Something came up talk to you ASAP"" Ok?",0,1,0,0,0,0,1,0,0,"So, my partner and I have to have a talk about calling me and saying ""Something came up, talk to you ASAP,"" okay?",1189
"So, why do I find myself filled with guilt? I'm striving to be a better person, I don't want to be an asshole anymore.",0,0,0,1,0,0,1,0,0,"So, why do I find myself filled with guilt? I'm striving to be a better person, I don't want to be a bad person anymore.",1190
"With my mind going crazy and with me missing so much work, it's going to be so hard for me to catch up.",0,0,0,1,0,0,0,1,0,"With my mind going crazy and missing so much work, it’s going to be very hard to catch up.",1191
"i haven't been happy with us, and its only just been the past week.",0,0,0,1,0,0,1,0,0,"I haven't been happy with us, and it's only been the past week.",1192
so my life has been so stressful lately.,0,1,0,1,0,0,0,0,1,Life has been very stressful lately.,1193
I'm am having much stress.,0,1,1,1,0,0,0,0,0,I am experiencing a lot of stress.,1194
"Yeah, I haven't been sleeping well and that could be part of all the weird feelings this past week.",0,1,0,1,0,0,0,0,1,I haven't been sleeping well and that could be part of all the weird feelings this past week.,1195
"my dad is in jail, and i have a lot of complication with some friends.",0,0,0,0,0,1,1,0,0,"A parent is in jail, and I have a lot of complications with some friends.",1196
I just have a lot of stresses in my life right now.,0,1,1,1,0,0,0,1,0,I have a lot of stress in my life right now.,1197
I don't know what to do for the remaining hours of today.,0,1,1,0,0,0,0,0,0,I don't know what to do for the remaining hours of today.,1198
some times it seems like it is breaking because i'm worrying all the time.,0,0,0,1,0,0,0,0,1,Sometimes it feels like it is breaking because of constant worrying.,1199
I think its just so much stress and like AHHH that im going crazy.,0,1,1,1,0,0,1,0,0,I think it's just so much stress and like AHHH that I'm going crazy.,1200
i really need to make more money.,1,0,0,0,0,0,0,1,0,I really need to make more money.,1201
"I need to be here so I can work, I need money hard core.",1,1,0,0,0,0,0,1,0,"I need to be here so I can work, I need money urgently.",1202
"Hence, we are pretty much financially broke.",1,0,0,0,0,0,0,0,0,"Hence, we are currently experiencing financial difficulties.",1203
"Wait, I don't have any money so scratch that idea.",1,1,0,0,0,0,0,0,0,"Wait, I don't have any money so scratch that idea.",1204
I'm sad I won't be able to run with Anna the next two weeks.,0,1,0,1,0,0,1,0,1,I'm sad I won't be able to run with my partner the next two weeks.,1205
"I feel my life slipping away a day at a time, utterly wasted because of the mismanagement of my employers.",0,1,0,1,0,0,0,1,0,"I feel my life slipping away a day at a time, utterly wasted because of the mismanagement of my workplace.",1206
I still don't have as much money as I would like.,1,1,1,0,0,0,0,0,0,I still don't have as much money as desired.,1207
it's always frustrating when people who make more money than you talk about how poor they are.,1,0,0,1,0,0,1,0,0,It's always frustrating when people who earn more than you talk about how poor they are.,1208
Money is being tight and it's worrying me more than I care to admit.,1,0,0,0,0,0,0,0,0,"Money is tight, and it is causing more worry than I care to admit.",1209
I'm starting to feel really on edge since I have no income and I'm spending a lot of money.,1,0,0,1,0,0,0,0,0,I'm starting to feel really on edge since I have no income and I'm spending a lot of money.,1210
It's a shame that I don't manage my money very well.,1,1,0,0,0,0,0,0,0,It's unfortunate that I don't manage my money very well.,1211
Just what i need is to owe more money.,1,1,0,0,0,0,0,0,0,Just what I need is to owe more money.,1212
"I'm tight on money, so I can't afford to really go out and buy any material.",1,0,0,0,0,0,0,0,0,"I have limited funds, so I can't afford to go out and buy any material.",1213
I've been doing TERRIBLE at managing my money lately.,1,0,1,0,0,0,0,0,0,I've been doing TERRIBLE at managing money lately.,1214
"I really need to find someway to make some money, which means applying for jobs.",1,0,0,0,0,0,0,1,0,"I really need to find a way to make some money, which means applying for jobs.",1215
"Of course, on a related note, I'm starting to be concerned about my money.",1,0,0,0,0,0,0,0,0,"Of course, on a related note, I'm starting to be concerned about my finances.",1216
"I am sad, because my paid account expired, and I no longer have access to my friendsfriends page.",1,1,1,0,0,0,1,0,0,"I am sad because my paid account expired, and I no longer have access to the friends page.",1217
Which really sucks cause I have no money.,1,1,0,0,0,0,0,0,0,Which is really unfortunate because I have no money.,1218
"I need a job very badly, I am going to run out of money very soon.",1,1,0,0,0,0,0,1,0,I need a job very badly; I am going to run out of money very soon.,1219
"My financial situation is stressing me out so much, basically in that it doesn't exist.",1,0,0,1,0,0,0,0,0,"My financial situation is causing a lot of stress, basically because it is nonexistent.",1220
"It's pretty scary.. ok there's abit of money coming in from here and there, but compared to what papa's been getting, I think we're gonna have to cut back alot.",1,0,0,0,0,1,0,0,0,"It's pretty scary.. ok there's a bit of money coming in from here and there, but compared to what the main provider has been getting, I think we're going to have to cut back a lot.",1221
I'm now not going to have a car for about a week so that sucks.,0,1,0,0,0,0,0,0,0,"I will not have access to a car for about a week, so that is inconvenient.",1222
"Because of this, we've been very poor.",1,0,0,0,0,0,1,0,0,"Because of this, we have faced significant financial difficulties.",1223
"Lately, work has made me so tired that I don't even have time to get undressed..",0,0,0,0,0,0,0,1,1,"Lately, work has made me so tired that I don't even have time to change clothes.",1224
Ulta isn't making enough money so they are cutting back on hours majorly.,1,0,0,0,0,0,0,1,0,"Ulta isn't making enough money, so they are significantly reducing hours.",1225
i need someway to get more money.,1,0,0,0,0,0,0,1,0,I need a way to get more money.,1226
I couldn't really afford proper meals all the time and they take a lot of time to make and here's a lot of waste when cooking for one.,1,1,0,1,0,0,1,0,1,"I couldn't always afford proper meals, and they take a lot of time to make, with a lot of waste when cooking for one.",1227
I have waaay too many bills to pay and not nearly enough money to cover them.,1,0,0,0,0,0,0,0,0,I have way too many bills to pay and not nearly enough money to cover them.,1228
Now i HAVE to get a job asap to help with my payments.,1,1,0,0,0,0,0,1,0,Now I need to get a job as soon as possible to help with my payments.,1229
"I'm really not liking my job, I'm extremely in debt.",1,0,0,1,0,0,0,1,0,"I'm really not liking my job, and I'm experiencing significant financial difficulties.",1230
"Problem is, it's Christmas season, and I have to withdraw some money for presents.",1,1,0,0,0,1,0,0,0,"The problem is, it's the holiday season, and I have to withdraw some money for presents.",1231
I so don't get paid enough.,1,1,0,0,0,0,0,1,0,I definitely don't get paid enough.,1232
"On their lives, they could not count enough cash to pay the bill.",1,1,0,0,0,0,0,0,0,They could not count enough cash to pay the bill.,1233
"Financially, things are VERY tight.",1,0,1,0,0,0,0,0,0,"Financially, things are very tight.",1234
I also had no money so i couldn't really buy much. here,1,0,0,0,0,0,0,0,0,"I also had limited funds, so I couldn't really buy much.",1235
It pretty much sucks because I need money to pay my bills.,1,1,0,0,0,0,0,1,0,It is difficult because money is needed to pay the bills.,1236
third i scared her boyfriend so he refuses to let me move in with them.,0,0,0,0,0,0,1,0,0,"Third, I scared their partner, so they refuse to let me move in with them.",1237
"This morning started on a bad note, as my clock is wacko and made me and my family late for church.",0,1,1,0,0,1,0,0,0,"This morning started on a bad note, as my clock malfunctioned and caused me and my family to be late for their place of worship.",1238
"still his mother worried, for him to face this day alone.",0,1,1,0,0,1,0,0,0,Still their parent worried for them to face this day alone.,1239
wow my mom is already pissing me off and i just got home.,0,0,0,1,0,1,0,0,0,"Wow, my parent is already upsetting me and I just got home.",1240
sometimes i feel so trapped in my parents' problems that i can't escape them.,0,0,0,1,0,1,1,0,0,Sometimes I feel so trapped in my family’s problems that I can't escape them.,1241
"sadly, i will not be there for him, and its sad because oout of all his friends.",0,0,0,1,0,0,1,0,0,"Sadly, I will not be there for them, and it's sad because out of all their friends.",1242
I can't talk to my parents about my deep feelings.,0,0,0,1,0,1,0,0,0,I can't talk to my family about my deep feelings.,1243
Today my little brother got into a fight.,0,0,0,0,0,1,0,0,0,Today my younger sibling got into a fight.,1244
"Even, both of my grandparents are so worried about me have been calling me almost everyday to check whether I'm feeling better and stuff. """,0,1,0,0,0,1,0,0,1,"Even, both of my grandparents have been very worried about me and have been calling me almost every day to check whether I'm feeling better and such.",1245
idk i hate to say anything because his moms always on his case about it and it really gets him down.,0,1,0,1,0,1,1,0,0,I hate to say anything because their parent is always on their case about it and it really gets them down.,1246
My dad's been getting all insecure about it.,0,0,0,0,0,1,0,0,0,My parent has been getting all insecure about it.,1247
My maternal grandmother was diagnosed with a particularly aggressive and fast moving form of ovarian cancer when it was in a fairly advanced stage of development.,0,0,0,1,0,1,0,0,1,A close family member was diagnosed with a particularly aggressive and fast-moving form of ovarian cancer when it was in a fairly advanced stage of development.,1248
My mom thinks Ellie isn't ready and I can't judge for myself in this situation.,0,0,1,1,0,1,1,0,0,My parent thinks Ellie isn't ready and I can't judge for myself in this situation.,1249
"So, it starts out that I'm cranky, because I had a bad weekend, and I just didn't want to go to school.",0,1,0,1,1,0,0,0,0,"So, it starts out that I'm cranky because I had a bad weekend and just didn't want to go to school.",1250
"i was so frustrated.then after my cousin, aunt, and casey left me and mom got into a fight.. she was yelling.. cause i blamed ashlie on her.",0,0,0,1,0,1,0,0,0,"I was so frustrated. Then after my cousin, aunt, and Casey left, my parent and I got into a fight. They were yelling because I blamed Ashlie on them.",1251
I often feel bad when it comes to my friends back home.,0,0,0,0,0,0,1,0,0,I often feel bad when it comes to my friends back home.,1252
I'm having a very stressful conversation with my Mom here.,0,0,0,1,0,1,0,0,0,I'm having a very stressful conversation with my parent here.,1253
Mom was diagnosed with stage 3C ovarian cancer.,0,1,0,0,0,1,0,0,1,A parent was diagnosed with stage 3C ovarian cancer.,1254
"Great, M caused a fight between brothers.",0,0,0,0,0,1,1,0,0,"Great, M caused a fight between siblings.",1255
My mom gets so stressy and bitchy during the holidays and then she takes it all out on me and yells at me.,0,0,0,0,0,1,1,0,0,My parent gets very stressed and irritable during the holidays and then takes it all out on me by yelling.,1256
So I definately got in a fight with my Dad.,0,0,0,0,0,1,0,0,0,So I definitely got in a fight with my parent.,1257
"This is a huge burden, and my mom feels bad.",0,0,0,1,0,1,0,0,0,"This is a huge burden, and my parent feels bad.",1258
Tonks's family is disgusted by her marriage.,0,1,0,0,0,1,0,0,0,Tonks's family is disgusted by their marriage.,1259
"im sad and nervous and EXTREMELY MAD i mean, shes always doing something to put my parents through hell.",0,0,0,1,0,1,1,0,0,"I'm sad and nervous and EXTREMELY MAD. I mean, they’re always doing something to put my parents through hell.",1260
My host there had a family emergency to deal with.,0,1,0,0,0,1,1,0,1,My host there had a family emergency to deal with.,1261
In bad news my sister has tested positive for ovarian cancer..my family is devastated.,0,0,0,1,0,1,0,0,1,"In bad news, a family member has tested positive for ovarian cancer. The family is devastated.",1262
"I am exhausted from long, tedious, emotional, gut wrenching conversation I had with my parents.",0,0,0,1,0,1,0,0,0,"I am exhausted from a long, tedious, emotional, gut-wrenching conversation I had with my family.",1263
My mom was upset that he didn't do bloodwork to figure out my fatigue problem.,0,0,0,0,0,1,0,0,1,My parent was upset that they didn't do bloodwork to figure out my fatigue problem.,1264
My grandma however is currently panicing because she can't seem to contact any of her family down there.,0,0,0,1,0,1,0,0,0,"My grandparent, however, is currently panicking because they can't seem to contact any of their family there.",1265
my parents make my life very complicated sometimes.,0,0,0,0,0,1,0,0,0,My family makes my life very complicated sometimes.,1266
My daughter is suffering badly from the relationship my mother created between that old man and my child.,0,0,0,1,0,1,0,0,0,My child is suffering badly from the relationship my parent created between that older individual and my child.,1267
Bills were late and I couldn't aford a babysitter for her.,1,0,1,0,0,1,0,1,0,Bills were late and I couldn't afford a babysitter for my partner.,1268
Amanda's poor sister in her belly is bothering her.,0,1,0,0,0,1,1,0,1,Amanda's sibling is experiencing discomfort in their abdomen.,1269
Aunt Cheryl and Pop's passing have been tough on me.,0,0,0,1,0,1,0,0,1,The passing of close family members has been tough on me.,1270
"since my mom and I got in that big fight, i couldn't",0,0,0,0,0,1,0,0,0,"Since my parent and I got in that big fight, I couldn't",1271
My mother is driving me crazy.,0,0,0,0,0,1,1,0,0,My parent is driving me crazy.,1272
"There's a huge lack of supervision between either the parents of the children or the providers there.""",0,1,0,0,1,1,1,0,0,There is a significant lack of supervision between either the guardians of the children or the providers present.,1273
I hate knowing how much my mom is hurting.,0,0,0,1,0,1,0,0,0,I hate knowing how much my parent is hurting.,1274
Kids dont' get to know their parents and parents dont get to know their kids.,0,1,0,1,0,1,0,0,0,"Children do not get to know their parents, and parents do not get to know their children.",1275
I think he was traumatized by his mom to always have something to do and not sit idly doing nothing.,0,0,0,1,0,1,1,0,0,I think they were traumatized by their parent to always have something to do and not sit idly doing nothing.,1276
frustrated with my family a lot lately.,0,0,0,1,0,1,0,0,0,frustrated with my family a lot lately.,1277
come dinner i was really hungry cuz i didnt eat any lunch.,0,1,0,1,0,0,0,0,1,"By dinner time, I was really hungry because I hadn't eaten any lunch.",1278
"Not really, not to speak of, but just upset that I can't eat and work on my page at the same time.",0,1,0,1,1,0,1,1,0,"Not really, not to mention, just upset that I can't eat and work on my page at the same time.",1279
Not too sure whats for dinner tonight.,1,1,0,0,0,0,0,0,0,Not too sure what's for dinner tonight.,1280
We have a lot of work to do at this point and we're getting started right now!!!,0,1,0,0,0,0,0,1,0,There is a lot of work to do at this point and it is starting right now!!!,1281
Im getting to the point where Im constantly stressed out about it.,0,1,1,1,0,0,0,0,0,I am reaching the point where I am constantly stressed about it.,1282
"That's two weeks ago now, and I'm fed up with waiting.",0,1,0,0,0,0,0,0,0,"That was two weeks ago now, and I am fed up with waiting.",1283
"You abhor routine and boring work, and you are not very good at staying with everyday tasks that must be finished on time.",0,1,1,0,0,0,1,1,0,"You dislike routine and monotonous work, and you find it challenging to consistently complete everyday tasks on time.",1284
"I have a lot of work ahead of me, it's making me tired just thinking about it.",0,0,0,0,0,0,0,1,1,"I have a lot of work ahead, and it's tiring just thinking about it.",1285
"I think I might order pizza, I can't face cooking pasta again today.",0,1,1,0,0,0,0,0,0,I think I might order pizza; I can't face cooking pasta again today.,1286
i'm so pissed that i can't drive my car for awhile now.,0,1,0,0,0,1,0,0,0,I'm so frustrated that I can't drive my car for a while now.,1287
"Too much stuff to do, to take care of, and never enough time in which to do it all.",0,1,1,1,0,0,0,0,0,Too many tasks to handle and never enough time to complete them all.,1288
I'm so sick of this house and having to deal with my parents all the time.,0,0,0,1,0,1,0,0,0,I'm so tired of this house and having to deal with my family all the time.,1289
i am cutting myself off until tomorrow.,0,1,1,1,0,0,1,0,1,I am cutting myself off until tomorrow.,1290
I am dreading the call on Monday on whether or not they are going to total it.,1,1,1,0,0,0,0,1,0,I am dreading the call on Monday about whether or not it is going to be totaled.,1291
I work so much and when i don't work I have to do stuff at my house. I haven't done anything in awhile.,0,0,1,1,0,0,0,1,0,"I work a lot, and when I’m not working, I have to take care of things at home. I haven’t done much in a while.",1292
I'm hungry and there's NOTHING to eat in this house.,1,1,0,0,0,1,0,0,1,I'm hungry and there's nothing to eat in this house.,1293
"I have class in about an hour, therefore after I get ready I am going over to Starbucks to read before, because I'm dumb and I didn't read yet.",0,1,0,0,1,0,0,0,0,"I have class in about an hour, so after I get ready I am going to Starbucks to read beforehand, because I haven't read yet.",1294
"As if I don't have enough stress ahead of me with the start of school, I have to constantly worry about employment.",0,0,0,0,1,0,0,1,0,"As if I don't have enough stress ahead with the start of school, I have to constantly worry about employment.",1295
i still don't know what to prepare my parents for dinner!!,0,1,1,0,0,1,0,0,0,I still don't know what to prepare for my family for dinner!,1296
"Sorry im ranting, ive been cleaning my room and digging up my past, which sucks, and ive just been reminded of a whole lot that i didnt want to remember..",0,1,0,1,0,0,0,0,0,"Sorry I'm ranting, I've been cleaning my room and reflecting on my past, which is difficult, and I've just been reminded of a lot that I didn't want to remember.",1297
I still don't know what I want to do with my life and it's worrying me.,0,1,1,1,0,0,0,1,0,I still don't know what I want to do with my life and it's worrying me.,1298
 i have a lot of stuff that i've been worrying about lately and i cant make myself stop.,0,1,1,1,0,0,0,0,1,I have a lot of things that I've been worrying about lately and I can't make myself stop.,1299
I'm hoping I can get over this ASAP so I can at least start out the semester well.,0,1,0,0,1,0,0,0,0,I hope to get over this as soon as possible so I can at least start the semester well.,1300
School is quite literally making me sick.,0,0,0,1,1,0,0,0,1,School is literally making me sick.,1301
"I'm leaning over to the don't finish school, but I have some small hopes of finishing, passing.",0,0,0,1,1,0,0,0,0,"I'm leaning toward not finishing school, but I have some small hopes of completing and passing.",1302
He'll start the essay at the weekend.,0,1,0,0,1,0,0,0,0,They'll start the essay at the weekend.,1303
School has been so stressful lately.,0,0,1,1,1,0,0,0,0,School has been very stressful lately.,1304
i have a test today that i haven't really studied for.,0,1,1,0,1,0,0,0,0,I have a test today that I haven't really studied for.,1305
I'm not happy with what I'm doing with school.,0,0,0,0,1,0,0,0,0,I’m not happy with what I’m doing with school.,1306
"I need that class, because I need to work on my college portfolio.",0,1,0,0,1,0,0,0,0,I need that class because I need to work on my college portfolio.,1307
i think im just stressed and sick of school.,0,0,0,1,1,0,0,1,1,I think I’m just stressed and tired of school.,1308
I dunno something has been really getting on my nerves lately with school.,0,0,0,1,1,0,0,0,1,"I don't know, something has been really getting on my nerves lately with school.",1309
Arghh I've just been so stressed out lately. I know it's because of school.,0,0,0,0,1,0,0,0,1,Arghh I've just been so stressed out lately. I know it's because of school.,1310
school is SO boring!,0,1,0,0,1,0,0,0,0,School is very boring!,1311
"I've been thinking a lot about college and stuff, and I've just about decided I want to stay here for the first couple years in college.",0,1,0,0,1,0,0,0,0,I've been thinking a lot about college and have just about decided to stay here for the first couple of years.,1312
"This may not sound like much, but this is such a big feat for me, considering I'm usually too busy working on homework to have a chance to work out.",0,1,0,0,1,0,0,0,1,"This may not sound like much, but this is a significant achievement for me, considering I am usually too busy working on assignments to have a chance to exercise.",1313
My class drive me insane and people in it annoy me.,0,0,0,1,1,0,1,0,0,My class drives me insane and the people in it annoy me.,1314
"I'm not gonna be good at school, I don't really care to be good at school",0,1,0,1,1,0,0,0,0,I'm not going to do well in school; I don't really care about doing well in school.,1315
The whole college application process is once again stressing me out more than anything.,0,0,0,1,1,0,0,0,0,The entire college application process is once again causing me a lot of stress.,1316
got to get back to that paper I am writing for school.,0,1,0,0,1,0,0,0,0,I need to get back to the paper I am writing for school.,1317
My mom is REALLY annoying me.,0,0,0,1,0,1,0,0,0,My parent is REALLY annoying me.,1318
I'm depressed about my apartments and the fact that they seem to be trying to kick me out.,1,1,0,1,0,0,1,0,0,I'm feeling depressed about my apartments and the fact that it seems like they are trying to evict me.,1319
I spend my time complaining about how friends are unreliable and shitty.,0,0,0,1,0,0,1,0,0,I spend my time complaining about how friends are unreliable and unpleasant.,1320
"Couldn't even say friend, 'cause we barely ever spoke. I get the nosiness from my mom and",0,1,0,0,0,1,1,0,0,"Couldn't even say friend, because we barely ever spoke. I get the nosiness from my parent and",1321
He's lonely and feels like he has no friends cos his roommate is mad at him too.,0,1,0,0,0,0,1,0,0,They feel lonely and like they have no friends because their roommate is upset with them too.,1322
I feel that he can't tell me things about his girlfriend.,0,1,0,0,0,0,1,0,0,I feel that they can't tell me things about their partner.,1323
The disadvantage is that you will have to sell your house to pay for them.,1,1,0,0,0,0,0,0,0,The disadvantage is that the house may need to be sold to cover the costs.,1324
"Sometimes, I wonder why I'm so ready to rush into marriage.",0,1,0,1,0,1,1,0,0,"Sometimes, I wonder why I'm so ready to rush into a partnership.",1325
"other stuff thats going on right now, my sister is having bad relationship troubles, and im gutted for her.",0,0,1,1,0,1,1,0,0,"Other stuff that's going on right now, my sibling is having bad relationship troubles, and I'm gutted for them.",1326
"Lately I have been depressed, as my standard mood.",0,0,0,1,0,0,0,0,0,"Lately, I have been feeling depressed, as is my usual mood.",1327
I can feel that she's not happy with her situation and probably doesn't feel close to the friends she gets trashed with every night.,0,0,0,1,0,0,1,0,0,I can feel that they are not happy with their situation and probably do not feel close to the friends they get trashed with every night.,1328
The daily things that keep us all busy are confusing me.,0,1,1,1,0,0,0,0,0,The daily tasks that keep everyone busy are confusing me.,1329
Tom and I are having relationship problems.,0,0,0,1,0,1,1,0,0,My partner and I are having relationship problems.,1330
on top of it all im at work having to deal with bratty kids.,0,0,0,0,0,0,1,1,0,"On top of it all, I'm at work having to deal with difficult children.",1331
i cannot love anther man.,0,1,0,1,0,0,1,0,0,I cannot love another person.,1332
"she was crying the other day because it had been a month since our dog, Rocky, died.",0,1,0,1,0,1,0,0,0,"They were crying the other day because it had been a month since our dog, Rocky, died.",1333
"i have so much anxiety and stress, i mean, i've always had it, but its getting harder and harder to ignore.",0,1,0,1,0,0,0,0,1,"I have a lot of anxiety and stress; I have always experienced it, but it is becoming increasingly difficult to manage.",1334
I'm getting more and more frustrated with the things in my life that are causing me stress.,0,1,1,1,0,0,0,0,0,I am becoming increasingly frustrated with the things in my life that are causing me stress.,1335
I haven't been feeling well the past week but I think I'm over it for the most part.,0,1,0,1,0,0,0,0,1,I haven't been feeling well the past week but I think I'm mostly over it now.,1336
i know i'm not too happy right now and i'm wondering when this feeling of constantly being overwhelmed will go away.,0,0,0,1,0,0,0,0,1,I know I'm not feeling very happy right now and I'm wondering when this feeling of constantly being overwhelmed will go away.,1337
we just fight and he just hates me all the time for everything i do.,0,0,1,0,0,0,1,0,0,We just fight and they just hate me all the time for everything I do.,1338
now I'm feeling particularly depressed and lonely.,0,0,0,1,0,0,1,0,0,I am feeling particularly depressed and lonely now.,1339
i'm so tired of smoking with joe that i think i'd quit just to stop doing it with him.,0,1,1,0,0,0,1,0,1,I'm so tired of smoking with my partner that I think I'd quit just to stop doing it with them.,1340
"the worst part is, when i confront her about this..with legitimate concern she will most likely get defensive and it will turn into an argument.",0,1,0,1,0,1,1,0,0,"The worst part is, when I confront my partner about this with legitimate concern, they will most likely get defensive and it will turn into an argument.",1341
"I feel so left out, so alone, so not a part of any of this.",0,0,0,1,0,0,1,0,1,"I feel so left out, so alone, so not a part of any of this.",1342
"She's ""really scared for my well being"" and wants me to change my ways??????",0,0,1,1,0,1,1,0,0,"They are ""really scared for my well-being"" and want me to change my ways??????",1343
i have so much stress and what not right now its unremarkable.,0,1,1,1,0,0,0,0,0,I have a lot of stress and other things going on right now; it's unremarkable.,1344
2 new foster kittens abandoned by their own mother.,0,1,0,0,0,1,0,0,0,Two new foster kittens abandoned by their biological parent.,1345
You need help. I'm worried about you.,0,1,0,1,0,0,1,0,0,You need help. I am concerned about you.,1346
Because its not easy dealing with him when he is all stressed out about something.,0,1,0,1,0,0,1,0,0,Because it's not easy dealing with them when they are all stressed out about something.,1347
I just meant  what you did yesterday was crazy dangerous and it scared the hell out of me.,0,0,1,1,0,0,1,0,0,I just meant what was done yesterday was extremely dangerous and it scared me a lot.,1348
"If we are ever going to get out of this ridiculous situation, I need to be working.",1,0,0,0,0,0,0,1,0,"If we are ever going to get out of this difficult situation, I need to be working.",1349
has damaged so many levels of myself.,0,0,0,1,0,0,1,0,0,has damaged many aspects of myself.,1350
then those nights when i just cry and the days when family members die and young ppl die i just wonder why.,0,0,0,1,0,1,0,0,1,"Then those nights when I just cry and the days when loved ones pass away and young people pass away, I just wonder why.",1351
I'm scared I'm not going to be able to handle the required courseload since I've had so much trouble this semester.,0,0,0,0,1,0,0,0,1,I'm worried I won't be able to manage the required courseload since I've had a lot of difficulty this semester.,1352
"Now I'm grounded for two weeks which is so stupid, and I can't have the phone for this weekend.",0,1,1,0,0,1,0,0,0,"Now I'm grounded for two weeks, which is so frustrating, and I can't have the phone for this weekend.",1353
so now i am broke broke broke much?,1,1,1,0,0,0,0,0,0,So now I am completely broke?,1354
"I need to find a job, I have to make tons of money before I go away.",1,0,0,0,0,0,0,1,0,I need to find a job; I have to earn a lot of money before I leave.,1355
Sometimes these dining facilities are started because the chefs themselves become frustrated with not being able to find a comfortable restaurant with great food at a bargain price.,1,1,0,1,0,0,0,1,0,Sometimes these dining facilities are started because the chefs themselves become frustrated with not being able to find a comfortable restaurant with great food at an affordable price.,1356
I can't really afford one entire night of wasted work.,0,0,0,0,0,0,0,1,0,I can't really afford an entire night of wasted work.,1357
funny how have NO money whatsoever creates anger.,1,0,0,1,0,0,0,0,0,Funny how having no money whatsoever creates anger.,1358
Not my fault you can't afford to pay your bills.,1,1,0,0,0,0,0,0,0,Not my fault you are unable to pay your bills.,1359
"I had a very stressful day yesterday and I'm sick, so I said ""fuck it!"" and Becky is covering me.",0,0,1,1,0,0,0,1,1,"I had a very stressful day yesterday and I'm sick, so I said ""forget it!"" and my partner is covering me.",1360
"My mom, apparently, was really sick",0,0,0,0,0,1,0,0,1,"My parent, apparently, was really sick",1361
I'm becoming quite upset with being my fathers son of late.,0,0,0,0,0,1,0,0,0,I'm becoming quite upset with being my parent's child of late.,1362
My mom is freaking out about it and it's really pissing me off.,0,0,0,0,0,1,0,0,0,My parent is freaking out about it and it's really upsetting me.,1363
My mom didn't get either of the jobs she interviewed for and is pretty bummed.,0,0,0,1,0,1,0,1,0,My parent didn't get either of the jobs they interviewed for and is pretty bummed.,1364
I upset my mum too because she wants to help and all I do is get angry and then cry and then I think we both feel guilty.,0,0,0,1,0,1,0,0,0,I upset my parent too because they want to help and all I do is get angry and then cry and then I think we both feel guilty.,1365
yeah had some hard times. dealt with an alcoholic abusive father,0,0,0,1,0,1,0,0,1,"Yeah, had some hard times. Dealt with an abusive parent with alcohol issues.",1366
i'm under the impression that my family thinks i am completely miserable and i have no way of getting a hold of them.,0,0,0,1,0,1,1,0,0,"I'm under the impression that my family thinks I am completely miserable, and I have no way of getting a hold of them.",1367
my mom got sick and i needed to be here.,0,0,0,1,0,1,0,0,1,A family member got sick and I needed to be here.,1368
"I just haven't had time to, what with babysitting and Mom eBaying and life in general.",0,1,1,0,0,1,1,0,0,"I just haven't had time to, what with babysitting and family eBaying and life in general.",1369
